prod_id,libelle,categorie
10002,Inflatable Political Globe,divers
10080,Groovy Cactus Inflatable,divers
10125,Mini Funky Design Tapes,deco
10133,Colouring Pencils Brown Tube,papeterie
10135,Colouring Pencils Brown Tube,papeterie
11001,Asstd Design Racing Car Pen,deco
15034,Paper Pocket Traveling Fan,papeterie
15036,Assorted Colours Silk Fan,divers
15039,Sandalwood Fan,divers
16008,Small Folding Scissor(Pointed Edge),divers
16011,Animal Stickers,papeterie
16012,Food/Drink Sponge Stickers,papeterie
16014,Small Chinese Style Scissor,divers
16016,Large Chinese Style Scissor,divers
16045,Popart Wooden Pencils Asst,papeterie
16046,Teatime Pen Case & Pens,papeterie
16048,Teatime Round Pencil Sharpener,papeterie
16052,Teatime Push Down Rubber,divers
16054,Popart Rect Pencil Sharpener Asst,papeterie
16216,Letter Shape Pencil Sharpener,papeterie
16218,Cartoon  Pencil Sharpeners,papeterie
16219,House Shape Pencil Sharpener,papeterie
16225,Rattle Snake Eggs,cuisine
16235,Recycled Pencil With Rabbit Eraser,papeterie
16236,Kitty Pencil Erasers,papeterie
16237,Sleeping Cat Erasers,divers
16238,Party Time Pencil Erasers,papeterie
16259,Piece Of Camo Stationery Set,divers
17003,Brocade Ring Purse,sac
17021,Namaste Swagat Incense,divers
17038,Porcelain Budah Incense Holder,deco
17174,Asstd Rasta Key-Chains,divers
18007,Essential Balm 3.5G Tin In Envelope,papeterie
20615,Blue Polkadot Passport Cover,divers
20617,First Class Passport Cover,divers
20619,Tropical Passport Cover,divers
20622,Vippassport Cover,divers
20652,Blue Polkadot Luggage Tag,divers
20653,Cherry Blossom Luggage Tag,divers
20654,First Class Luggage Tag,divers
20655,Queen Of Skies Luggage Tag,divers
20658,Red Retrospot Luggage Tag,divers
20659,Economy Luggage Tag,divers
20662,First Class Holiday Purse,sac
20665,Red Retrospot Purse,sac
20668,Disco Ball Christmas Decoration,deco
20669,Red Heart Luggage Tag,deco
20671,Blue Teatime Print Bowl,cuisine
20674,Green Polkadot Bowl,cuisine
20675,Blue Polkadot Bowl,cuisine
20676,Red Retrospot Bowl,cuisine
20677,Pink Polkadot Bowl,cuisine
20678,Large Black Diamante Hairslide,bijou
20679,Edwardian Parasol Red,jardin
20681,Pink Polkadot Childrens Umbrella,jardin
20682,Red Retrospot Childrens Umbrella,jardin
20684,Strawberry Dream Childs Umbrella,jardin
20685,Doormat Red Retrospot,deco
20686,Dolly Mixture Children'S Umbrella,jouet
20694,Floral Pink Monster,jouet
20696,Floral Soft Car Toy,jouet
20699,Mousey Long Legs Soft Toy,jouet
20702,Pink Padded Mobile,divers
20704,Mr Robot Soft Toy,jouet
20705,Mrs Robot Soft Toy,jouet
20707,Crazy Daisy Heart Decoration,jardin
20711,Jumbo Bag Toys,sac
20712,Jumbo Bag Woodland Animals,sac
20713,Jumbo Bag Owls,sac
20716,Party Food Shopper Bag,sac
20717,Strawberry Shopper Bag,sac
20718,Red Retrospot Shopper Bag,sac
20719,Woodland Charlotte Bag,sac
20723,Strawberry Charlotte Bag,sac
20724,Red Retrospot Charlotte Bag,sac
20725,Lunch Bag Red Retrospot,sac
20726,Lunch Bag Woodland,sac
20727,Lunch Bag  Black Skull.,sac
20728,Lunch Bag Cars Blue,sac
20731,Posy Candy Bag,sac
20733,Gold Mini Tape Measure,divers
20735,Black Mini Tape Measure,divers
20748,Kensington Coffee Set,cuisine
20749,Assorted Colour Mini Cases,divers
20750,Red Retrospot Mini Cases,divers
20751,Funky Washing Up Gloves Assorted,divers
20752,Blue Polkadot Washing Up Gloves,divers
20754,Retrospot Red Washing Up Gloves,divers
20755,Blue Paisley Pocket Book,divers
20756,Green Fern Pocket Book,divers
20757,Red Daisy Pocket Book,jardin
20758,Abstract Circles Pocket Book,divers
20760,Garden Path Pocket Book,jardin
20761,Blue Paisley Sketchbook,divers
20762,Green Fern Sketchbook,divers
20763,Daisy Sketchbook,jardin
20764,Abstract Circles Sketchbook,divers
20765,Chrysanthemum Sketchbook,divers
20766,Garden Path Sketchbook,jardin
20767,Blue Paisley Journal,papeterie
20768,Green Fern Journal,papeterie
20769,Daisy Journal,papeterie
20770,Abstract Circle Journal,papeterie
20771,Chrysanthemum  Journal,papeterie
20772,Garden Path Journal,papeterie
20773,Blue Paisley Notebook,papeterie
20774,Green Fern Notebook,papeterie
20775,Daisy Notebook,papeterie
20777,Chrysanthemum Notebook,papeterie
20780,Black Ear Muff Headphones,divers
20781,Gold Ear Muff Headphones,divers
20782,Camouflage Ear Muff Headphones,divers
20794,Blue  Tile Hook,deco
20795,Large Blue Provencal Ceramic Ball,divers
20796,Small Blue Provencal Ceramic Ball,divers
20798,Clear Milkshake Glass,cuisine
20801,Large Pink Glass Sundae Dish,cuisine
20802,Small Glass Sundae Dish Clear,cuisine
20803,Small Pink Glass Sundae Dish,cuisine
20819,Silver Teddy Bear,jouet
20828,Glitter Butterfly Clips,bijou
20829,Glitter Hanging Butterfly String,bijou
20830,Silver Photo Frame,deco
20831,Gold Photo Frame,deco
20832,Red Flock Love Heart Photo Frame,deco
20836,French Paisley Cushion Cover,deco
20837,French Floral Cushion Cover,deco
20838,French Lattice Cushion Cover,deco
20839,French Paisley Cushion Cover,deco
20840,French Floral Cushion Cover,deco
20845,Zinc Heart Lattice 2 Wall Planter,jardin
20846,Zinc Heart Lattice T-Light Holder,deco
20847,Zinc Heart Lattice Charger Large,deco
20848,Zinc Heart Lattice Charger Small,deco
20851,Zinc Heart Lattice Tray Oval,deco
20854,Blue Patch Purse Pink Heart,sac
20856,Denim Patch Purse Pink Butterfly,sac
20866,Blue Rose Fabric Mirror,jardin
20867,Pink Rose Fabric Mirror,jardin
20868,Silver Fabric Mirror,deco
20869,Gold Fabric Mirror,deco
20886,Box Of 9 Pebble Candles,deco
20893,Hanging Bauble T-Light Holder Small,deco
20901,Vintage Keepsake Box Pink Flower,jardin
20902,Vintage Keepsake Box Paris Days,deco
20914,Set/5 Red Retrospot Lid Glass Bowls,cuisine
20931,Blue Pot Plant Candle,jardin
20934,Set/3 Pot Plant Candles,jardin
20935,Round Cactus Candle,deco
20936,Forked Cactus Candle,deco
20956,Porcelain T-Light Holders Assorted,deco
20961,Strawberry Bath Sponge,divers
20963,Apple Bath Sponge,divers
20966,Sandwich Bath Sponge,divers
20967,Grey Floral Feltcraft Shoulder Bag,sac
20969,Red Floral Feltcraft Shoulder Bag,sac
20970,Pink Floral Feltcraft Shoulder Bag,sac
20971,Pink Blue Felt Craft Trinket Box,deco
20972,Pink Cream Felt Craft Trinket Box,deco
20973,12 Pencil Small Tube Woodland,papeterie
20974,12 Pencils Small Tube Skull,papeterie
20975,12 Pencils Small Tube Red Retrospot,papeterie
20977,36 Pencils Tube Woodland,papeterie
20978,36 Pencils Tube Skulls,papeterie
20979,36 Pencils Tube Red Retrospot,papeterie
20981,12 Pencils Tall Tube Woodland,papeterie
20982,12 Pencils Tall Tube Skulls,papeterie
20983,12 Pencils Tall Tube Red Retrospot,papeterie
20984,12 Pencils Tall Tube Posy,papeterie
20985,Heart Calculator,deco
20986,Blue Calculator Ruler,divers
20992,Jazz Hearts Purse Notebook,sac
20996,Jazz Hearts Address Book,deco
20998,Rose Du Sud Oven Glove,jardin
21000,Rose Du Sud Cosmetics Bag,sac
21001,Rose Du Sud Washbag,sac
21002,Rose Du Sud Drawstring Bag,sac
21003,Rose Du Sud Cushion Cover,jardin
21012,Antique All Glass Candlestick,cuisine
21014,Swiss Chalet Tree Decoration,jardin
21015,Dark Bird House Tree Decoration,jardin
21025,Space Frog,divers
21026,Space Owl,divers
21027,Ninja Rabbit Pink,jouet
21028,Ninja Rabbit Black,jouet
21030,Space Cadet Red,divers
21031,Space Cadet Black,divers
21032,Space Cadet White,divers
21033,Jumbo Bag Charlie And Lola Toys,sac
21034,Rex Cash+Carry Jumbo Shopper,sac
21035,Set/2 Red Retrospot Tea Towels,cuisine
21038,Set/4 Modern Vintage Cotton Napkins,cuisine
21039,Red Retrospot Shopping Bag,sac
21040,Modern Vintage Cotton Shopping Bag,sac
21041,Red Retrospot Oven Glove Double,divers
21042,Red Retrospot Apron,cuisine
21043,Apron Modern Vintage Cotton,cuisine
21054,Nurse'S Bag Soft Toy,sac
21055,Tool Box Soft Toy,jouet
21056,Doctor'S Bag Soft Toy,sac
21058,Party Invites Woodland,divers
21059,Party Invites Dinosaurs,divers
21060,Party Invites Balloon Girl,jouet
21061,Party Invites Football,divers
21062,Party Invites Spaceman,divers
21063,Party Invites Jazz Hearts,deco
21064,Boom Box Speaker Boys,deco
21065,Boom Box Speaker Girls,deco
21066,Vintage Red Mug,cuisine
21067,Vintage Red Teatime Mug,cuisine
21068,Vintage Billboard Love/Hate Mug,cuisine
21070,Vintage Billboard Mug,cuisine
21071,Vintage Billboard Drink Me Mug,cuisine
21078,Set/20 Strawberry Paper Napkins,papeterie
21080,Set/20 Red Retrospot Paper Napkins,papeterie
21084,Set/6 Collage Paper Cups,papeterie
21086,Set/6 Red Spotty Paper Cups,papeterie
21087,Set/6 Posies Paper Cups,papeterie
21088,Set/6 Fruit Salad Paper Cups,papeterie
21089,Set/6 Green Spring Paper Cups,papeterie
21090,Set/6 Collage Paper Plates,papeterie
21094,Set/6 Red Spotty Paper Plates,papeterie
21095,Set/6 Posies Paper Plates,papeterie
21096,Set/6 Fruit Salad  Paper Plates,papeterie
21098,Christmas Toilet Roll,divers
21106,Cream Slice Flannel Chocolate Spot,divers
21107,Cream Slice Flannel Pink Spot,divers
21108,Fairy Cake Flannel Assorted Colour,cuisine
21109,Large Cake Towel Chocolate Spots,cuisine
21110,Large Cake Towel Pink Spots,cuisine
21111,"Swiss Roll Towel, Chocolate  Spots",divers
21112,"Swiss Roll Towel, Pink  Spots",divers
21114,Lavender Scented Fabric Heart,deco
21115,Rose Caravan Doorstop,jardin
21116,Owl Doorstop,divers
21117,Blond Doll Doorstop,jouet
21121,Set/10 Red Polkadot Party Candles,deco
21122,Set/10 Pink Polkadot Party Candles,deco
21123,Set/10 Ivory Polkadot Party Candles,deco
21124,Set/10 Blue Polkadot Party Candles,deco
21125,Set 6 Football Celebration Candles,deco
21126,Set Of 6 Girls Celebration Candles,deco
21128,Gold Fishing Gnome,jouet
21131,Gold Standing Gnome,jouet
21132,Silver Standing Gnome,jouet
21135,Victorian  Metal Postcard Spring,papeterie
21136,Painted Metal Pears Assorted,divers
21137,Black Record Cover Frame,deco
21145,Antique Glass Place Setting,cuisine
21154,Red Retrospot Oven Glove,divers
21155,Red Retrospot Peg Bag,sac
21156,Retrospot Childrens Apron,cuisine
21158,Moody Girl Door Hanger,divers
21159,Moody Boy  Door Hanger,divers
21161,Keep Out Boys Door Hanger,divers
21162,Toxic Area  Door Hanger,divers
21163,Do Not Touch My Stuff Door Hanger,divers
21164,Home Sweet Home Metal Sign,deco
21165,Beware Of The Cat Metal Sign,deco
21166,Cook With Wine Metal Sign,deco
21167,White Sage Incense,divers
21169,You'Re Confusing Me Metal Sign,deco
21171,Bathroom Metal Sign,deco
21172,Party Metal Sign,deco
21174,Pottering In The Shed Metal Sign,bijou
21175,Gin + Tonic Diet Metal Sign,deco
21179,No Junk Mail Metal Sign,deco
21181,Please One Person Metal Sign,deco
21187,White Bell Honeycomb Paper Garland,papeterie
21188,3D Hearts  Honeycomb Paper Garland,papeterie
21189,White Honeycomb Paper Garland,papeterie
21191,Large White Honeycomb Paper Bell,papeterie
21192,White Bell Honeycomb Paper,papeterie
21194,Pink  Honeycomb Paper Fan,papeterie
21195,Pink  Honeycomb Paper Ball,papeterie
21196,Round White Confetti In Tube,divers
21197,Multicolour  Confetti In Tube,divers
21198,White Heart Confetti In Tube,deco
21199,Pink  Heart Confetti In Tube,deco
21200,Multicolour Honeycomb Paper Garland,papeterie
21201,Tropical  Honeycomb Paper Garland,papeterie
21202,Dolly Honeycomb Garland,jouet
21204,Daisies  Honeycomb Garland,deco
21205,Multicolour 3D Balls Garland,deco
21206,Strawberry Honeycomb  Garland,deco
21207,Skull And Crossbones  Garland,deco
21208,Pastel Colour Honeycomb Fan,divers
21209,Multicolour Honeycomb Fan,divers
21210,Set Of 72 Retrospot Paper  Doilies,papeterie
21211,Set Of 72 Skull Paper  Doilies,papeterie
21212,Pack Of 72 Retrospot Cake Cases,cuisine
21213,Pack Of 72 Skull Cake Cases,cuisine
21215,Ivory Paper Cup Cake Cases,papeterie
21216,"Set 3 Retrospot Tea,Coffee,Sugar",cuisine
21217,Red Retrospot Round Cake Tins,cuisine
21218,Red Spotty Biscuit Tin,cuisine
21219,Set/4 Badges Balloon Girl,jouet
21220,Set/4 Badges Dogs,divers
21221,Set/4 Badges Cute Creatures,divers
21222,Set/4 Badges Beetles,divers
21224,Set/4 Skull Badges,divers
21226,Pocket Mirror Woodland,deco
21231,Sweetheart Ceramic Trinket Box,deco
21232,Strawberry Ceramic Trinket Box,deco
21238,Red Retrospot Cup,cuisine
21239,Pink  Polkadot Cup,cuisine
21240,Blue Polkadot Cup,cuisine
21242,Red Retrospot Plate,cuisine
21243,Pink  Polkadot Plate,cuisine
21244,Blue Polkadot Plate,cuisine
21245,Green Polkadot Plate,cuisine
21246,Red Retrospot Big Bowl,cuisine
21248,Door Hanger  Mum + Dads Room,divers
21249,Woodland  Height Chart Stickers,papeterie
21251,Dinosaur Height Chart Sticker Set,papeterie
21253,Set Of Picture Frame  Stickers,papeterie
21257,Victorian Sewing Box Medium,deco
21258,Victorian Sewing Box Large,deco
21259,Victorian Sewing Box Small,deco
21260,First Aid Tin,cuisine
21261,Green Goose Feather Christmas Tree,jardin
21262,White Goose Feather Christmas Tree,jardin
21263,Green Goose Feather Tree 60Cm,jardin
21264,White Goose Feather Tree 60Cm,jardin
21265,Pink Goose Feather Tree 60Cm,jardin
21270,Antique Cream Cutlery Cupboard,cuisine
21272,Salle De Bain Hook,deco
21277,French Style Embossed Heart Cabinet,deco
21279,Vintage Kitchen Print Fruits,cuisine
21280,Vintage Kitchen Print Vegetables,cuisine
21284,Retrospot Candle  Small,deco
21285,Retrospot Candle  Medium,deco
21286,Retrospot Candle  Large,deco
21287,Scented Velvet Lounge Candle,deco
21288,Stripey Chocolate Nesting Boxes,cuisine
21289,Large Stripes Chocolate Gift Bag,sac
21291,Small Polkadot Chocolate Gift Bag,sac
21292,Small Stripes Chocolate Gift Bag,sac
21293,Mirrored Dove Wall Decoration,deco
21294,Etched Glass Coaster,cuisine
21306,Set/4 Daisy Mirror Magnets,jardin
21311,Set/4 Bird Mirror Magnets,jardin
21313,Glass Heart T-Light Holder,cuisine
21314,Small Glass Heart Trinket Pot,cuisine
21316,Small Chunky Glass Roman  Bowl,cuisine
21318,Glass Chalice Blue Small,cuisine
21320,Glass Chalice Green  Large,cuisine
21326,Aged Glass Silver T-Light Holder,cuisine
21327,Skulls Writing Set,cuisine
21328,Balloons  Writing Set,cuisine
21329,Dinosaurs  Writing Set,cuisine
21331,Moroccan Beaten Metal Dish Large,divers
21332,Moroccan Beaten Metal Mirror,deco
21340,Classic Metal Birdcage Plant Holder,jardin
21344,Moroccan Beaten Metal Dish,divers
21349,Ivy Heart Wreath,deco
21351,Cinammon & Orange Wreath,deco
21352,Eucalyptus & Pinecone  Wreath,deco
21354,Toast Its - Best Mum,divers
21355,Toast Its - I Love You,divers
21356,Toast Its - Fairy Flower,jardin
21357,Toast Its - Dinosaur,divers
21358,Toast Its - Happy Birthday,divers
21359,Relax Large Wood Letters,divers
21360,Joy Large Wood Letters,divers
21361,Love Large Wood Letters,divers
21363,Home Small Wood Letters,divers
21365,Mirrored Wall Art Stars,deco
21366,Mirrored Wall Art Photo Frames,deco
21370,Mirrored Wall Art Foxy,deco
21371,Mirrored Wall Art Poppies,deco
21372,Mirrored Wall Art Table Lamp,deco
21373,Mirrored Wall Art Snowflakes,deco
21374,Mirrored Wall Art Skulls,deco
21376,Large  Tall Camphor Wood Toadstool,divers
21377,Small Camphor Wood Field  Mushroom,divers
21378,Small Tall Camphor Wood Toadstool,divers
21379,Camphor Wood Portobello Mushroom,divers
21380,Wooden Happy Birthday Garland,deco
21381,Mini Wooden Happy Birthday Garland,deco
21382,Set/4 Spring Flower Decoration,bijou
21383,Pack Of 12 Sticky Bunnies,divers
21385,Ivory Hanging Decoration  Heart,deco
21386,Ivory Hanging Decoration  Egg,cuisine
21389,Ivory Hanging Decoration  Bird,jardin
21390,Filigris Heart With Butterfly,deco
21391,French Lavender Scent Heart,deco
21392,Red Polkadot Pudding Bowl,cuisine
21394,Red Polkadot Beaker,divers
21395,Blue Polkadot Beaker,divers
21397,Blue Polkadot Egg Cup,cuisine
21398,Red Polkadot Coffee  Mug,cuisine
21399,Blue Polkadot Coffee Mug,cuisine
21401,Blue Pudding Spoon,cuisine
21402,Red  Egg  Spoon,cuisine
21403,Blue Egg  Spoon,cuisine
21407,Brown Check Cat Doorstop,divers
21408,Spotty Pink Duck Doorstop,jouet
21411,Gingham Heart  Doorstop Red,deco
21422,Porcelain Rose Small,jardin
21424,Woodland Storage Box Large,deco
21425,Skulls Storage Box Large,deco
21426,Woodland Storage Box Small,deco
21427,Skulls Storage Box Small,deco
21428,Set3 Book Box Green Gingham Flower,jardin
21429,Red Gingham Rose Jewellery Box,bijou
21430,Set/3 Red Gingham Rose Storage Box,jardin
21439,Basket Of Toadstools,deco
21441,Blue Birdhouse Decoration,jardin
21442,Green Birdhouse Decoration,jardin
21445,12 Pink Rose Peg Place Settings,cuisine
21446,12 Red Rose Peg Place Settings,cuisine
21447,12 Ivory Rose Peg Place Settings,cuisine
21448,12 Daisy Pegs In Wood Box,jardin
21452,Toadstool Money Box,deco
21454,Painted Pink Rabbit,jouet
21455,Painted Yellow Wooden Daisy,jardin
21456,2 Picture Book Eggs Easter Chicks,cuisine
21457,2 Picture Book Eggs Easter Ducks,cuisine
21458,2 Picture Book Eggs Easter Bunny,cuisine
21459,Yellow Easter Egg Hunt Start Post,cuisine
21460,Green Easter Egg Hunt Start Post,cuisine
21462,"Nursery A,B,C Painted Letters",divers
21463,Mirrored Disco Ball,deco
21464,Disco Ball Rotator Battery Operated,divers
21465,Pink Flower Crochet Food Cover,jardin
21466,Red Flower Crochet Food Cover,jardin
21467,Cherry Crochet Food Cover,divers
21468,Butterfly Crochet Food Cover,divers
21469,Polka Dot Raffia Food Cover,divers
21470,Flower Vine Raffia Food Cover,jardin
21471,Strawberry Raffia Food Cover,divers
21472,Ladybird + Bee Raffia Food Cover,jardin
21479,White Skull Hot Water Bottle,cuisine
21481,Fawn Blue Hot Water Bottle,cuisine
21484,Chick Grey Hot Water Bottle,cuisine
21485,Retrospot Heart Hot Water Bottle,cuisine
21494,Rotating Leaves T-Light Holder,cuisine
21495,Skulls And Crossbones Wrap,papeterie
21497,Fancy Fonts Birthday Wrap,papeterie
21498,Red Retrospot Wrap,papeterie
21499,Blue Polkadot Wrap,papeterie
21500,Pink Polkadot Wrap,papeterie
21503,Toybox  Wrap,papeterie
21504,Skulls Greeting Card,papeterie
21506,"Fancy Font Birthday Card,",papeterie
21507,"Elephant, Birthday Card,",papeterie
21508,Vintage Kid Dolly Card,papeterie
21509,Cowboys And Indians Birthday Card,papeterie
21518,Bank Account  Greeting  Card,papeterie
21519,Gin & Tonic Diet Greeting Card,papeterie
21520,Booze & Women Greeting Card,papeterie
21523,Doormat Fancy Font Home Sweet Home,deco
21524,Doormat Spotty Home Sweet Home,deco
21527,Red Retrospot Traditional Teapot,divers
21528,Dairy Maid Traditional Teapot,divers
21530,Dairy Maid Toastrack,divers
21531,Red Retrospot Sugar Jam Bowl,cuisine
21533,Retrospot Large Milk Jug,divers
21534,Dairy Maid Large Milk Jug,divers
21535,Red Retrospot Small Milk Jug,divers
21537,Red Retrospot Pudding Bowl,cuisine
21539,Red Retrospot Butter Dish,divers
21544,Skulls  Water Transfer Tattoos,divers
21547,Ceramic Birdhouse Crested Tit Small,jardin
21555,Ceramic Strawberry Trinket Tray,divers
21556,Ceramic Strawberry Money Box,deco
21557,Set Of 6 Funky Beakers,divers
21558,Skull Lunch Box With Cutlery,cuisine
21559,Strawberry Lunch Box With Cutlery,cuisine
21561,Dinosaur Lunch Box With Cutlery,cuisine
21562,Hawaiian Grass Skirt,divers
21563,Red Heart Shape Love Bucket,deco
21564,Pink  Heart Shape Love Bucket,deco
21576,Lets Go Shopping Cotton Tote Bag,sac
21577,Save The Planet Cotton Tote Bag,sac
21578,Woodland Design  Cotton Tote Bag,sac
21579,Lolita  Design  Cotton Tote Bag,sac
21580,Rabbit  Design  Cotton Tote Bag,sac
21581,Skulls  Design  Cotton Tote Bag,sac
21584,Retrospot Small Tube Matches,divers
21586,Kings Choice Giant Tube Matches,divers
21588,Retrospot Giant Tube Matches,divers
21591,Cosy Hour Cigar Box Matches,deco
21592,Retrospot Cigar Box Matches,deco
21609,Set 12 Lavender  Botanical T-Lights,deco
21613,S/12 Vanilla  Botanical T-Lights,deco
21615,4 Lavender Botanical Dinner Candles,deco
21616,4 Pear Botanical Dinner Candles,deco
21617,4 Lily  Botanical Dinner Candles,deco
21618,4 Wildflower Botanical Candles,jardin
21619,4 Vanilla Botanical Candles,deco
21620,Set Of 4 Rose Botanical Candles,jardin
21621,Vintage Union Jack Bunting,cuisine
21622,Vintage Union Jack Cushion Cover,deco
21623,Vintage Union Jack Memoboard,deco
21624,Vintage Union Jack Doorstop,deco
21625,Vintage Union Jack Apron,cuisine
21626,Vintage Union Jack Pennant,deco
21627,Elephant Carnival Pouffe,divers
21628,Triangular Pouffe Vintage,deco
21631,Hippy Chic Decorative Parasol,jardin
21633,Sunflower Decorative Parasol,jardin
21634,Assorted Mini Madras Notebook,papeterie
21635,Madras Notebook Large,papeterie
21636,Madras Notebook Medium,papeterie
21637,Assorted Sanskrit Mini Notebook,papeterie
21638,Assorted Tutti Frutti Notebook,papeterie
21640,Assorted Tutti Frutti  Fob Notebook,papeterie
21641,Assorted Tutti Frutti Keyring Ball,bijou
21642,Assorted Tutti Frutti Pen,divers
21643,Assorted Tutti Frutti Mirror,deco
21644,Assorted Tutti Frutti Heart Box,deco
21647,Assorted Tutti Frutti Large Purse,sac
21648,Assorted Tutti Frutti Small Purse,sac
21650,Assorted Tutti Frutti Bracelet,bijou
21654,Ridged Glass Finger Bowl,cuisine
21656,Ridged Glass Posy Vase,cuisine
21657,Milk Bottle With Glass Stopper,cuisine
21658,Glass  Beurre Dish,cuisine
21666,Ridged Glass T-Light Holder,cuisine
21668,Red Stripe Ceramic Drawer Knob,deco
21669,Blue Stripe Ceramic Drawer Knob,deco
21670,Blue Spot Ceramic Drawer Knob,deco
21671,Red Spot Ceramic Drawer Knob,deco
21672,White Spot Red Ceramic Drawer Knob,deco
21673,White Spot Blue Ceramic Drawer Knob,deco
21675,Butterflies Stickers,papeterie
21676,Flowers  Stickers,papeterie
21677,Hearts  Stickers,papeterie
21678,Paisley Pattern  Stickers,papeterie
21679,Skulls  Stickers,papeterie
21680,Woodland  Stickers,papeterie
21682,Large Medina Stamped Metal Bowl,cuisine
21683,Medium Medina Stamped Metal Bowl,cuisine
21684,Small Medina Stamped Metal Bowl,cuisine
21688,Silver Plate Candle Bowl Small,cuisine
21689,Silver Vanilla  Flower Candle Pot,jardin
21690,Silver  Candlepot Jardin,cuisine
21692,Silver Lattice Vanilla Candle Pot,deco
21693,Small Hammered Silver Candlepot,deco
21694,Small Regal  Silver Candlepot,deco
21695,Small Silver Flower Candle Pot,jardin
21696,Small Silver Trellis Candlepot,deco
21698,Mock Lobster Fridge Magnet,divers
21700,Big Doughnut Fridge Magnets,divers
21703,Bag 125G Swirly Marbles,sac
21704,Bag 250G Swirly Marbles,sac
21705,Bag 500G Swirly Marbles,sac
21706,Folding Umbrella Red/White Polkadot,jardin
21707,Folding Umbrella Blackblue Polkadot,jardin
21708,Folding Umbrella Cream Polkadot,jardin
21709,Folding Umbrella Chocolate Polkadot,jardin
21710,Folding Umbrella Pinkwhite Polkadot,jardin
21713,Citronella Candle Flowerpot,jardin
21714,Citronella Candle Garden Pot,jardin
21715,Girls Vintage Tin Seaside Bucket,cuisine
21716,Boys Vintage Tin Seaside Bucket,cuisine
21717,Easter Tin Bucket,cuisine
21718,Red Metal Beach Spade,divers
21719,Lovely Bonbon Sticker Sheet,papeterie
21720,Cake Shop  Sticker Sheet,papeterie
21721,Candy Shop  Sticker Sheet,papeterie
21723,Alphabet Hearts Sticker Sheet,papeterie
21724,Panda And Bunnies Sticker Sheet,papeterie
21725,Sweeties  Stickers,papeterie
21726,Multi Hearts  Stickers,papeterie
21730,Glass Star Frosted T-Light Holder,cuisine
21731,Red Toadstool Led Night Light,deco
21733,Red Hanging Heart T-Light Holder,deco
21735,Two Door Curio Cabinet,divers
21738,Cosy Slipper Shoes Small  Red,divers
21739,Cosy Slipper Shoes Small Green,divers
21741,Cosy Slipper Shoes Large Green,divers
21742,Large Round Wicker Platter,divers
21743,Star Portable Table Light,deco
21744,Snowflake Portable Table Light,deco
21745,Gaolers Keys Decorative Garden,jardin
21746,Small Red Retrospot Windmill,jardin
21747,Small Skull Windmill,jardin
21749,Large Red Retrospot Windmill,jardin
21750,Large Skull Windmill,jardin
21754,Home Building Block Word,divers
21755,Love Building Block Word,divers
21756,Bath Building Block Word,divers
21758,Vintage Shells Print,deco
21761,Wood And Glass Medicine Cabinet,cuisine
21770,Open Closed Metal Sign,papeterie
21773,Decorative Rose Bathroom Bottle,cuisine
21774,Decorative Cats Bathroom Bottle,cuisine
21775,Decorative Flore Bathroom Bottle,cuisine
21777,Recipe Box With Metal Heart,deco
21781,Ma Campagne Cutlery Box,cuisine
21784,Shoe Shine Box,deco
21786,Polkadot Rain Hat,divers
21787,Rain Poncho Retrospot,divers
21788,Kids Rain Mac Blue,divers
21789,Kids Rain Mac Pink,divers
21790,Vintage Snap Cards,papeterie
21791,Vintage Heads And Tails Card Game,papeterie
21792,Classic French Style Basket Green,deco
21793,Classic French Style Basket Brown,deco
21794,Classic French Style Basket Natural,deco
21801,Christmas Tree Decoration With Bell,jardin
21802,Christmas Tree Heart Decoration,jardin
21803,Christmas Tree Star Decoration,jardin
21804,White Christmas Garland Stars Trees,jardin
21808,"Christmas Garland Stars,Trees",jardin
21809,Christmas Hanging Tree With Bell,jardin
21810,Christmas Hanging Star With Bell,deco
21811,Hanging Heart With Bell,deco
21813,Garland With Stars And Bells,deco
21815,Star  T-Light Holder,deco
21817,Glitter Christmas Tree,jardin
21818,Glitter Heart Decoration,deco
21819,Glitter Christmas Star,deco
21820,Glitter Heart Garland With Bells,deco
21821,Glitter Star Garland With Bells,deco
21822,Glitter Christmas Tree With Bells,jardin
21823,Painted Metal Heart With Holly Bell,deco
21824,Painted Metal Star With Holly Bells,deco
21826,Eight Piece Dinosaur Set,divers
21828,Eight Piece Snake  Set,divers
21829,Dinosaur Keyrings Assorted,bijou
21830,Assorted Creepy Crawlies,divers
21832,Chocolate Calculator,divers
21833,Camouflage Led Torch,divers
21836,Gingham Oven Glove Red Heart,deco
21841,Baby Mouse Red Gingham Dress,divers
21843,Red Retrospot Cake Stand,cuisine
21844,Red Retrospot Mug,cuisine
21845,Dairy Maid Stripe Mug,cuisine
21849,Silver Diamante Pen In Gift Box,papeterie
21864,Union Jack Flag Passport Cover,divers
21865,Pink Union Jack  Passport Cover,divers
21866,Union Jack Flag Luggage Tag,divers
21867,Pink Union Jack  Luggage Tag,divers
21868,Potting Shed Tea Mug,cuisine
21870,I Can Only Please One Person Mug,cuisine
21871,Save The Planet Mug,cuisine
21872,Glamorous  Mug,cuisine
21873,If You Can'T Stand The Heat Mug,cuisine
21874,Gin And Tonic Mug,cuisine
21875,Kings Choice Mug,cuisine
21876,Pottering Mug,cuisine
21877,Home Sweet Home Mug,cuisine
21878,Pack Of 6 Sandcastle Flags Assorted,divers
21879,Hearts Gift Tape,deco
21880,Red Retrospot Tape,divers
21881,Cute Cats Tape,divers
21882,Skulls Tape,divers
21883,Stars Gift Tape,deco
21884,Cakes And Bows Gift  Tape,cuisine
21888,Bingo Set,divers
21889,Wooden Box Of Dominoes,deco
21890,S/6 Wooden Skittles In Cotton Bag,sac
21891,Traditional Wooden Skipping Rope,jouet
21892,Traditional Wooden Catch Cup Game,cuisine
21894,Potting Shed Seed Envelopes,papeterie
21896,Potting Shed Twine,cuisine
21898,Potting Shed Rose Candle,cuisine
21899,"Key Fob , Garage Design",deco
21900,"Key Fob , Shed",divers
21901,"Key Fob , Back Door",divers
21902,"Key Fob , Front  Door",divers
21903,Man Flu Metal Sign,deco
21904,House Wrecking Metal Sign,deco
21905,More Butter Metal Sign,deco
21906,Pharmacie First Aid Tin,cuisine
21907,I'M On Holiday Metal Sign,deco
21908,Chocolate This Way Metal Sign,deco
21910,Way Out Metal Sign,deco
21911,Garden Metal Sign,jardin
21912,Vintage Snakes & Ladders,deco
21913,Vintage Seaside Jigsaw Puzzles,jouet
21914,Blue Harmonica In Box,deco
21915,Red  Harmonica In Box,deco
21916,Set 12 Retro White Chalk Sticks,papeterie
21917,Set 12 Kids  White Chalk Sticks,papeterie
21918,Set 12 Kids Colour  Chalk Sticks,papeterie
21922,Union Stripe With Fringe  Hammock,bijou
21925,Union Stripe Cushion Cover,deco
21926,Red/Cream Stripe Cushion Cover,deco
21928,Jumbo Bag Scandinavian Paisley,sac
21929,Jumbo Bag Pink Vintage Paisley,sac
21930,Jumbo Storage Bag Skulls,sac
21931,Jumbo Storage Bag Suki,sac
21932,Scandinavian Paisley Picnic Bag,sac
21933,Pink Vintage Paisley Picnic Bag,sac
21934,Skull Shoulder Bag,sac
21935,Suki  Shoulder Bag,sac
21936,Red Retrospot Picnic Bag,sac
21937,Strawberry   Picnic Bag,sac
21942,Skulls Design Flannel,deco
21943,Cakes And Rabbits Design Flannel,cuisine
21944,Kittens Design Flannel,deco
21945,Strawberries  Design Flannel,deco
21946,Party Time Design Flannel,deco
21947,Set Of 6 Heart Chopsticks,deco
21948,Set Of 6 Cake Chopsticks,cuisine
21949,Set Of 6 Strawberry Chopsticks,divers
21955,Doormat Union Jack Guns And Roses,jardin
21967,Pack Of 12 Skull Tissues,divers
21972,Set Of 36 Dinosaur Paper Doilies,papeterie
21973,Set Of 36 Mushroom Paper Doilies,papeterie
21974,Set Of 36 Paisley Flower Doilies,jardin
21975,Pack Of 60 Dinosaur Cake Cases,cuisine
21976,Pack Of 60 Mushroom Cake Cases,cuisine
21977,Pack Of 60 Pink Paisley Cake Cases,cuisine
21980,Pack Of 12 Red Retrospot Tissues,divers
21981,Pack Of 12 Woodland Tissues,divers
21982,Pack Of 12 Suki Tissues,divers
21983,Pack Of 12 Blue Paisley Tissues,divers
21984,Pack Of 12 Pink Paisley Tissues,divers
21985,Pack Of 12 Hearts Design Tissues,deco
21986,Pack Of 12 Pink Polkadot Tissues,divers
21987,Pack Of 6 Skull Paper Cups,papeterie
21988,Pack Of 6 Skull Paper Plates,papeterie
21989,Pack Of 20 Skull Paper Napkins,papeterie
21990,Modern Floral Stationery Set,divers
21991,Bohemian Collage Stationery Set,divers
21992,Vintage Paisley Stationery Set,deco
21993,Floral Folk Stationery Set,divers
22021,Blue Felt Easter Egg Basket,cuisine
22023,Empire Birthday Card,papeterie
22024,Rainy Ladies Birthday Card,papeterie
22025,Ring Of Roses Birthday Card,papeterie
22026,Banquet Birthday  Card,papeterie
22027,Tea Party Birthday Card,papeterie
22028,Penny Farthing Birthday Card,papeterie
22029,Spaceboy Birthday Card,papeterie
22030,Swallows Greeting Card,papeterie
22031,Botanical Lavender Birthday Card,papeterie
22032,Botanical Lily Greeting Card,papeterie
22033,Botanical Rose Greeting Card,papeterie
22035,Vintage Caravan Greeting Card,papeterie
22037,Robot Birthday Card,papeterie
22038,Botanical Lavender Gift Wrap,papeterie
22039,Botanical Lily Gift Wrap,papeterie
22040,Botanical Rose Gift Wrap,papeterie
22041,"Record Frame 7"" Single Size",deco
22042,Christmas Card Singing Angel,papeterie
22043,Christmas Card Screen Print,papeterie
22044,Christmas Card Stack Of Presents,papeterie
22045,Spaceboy Gift Wrap,papeterie
22046,Tea Party  Wrapping Paper,papeterie
22047,Empire Gift Wrap,papeterie
22048,Birthday Banquet Gift Wrap,papeterie
22049,Wrap Christmas Screen Print,papeterie
22050,Pink Paisley Rose Gift Wrap,papeterie
22051,Blue Scandinavian Paisley Wrap,papeterie
22052,Vintage Caravan Gift Wrap,papeterie
22053,Empire Design Rosette,jardin
22055,Mini Cake Stand  Hanging Strawbery,cuisine
22057,Ceramic Plate Strawberry Design,cuisine
22059,Ceramic Strawberry Design Mug,cuisine
22060,Large Cake Stand Hanging Hearts,cuisine
22061,Large Cake Stand  Hanging Strawbery,cuisine
22062,Ceramic Bowl With Love Heart Design,cuisine
22063,Ceramic Bowl With Strawberry Design,cuisine
22064,Pink Doughnut Trinket Pot,divers
22065,Christmas Pudding Trinket Pot,divers
22066,Love Heart Trinket Pot,deco
22067,Choc Truffle Gold Trinket Pot,divers
22068,Black Pirate Treasure Chest,divers
22069,Brown  Pirate Treasure Chest,divers
22070,Small Red Retrospot Mug In Box,cuisine
22071,Small White Retrospot Mug In Box,cuisine
22072,Red Retrospot Tea Cup And Saucer,cuisine
22073,Red Retrospot Storage Jar,cuisine
22074,6 Ribbons Shimmering Pinks,bijou
22075,6 Ribbons Elegant Christmas,divers
22076,6 Ribbons Empire,divers
22077,6 Ribbons Rustic Charm,divers
22078,Ribbon Reel Lace Design,deco
22079,Ribbon Reel Hearts Design,deco
22080,Ribbon Reel Polkadots,divers
22081,Ribbon Reel Flora + Fauna,divers
22082,Ribbon Reel Stripes Design,deco
22083,Paper Chain Kit Retrospot,papeterie
22084,Paper Chain Kit Empire,papeterie
22085,Paper Chain Kit Skulls,papeterie
22086,Paper Chain Kit 50'S Christmas,papeterie
22087,Paper Bunting White Lace,papeterie
22088,Paper Bunting Coloured Lace,papeterie
22089,Paper Bunting Vintage Paisley,papeterie
22090,Paper Bunting Retrospot,papeterie
22091,Empire Tissue Box,deco
22092,Blue Paisley Tissue Box,deco
22093,Motoring Tissue Box,bijou
22094,Red Retrospot Tissue Box,deco
22095,Lads Only Tissue Box,deco
22096,Pink Paisley Square Tissue Box,deco
22097,Swallow Square Tissue Box,deco
22098,Boudoir Square Tissue Box,deco
22099,Caravan Square Tissue Box,deco
22100,Skulls Square Tissue Box,deco
22101,Mirror Mosaic Votive Holder,deco
22102,Mirror Mosaic T-Light Holder,deco
22103,Mirror Mosaic T-Light Holder Round,deco
22104,Mirror Mosaic Candle Plate,cuisine
22107,Pizza Plate In Box,cuisine
22108,Ping! Microwave Plate,cuisine
22109,Full English Breakfast Plate,cuisine
22110,Bird House Hot Water Bottle,cuisine
22111,Scottie Dog Hot Water Bottle,cuisine
22112,Chocolate Hot Water Bottle,cuisine
22113,Grey Heart Hot Water Bottle,cuisine
22114,Hot Water Bottle Tea And Sympathy,cuisine
22115,Metal Sign Empire Tea,deco
22116,Metal Sign His Dinner Is Served,deco
22117,Metal Sign Her Dinner Is Served,deco
22118,Joy Wooden Block Letters,divers
22119,Peace Wooden Block Letters,divers
22120,Welcome  Wooden Block Letters,divers
22121,Noel Wooden Block Letters,divers
22123,Ping Microwave Apron,cuisine
22124,Set Of 2 Tea Towels Ping Microwave,cuisine
22127,Party Cones Carnival Assorted,divers
22128,Party Cones Candy Assorted,divers
22129,Party Cones Candy Tree Decoration,jardin
22130,Party Cone Christmas Decoration,deco
22131,Food Container Set 3 Love Heart,deco
22132,Red Love Heart Shape Cup,cuisine
22133,Pink Love Heart Shape Cup,cuisine
22134,Mini Ladle Love Heart Red,deco
22135,Mini Ladle Love Heart Pink,deco
22136,Love Heart Sock Hanger,deco
22137,Bathroom Set Love Heart Design,deco
22138,Baking Set 9 Piece Retrospot,cuisine
22139,Retrospot Tea Set Ceramic 11 Pc,cuisine
22141,Christmas Craft Tree Top Angel,jardin
22142,Christmas Craft White Fairy,divers
22144,Christmas Craft Little Friends,divers
22145,Christmas Craft Heart Stocking,deco
22147,Feltcraft Butterfly Hearts,deco
22148,Easter Craft 4 Chicks,divers
22149,Feltcraft 6 Flower Friends,jardin
22150,3 Stripey Mice Feltcraft,divers
22151,Place Setting White Heart,cuisine
22152,Place Setting White Star,cuisine
22153,Angel Decoration Stars On Dress,deco
22154,Angel Decoration 3 Buttons,deco
22155,Star Decoration Rustic,deco
22156,Heart Decoration With Pearls,deco
22157,Angel Decoration With Lace Padded,deco
22158,3 Hearts Hanging Decoration Rustic,deco
22161,Heart Decoration Rustic Hanging,deco
22163,Heart String Memo Holder Hanging,bijou
22164,String Of Stars Card Holder,papeterie
22165,"Diamante Heart Shaped Wall Mirror,",deco
22167,Oval Wall Mirror Diamante,deco
22168,Organiser Wood Antique White,divers
22169,Family Album White Picture Frame,deco
22170,Picture Frame Wood Triple Portrait,deco
22171,3 Hook Photo Shelf Antique White,deco
22173,Metal 4 Hook Hanger French Chateau,deco
22174,Photo Cube,divers
22175,Pink Owl Soft Toy,jouet
22176,Blue Owl Soft Toy,jouet
22178,Victorian Glass Hanging T-Light,cuisine
22179,Set 10 Lights Night Owl,deco
22180,Retrospot Lamp,deco
22181,Snowstorm Photo Frame Fridge Magnet,deco
22182,Cake Stand Victorian Filigree Small,cuisine
22183,Cake Stand Victorian Filigree Med,cuisine
22184,Cake Stand Victorian Filigree Large,cuisine
22185,Slate Tile Natural Hanging,deco
22186,Red Star Card Holder,papeterie
22187,Green Christmas Tree Card Holder,papeterie
22188,Black Heart Card Holder,papeterie
22189,Cream Heart Card Holder,papeterie
22190,Local Cafe Mug,cuisine
22191,Ivory Diner Wall Clock,deco
22192,Blue Diner Wall Clock,deco
22193,Red Diner Wall Clock,deco
22194,Black Diner Wall Clock,deco
22195,Large Heart Measuring Spoons,cuisine
22196,Small Heart Measuring Spoons,cuisine
22197,Small Popcorn Holder,deco
22198,Large Popcorn Holder,deco
22199,Frying Pan Red Retrospot,divers
22200,Frying Pan Pink Polkadot,divers
22201,Frying Pan Blue Polkadot,divers
22202,Milk Pan Pink Polkadot,divers
22203,Milk Pan Red Retrospot,divers
22204,Milk Pan Blue Polkadot,divers
22207,Frying Pan Union Flag,divers
22208,Wood Stamp Set Thank You,divers
22209,Wood Stamp Set Happy Birthday,divers
22210,Wood Stamp Set Best Wishes,divers
22211,Wood Stamp Set Flowers,jardin
22212,Four Hook  White Lovebirds,jardin
22214,Candle Plate Lace White,cuisine
22215,Cake Stand White Two Tier Lace,cuisine
22217,T-Light Holder Hanging Lace,deco
22219,Lovebird Hanging Decoration White,jardin
22220,Cake Stand Lovebird 2 Tier White,cuisine
22221,Cake Stand Lovebird 2 Tier Pink,cuisine
22222,Cake Plate Lovebird White,cuisine
22223,Cake Plate Lovebird Pink,cuisine
22224,White Lovebird Lantern,jardin
22227,Hanging Heart Mirror Decoration,deco
22228,Bunny Wooden Painted With Bird,jouet
22229,Bunny Wooden Painted With Flower,jouet
22230,Jigsaw Tree With Watering Can,jouet
22231,Jigsaw Tree With Birdhouse,jouet
22232,Jigsaw Toadstools 3 Piece,jouet
22233,Jigsaw Rabbit And Birdhouse,jouet
22236,Cake Stand 3 Tier Magic Garden,cuisine
22241,Garland Wooden Happy Easter,deco
22242,5 Hook Hanger Magic Toadstool,deco
22243,5 Hook Hanger Red Magic Toadstool,deco
22244,3 Hook Hanger Magic Garden,jardin
22245,"Hook, 1 Hanger ,Magic Garden",jardin
22246,"Garland, Magic Garden 1.8M",jardin
22247,Bunny Decoration Magic Garden,jouet
22248,Decoration  Pink Chick Magic Garden,jardin
22249,Decoration White Chick Magic Garden,jardin
22250,Decoration  Butterfly  Magic Garden,jardin
22251,Birdhouse Decoration Magic Garden,jardin
22252,Birdcage Decoration Tealight Holder,jardin
22254,Felt Toadstool Large,divers
22255,Felt Toadstool  Small,divers
22256,Felt Farm Animal Chicken,jouet
22257,Felt Farm Animal Sheep,jouet
22258,Felt Farm Animal Rabbit,jouet
22260,Felt Egg Cosy Blue Rabbit,cuisine
22261,Felt Egg Cosy White Rabbit,cuisine
22262,Felt Egg Cosy Chicken,cuisine
22263,Felt Egg Cosy Ladybird,cuisine
22264,Felt Farm Animal White Bunny,jouet
22265,Easter Decoration Natural Chick,deco
22266,Easter Decoration Hanging Bunny,jouet
22267,Easter Decoration Egg Bunny,cuisine
22268,Easter Decoration Sitting Bunny,cuisine
22269,Egg Cup Natural Chicken,cuisine
22270,Happy Easter Hanging Decoration,deco
22271,Feltcraft Doll Rosie,jouet
22272,Feltcraft Doll Maria,jouet
22273,Feltcraft Doll Molly,jouet
22274,Feltcraft Doll Emily,jouet
22276,Wash Bag Vintage Rose Paisley,sac
22277,Cosmetic Bag Vintage Rose Paisley,sac
22278,Overnight Bag Vintage Rose Paisley,sac
22279,Pocket Bag Blue Paisley Red Spot,sac
22280,Pocket Bag Pink Paisely Brown Spot,sac
22281,Easter Tree Yellow Birds,jardin
22282,12 Egg House Painted Wood,cuisine
22283,6 Egg House Painted Wood,cuisine
22284,Hen House Decoration,deco
22285,Hanging Hen On Nest Decoration,deco
22286,"Decoration , Wobbly Rabbit , Metal",jouet
22287,"Decoration , Wobbly Chicken, Metal",deco
22288,Hanging Metal Rabbit Decoration,jouet
22289,Hanging Metal Chicken Decoration,deco
22291,Hanging Chick Cream Decoration,deco
22292,Hanging Chick  Yellow Decoration,deco
22293,Hanging Chick Green Decoration,deco
22294,Heart Filigree Dove  Small,deco
22295,Heart Filigree Dove Large,deco
22296,Heart Ivory Trellis Large,deco
22297,Heart Ivory Trellis Small,deco
22299,Pig Keyring With Light & Sound,bijou
22300,Coffee Mug Dog + Ball Design,cuisine
22301,Coffee Mug Cat + Bird Design,cuisine
22302,Coffee Mug Pears  Design,cuisine
22303,Coffee Mug Apples Design,cuisine
22304,Coffee Mug Blue Paisley Design,cuisine
22305,Coffee Mug Pink Paisley Design,cuisine
22306,Silver Mug Bone China Tree Of Life,cuisine
22307,Gold Mug Bone China Tree Of Life,cuisine
22308,Tea Cosy Blue Stripe,cuisine
22309,Tea Cosy Red  Stripe,cuisine
22310,Ivory Knitted Mug Cosy,cuisine
22311,Office Mug Warmer Black+Silver,cuisine
22312,Office Mug Warmer Polkadot,cuisine
22313,Office Mug Warmer Pink,cuisine
22314,Office Mug Warmer Choc+Blue,cuisine
22315,200 Red + White Bendy Straws,divers
22317,Five Cats Hanging Decoration,deco
22318,Five Heart Hanging Decoration,deco
22319,Hairclips Forties Fabric Assorted,bijou
22320,Birds Mobile Vintage Design,jardin
22321,Bird Decoration Red Retrospot,jardin
22322,Bird Decoration Green Polkadot,jardin
22324,Blue Polkadot Kids Bag,sac
22325,Mobile Vintage Hearts,deco
22326,Round Snack Boxes Set Of4 Woodland,deco
22327,Round Snack Boxes Set Of 4 Skulls,deco
22328,Round Snack Boxes Set Of 4 Fruits,deco
22329,Round Container Set Of 5 Retrospot,divers
22331,Woodland Party Bag + Sticker Set,sac
22332,Skulls Party Bag + Sticker Set,sac
22333,Retrospot Party Bag + Sticker Set,sac
22334,Dinosaur Party Bag + Sticker Set,sac
22335,Heart Decoration Painted Zinc,deco
22336,Dove Decoration Painted Zinc,deco
22337,Angel Decoration Painted Zinc,deco
22338,Star Decoration Painted Zinc,deco
22339,Christmas Tree Painted Zinc,jardin
22340,Noel Garland Painted Zinc,deco
22341,Love Garland Painted Zinc,deco
22342,Home Garland Painted Zinc,deco
22343,Party Pizza Dish Red Retrospot,divers
22344,Party Pizza Dish Pink Polkadot,divers
22345,Party Pizza Dish Blue Polkadot,divers
22346,Party Pizza Dish Green Polkadot,divers
22348,Tea Bag Plate Red Retrospot,sac
22349,Dog Bowl Chasing Ball Design,cuisine
22350,Illustrated Cat Bowl,cuisine
22352,Lunch Box With Cutlery Retrospot,cuisine
22353,Lunch Box With Cutlery Fairy Cakes,cuisine
22354,Retrospot Padded Seat Cushion,deco
22355,Charlotte Bag Suki Design,sac
22356,Charlotte Bag Pink Polkadot,sac
22357,Kings Choice Biscuit Tin,cuisine
22358,Kings Choice Tea Caddy,cuisine
22359,Glass Jar Kings Choice,cuisine
22360,Glass Jar English Confectionery,cuisine
22361,Glass Jar Daisy Fresh Cotton Wool,cuisine
22362,Glass Jar Peacock Bath Salts,cuisine
22363,Glass Jar Marmalade,cuisine
22364,Glass Jar Digestive Biscuits,cuisine
22365,Doormat Respectable House,deco
22366,Doormat Airmail,deco
22367,Childrens Apron Spaceboy Design,cuisine
22371,Airline Bag Vintage Tokyo 78,sac
22372,Airline Bag Vintage World Champion,sac
22374,Airline Bag Vintage Jet Set Red,sac
22375,Airline Bag Vintage Jet Set Brown,sac
22376,Airline Bag Vintage Jet Set White,sac
22377,Bottle Bag Retrospot,sac
22378,Wall Tidy Retrospot,divers
22379,Recycling Bag Retrospot,sac
22380,Toy Tidy Spaceboy,jouet
22381,Toy Tidy Pink Polkadot,jouet
22382,Lunch Bag Spaceboy Design,sac
22383,Lunch Bag Suki  Design,sac
22384,Lunch Bag Pink Polkadot,sac
22385,Jumbo Bag Spaceboy Design,sac
22386,Jumbo Bag Pink Polkadot,sac
22389,Paperweight Save The Planet,papeterie
22390,Paperweight Childhood Memories,papeterie
22391,Paperweight Home Sweet Home,papeterie
22393,Paperweight Vintage Collage,papeterie
22394,Paperweight Kings Choice,papeterie
22395,Paperweight Vintage Paisley,papeterie
22396,Magnets Pack Of 4 Retro Photo,divers
22398,Magnets Pack Of 4 Swallows,divers
22399,Magnets Pack Of 4 Childhood Memory,divers
22400,Magnets Pack Of 4 Home Sweet Home,divers
22402,Magnets Pack Of 4 Vintage Collage,deco
22403,Magnets Pack Of 4 Vintage Labels,deco
22405,Money Box Pocket Money Design,deco
22406,Money Box Kings Choice Design,deco
22407,Money Box First Ade Design,deco
22408,Money Box Confectionery Design,deco
22409,Money Box Biscuits Design,deco
22410,Money Box Housekeeping Design,deco
22411,Jumbo Shopper Vintage Red Paisley,sac
22412,Metal Sign Neighbourhood Witch,deco
22413,Metal Sign Take It Or Leave It,deco
22414,Doormat Neighbourhood Witch,deco
22415,White Tissue Ream,divers
22416,Set Of 36 Doilies Spaceboy Design,jouet
22417,Pack Of 60 Spaceboy Cake Cases,cuisine
22418,10 Colour Spaceboy Pen,jouet
22419,Lipstick Pen Red,papeterie
22420,Lipstick Pen Baby Pink,papeterie
22421,Lipstick Pen Fuschia,papeterie
22422,Toothpaste Tube Pen,divers
22423,Regency Cakestand 3 Tier,cuisine
22424,Enamel Bread Bin Cream,divers
22425,Enamel Colander Cream,divers
22426,Enamel Wash Bowl Cream,cuisine
22427,Enamel Flower Jug Cream,jardin
22428,Enamel Fire Bucket Cream,divers
22429,Enamel Measuring Jug Cream,bijou
22430,Enamel Watering Can Cream,bijou
22431,Watering Can Blue Elephant,bijou
22432,Watering Can Pink Bunny,jouet
22433,Watering Can Green Dinosaur,bijou
22434,Balloon Pump With 10 Balloons,jouet
22435,Set Of 9 Heart Shaped Balloons,jouet
22436,12 Coloured Party Balloons,jouet
22437,Set Of 9 Black Skull Balloons,jouet
22438,Balloon Art Make Your Own Flowers,jouet
22439,6 Rocket Balloons,jouet
22440,Balloon Water Bomb Pack Of 35,jouet
22441,Grow Your Own Basil In Enamel Mug,cuisine
22442,Grow Your Own Flowers Set Of 3,jardin
22443,Grow Your Own Herbs Set Of 3,divers
22444,Grow Your Own Plant In A Can,jardin
22445,Pencil Case Life Is Beautiful,papeterie
22446,Pin Cushion Babushka Pink,deco
22447,Pin Cushion Babushka Blue,deco
22448,Pin Cushion Babushka Red,deco
22449,Silk Purse Babushka Pink,sac
22450,Silk Purse Babushka Blue,sac
22451,Silk Purse Babushka Red,sac
22452,Measuring Tape Babushka Pink,bijou
22453,Measuring Tape Babushka Blue,bijou
22454,Measuring Tape Babushka Red,bijou
22456,Natural Slate Chalkboard Large,papeterie
22457,Natural Slate Heart Chalkboard,papeterie
22460,Embossed Glass Tealight Holder,cuisine
22461,Savoy Art Deco Clock,deco
22464,Hanging Metal Heart Lantern,deco
22465,Hanging Metal Star Lantern,deco
22466,Fairy Tale Cottage Nightlight,deco
22467,Gumball Coat Rack,divers
22468,Babushka Lights String Of 10,bijou
22469,Heart Of Wicker Small,deco
22470,Heart Of Wicker Large,deco
22471,Tv Dinner Tray Air Hostess,divers
22472,Tv Dinner Tray Dolly Girl,jouet
22473,Tv Dinner Tray Vintage Paisley,deco
22474,Spaceboy Tv Dinner Tray,jouet
22475,Skull Design Tv Dinner Tray,deco
22476,Empire Union Jack Tv Dinner Tray,divers
22477,Watering Can Garden Marker,bijou
22478,Birdhouse Garden Marker,jardin
22479,Daisy Garden Marker,jardin
22480,Red Tea Towel Classic Design,cuisine
22481,Black Tea Towel Classic Design,cuisine
22482,Blue Tea Towel Classic Design,cuisine
22483,Red Gingham Teddy Bear,jouet
22485,Set Of 2 Wooden Market Crates,divers
22487,White Wood Garden Plant Ladder,jardin
22488,Natural Slate Rectangle Chalkboard,papeterie
22489,Pack Of 12 Traditional Crayons,divers
22491,Pack Of 12 Coloured Pencils,papeterie
22492,Mini Paint Set Vintage,deco
22493,Paint Your Own Canvas Set,divers
22494,Emergency First Aid Tin,cuisine
22495,Set Of 2 Round Tins Camembert,cuisine
22496,Set Of 2 Round Tins Dutch Cheese,cuisine
22497,Set Of 2 Tins Vintage Bathroom,cuisine
22498,Wooden Regatta Bunting,cuisine
22499,Wooden Union Jack Bunting,cuisine
22500,Set Of 2 Tins Jardin De Provence,cuisine
22501,Picnic Basket Wicker Large,deco
22502,Picnic Basket Wicker Small,deco
22503,Cabin Bag Vintage Paisley,sac
22504,Cabin Bag Vintage Retrospot,sac
22505,Memo Board Cottage Design,deco
22507,Memo Board Retrospot  Design,deco
22508,Doorstop Retrospot Heart,deco
22509,Sewing Box Retrospot Design,deco
22510,Gingham Babushka Doorstop,divers
22511,Retrospot Babushka Doorstop,divers
22512,Doorstop Racing Car Design,deco
22513,Doorstop Football Design,deco
22514,Childs Garden Spade Blue,jardin
22515,Childs Garden Spade Pink,jardin
22516,Childs Garden Rake Blue,jardin
22517,Childs Garden Rake Pink,jardin
22518,Childs Garden Brush Blue,jardin
22519,Childs Garden Brush Pink,jardin
22520,Childs Garden Trowel Blue,jardin
22521,Childs Garden Trowel Pink,jardin
22522,Childs Garden Fork Blue,jardin
22523,Childs Garden Fork Pink,jardin
22524,Childrens Garden Gloves Blue,jardin
22525,Childrens Garden Gloves Pink,jardin
22526,Wheelbarrow For Children,divers
22529,Magic Drawing Slate Go To The Fair,divers
22530,Magic Drawing Slate Dolly Girl,jouet
22531,Magic Drawing Slate Circus Parade,divers
22532,Magic Drawing Slate Leap Frog,divers
22533,Magic Drawing Slate Bake A Cake,cuisine
22534,Magic Drawing Slate Spaceboy,jouet
22535,Magic Drawing Slate Bunnies,divers
22536,Magic Drawing Slate Purdey,divers
22537,Magic Drawing Slate Dinosaur,divers
22538,Mini Jigsaw Go To The Fair,jouet
22539,Mini Jigsaw Dolly Girl,jouet
22540,Mini Jigsaw Circus Parade,jouet
22541,Mini Jigsaw Leap Frog,jouet
22543,Mini Jigsaw Bake A Cake,cuisine
22544,Mini Jigsaw Spaceboy,jouet
22545,Mini Jigsaw Bunnies,jouet
22546,Mini Jigsaw Purdey,jouet
22547,Mini Jigsaw Dinosaur,jouet
22548,Heads And Tails Sporting Fun,cuisine
22549,Picture Dominoes,divers
22550,Holiday Fun Ludo,divers
22551,Plasters In Tin Spaceboy,cuisine
22553,Plasters In Tin Skulls,cuisine
22554,Plasters In Tin Woodland Animals,cuisine
22555,Plasters In Tin Strongman,cuisine
22556,Plasters In Tin Circus Parade,cuisine
22557,Plasters In Tin Vintage Paisley,cuisine
22558,Clothes Pegs Retrospot Pack 24,divers
22559,Seaside Flying Disc,divers
22560,Traditional Modelling Clay,divers
22561,Wooden School Colouring Set,bijou
22562,Monsters Stencil Craft,jouet
22563,Happy Stencil Craft,divers
22564,Alphabet Stencil Craft,divers
22565,Feltcraft Hairbands Pink And White,bijou
22566,Feltcraft Hairband Pink And Purple,bijou
22567,20 Dolly Pegs Retrospot,jouet
22568,Feltcraft Cushion Owl,deco
22569,Feltcraft Cushion Butterfly,deco
22570,Feltcraft Cushion Rabbit,jouet
22571,Rocking Horse Red Christmas,jouet
22572,Rocking Horse Green Christmas,jouet
22573,Star Wooden Christmas Decoration,deco
22574,Heart Wooden Christmas Decoration,deco
22575,Metal Merry Christmas Wreath,deco
22576,Swallow Wooden Christmas Decoration,deco
22577,Wooden Heart Christmas Scandinavian,deco
22578,Wooden Star Christmas Scandinavian,deco
22579,Wooden Tree Christmas Scandinavian,jardin
22580,Advent Calendar Gingham Sack,divers
22581,Wood Stocking Christmas Scandispot,divers
22582,Pack Of 6 Sweetie Gift Boxes,deco
22583,Pack Of 6 Handbag Gift Boxes,sac
22584,Pack Of 6 Pannetone Gift Boxes,deco
22585,Pack Of 6 Birdy Gift Tags,papeterie
22586,Feltcraft Hairband Pink And Blue,bijou
22587,Feltcraft Hairband Red And Blue,bijou
22588,Card Holder Gingham Heart,papeterie
22589,Cardholder Gingham Star,papeterie
22591,Cardholder Gingham Christmas Tree,papeterie
22592,Cardholder Holly Wreath Metal,papeterie
22593,Christmas Gingham Star,deco
22594,Christmas Gingham Tree,jardin
22595,Christmas Gingham Heart,deco
22596,Christmas Star Wish List Chalkboard,papeterie
22597,Christmas Musical Zinc Heart,deco
22598,Christmas Musical Zinc Tree,jardin
22599,Christmas Musical Zinc Star,deco
22600,Christmas Retrospot Star Wood,deco
22601,Christmas Retrospot Angel Wood,divers
22602,Retrospot Wooden Heart Decoration,deco
22603,Christmas Retrospot Tree Wood,jardin
22604,Set Of 4 Napkin Charms Cutlery,cuisine
22605,Wooden Croquet Garden Set,jardin
22606,Wooden Skittles Garden Set,jardin
22607,Wooden Rounders Garden Set,jardin
22608,Pens Assorted Funky Jeweled,bijou
22609,Pens Assorted Spaceball,divers
22610,Pens Assorted Funny Face,divers
22611,Vintage Union Jack Shopping Bag,sac
22613,Pack Of 20 Spaceboy Napkins,cuisine
22614,Pack Of 12 Spaceboy Tissues,jouet
22615,Pack Of 12 Circus Parade Tissues,divers
22616,Pack Of 12 London Tissues,divers
22617,Baking Set Spaceboy Design,cuisine
22618,Cooking Set Retrospot,divers
22619,Set Of 6 Soldier Skittles,jouet
22620,4 Traditional Spinning Tops,divers
22621,Traditional Knitting Nancy,cuisine
22622,Box Of Vintage Alphabet Blocks,deco
22623,Box Of Vintage Jigsaw Blocks,jouet
22624,Ivory Kitchen Scales,cuisine
22625,Red Kitchen Scales,cuisine
22626,Black Kitchen Scales,cuisine
22627,Mint Kitchen Scales,cuisine
22628,Picnic Boxes Set Of 3 Retrospot,deco
22629,Spaceboy Lunch Box,jouet
22630,Dolly Girl Lunch Box,jouet
22631,Circus Parade Lunch Box,deco
22632,Hand Warmer Red Retrospot,divers
22633,Hand Warmer Union Jack,divers
22634,Childs Breakfast Set Spaceboy,jouet
22635,Childs Breakfast Set Dolly Girl,jouet
22636,Childs Breakfast Set Circus Parade,divers
22637,Piggy Bank Retrospot,divers
22638,Set Of 4 Napkin Charms Crowns,cuisine
22639,Set Of 4 Napkin Charms Hearts,cuisine
22640,Set Of 4 Napkin Charms 3 Keys,cuisine
22641,Set Of 4 Napkin Charms Instrument,cuisine
22642,Set Of 4 Napkin Charms Stars,cuisine
22643,Set Of 4 Napkin Charms Leaves,cuisine
22644,Ceramic Cherry Cake Money Bank,cuisine
22645,Ceramic Heart Fairy Cake Money Bank,cuisine
22646,Ceramic Strawberry Cake Money Bank,cuisine
22647,Ceramic Love Heart Money Bank,deco
22649,Strawberry Fairy Cake Teapot,cuisine
22650,Ceramic Pirate Chest Money Bank,divers
22651,Gentleman Shirt Repair Kit,divers
22652,Travel Sewing Kit,divers
22653,Button Box,deco
22654,Deluxe Sewing Kit,divers
22655,Vintage Red Kitchen Cabinet,cuisine
22659,Lunch Box I Love London,deco
22660,Doormat I Love London,deco
22661,Charlotte Bag Dolly Girl Design,sac
22662,Lunch Bag Dolly Girl Design,sac
22663,Jumbo Bag Dolly Girl Design,sac
22664,Toy Tidy Dolly Girl Design,jouet
22665,Recipe Box Blue Sketchbook Design,deco
22666,Recipe Box Pantry Yellow Design,cuisine
22667,Recipe Box Retrospot,deco
22668,Pink Baby Bunting,cuisine
22669,Red Baby Bunting,cuisine
22670,French Wc Sign Blue Metal,deco
22671,French Laundry Sign Blue Metal,deco
22672,French Bathroom Sign Blue Metal,deco
22673,French Garden Sign Blue Metal,jardin
22674,French Toilet Sign Blue Metal,deco
22675,French Kitchen Sign Blue Metal,cuisine
22676,French Blue Metal Door Sign 1,deco
22677,French Blue Metal Door Sign 2,deco
22678,French Blue Metal Door Sign 3,deco
22679,French Blue Metal Door Sign 4,deco
22680,French Blue Metal Door Sign 5,deco
22681,French Blue Metal Door Sign 6,deco
22682,French Blue Metal Door Sign 7,deco
22683,French Blue Metal Door Sign 8,deco
22684,French Blue Metal Door Sign 9,deco
22685,French Blue Metal Door Sign 0,deco
22686,French Blue Metal Door Sign No,deco
22687,Doormat Christmas Village,deco
22688,Doormat Peace On Earth Blue,deco
22689,Doormat Merry Christmas Red,deco
22690,Doormat Home Sweet Home Blue,deco
22691,Doormat Welcome Sunrise,deco
22692,Doormat Welcome To Our Home,deco
22693,Grow A Flytrap Or Sunflower In Tin,cuisine
22694,Wicker Star,deco
22695,Wicker Wreath Small,deco
22696,Wicker Wreath Large,deco
22697,Green Regency Teacup And Saucer,cuisine
22698,Pink Regency Teacup And Saucer,cuisine
22699,Roses Regency Teacup And Saucer,cuisine
22700,Black And White Dog Bowl,cuisine
22701,Pink Dog Bowl,cuisine
22702,Black And White Cat Bowl,cuisine
22703,Pink Cat Bowl,cuisine
22704,Wrap Red Apples,papeterie
22705,Wrap Green Pears,papeterie
22706,Wrap Cowboys,papeterie
22707,Wrap Monster Fun,papeterie
22708,Wrap Dolly Girl,papeterie
22709,Wrap Wedding Day,papeterie
22710,Wrap I Love London,papeterie
22711,Wrap Circus Parade,papeterie
22712,Card Dolly Girl,papeterie
22713,Card I Love London,papeterie
22714,Card Birthday Cowboy,papeterie
22715,Card Wedding Day,papeterie
22716,Card Circus Parade,papeterie
22717,Card Dog And Ball,papeterie
22718,Card Cat And Tree,papeterie
22720,Set Of 3 Cake Tins Pantry Design,cuisine
22721,Set Of 3 Cake Tins Sketchbook,cuisine
22722,Set Of 6 Spice Tins Pantry Design,cuisine
22723,Set Of 6 Herb Tins Sketchbook,cuisine
22725,Alarm Clock Bakelike Chocolate,deco
22726,Alarm Clock Bakelike Green,deco
22727,Alarm Clock Bakelike Red,deco
22728,Alarm Clock Bakelike Pink,deco
22729,Alarm Clock Bakelike Orange,deco
22730,Alarm Clock Bakelike Ivory,deco
22731,3D Christmas Stamps Stickers,papeterie
22732,3D Vintage Christmas Stickers,papeterie
22733,3D Traditional Christmas Stickers,papeterie
22734,Set Of 6 Ribbons Vintage Christmas,deco
22735,Ribbon Reel Socks And Mittens,divers
22736,Ribbon Reel Making Snowmen,divers
22737,Ribbon Reel Christmas Present,divers
22738,Ribbon Reel Snowy Village,divers
22739,Ribbon Reel Christmas Sock Bauble,deco
22740,Polkadot Pen,divers
22741,Funky Diva Pen,divers
22742,Make Your Own Playtime Card Kit,papeterie
22743,Make Your Own Flowerpower Card Kit,papeterie
22744,Make Your Own Monsoon Card Kit,papeterie
22745,Poppy'S Playhouse Bedroom,jouet
22746,Poppy'S Playhouse Livingroom,jouet
22747,Poppy'S Playhouse Bathroom,jouet
22748,Poppy'S Playhouse Kitchen,cuisine
22749,Feltcraft Princess Charlotte Doll,jouet
22750,Feltcraft Princess Lola Doll,jouet
22751,Feltcraft Princess Olivia Doll,jouet
22752,Set 7 Babushka Nesting Boxes,cuisine
22753,Small Yellow Babushka Notebook,papeterie
22754,Small Red Babushka Notebook,papeterie
22755,Small Purple Babushka Notebook,papeterie
22756,Large Yellow Babushka Notebook,papeterie
22757,Large Red Babushka Notebook,papeterie
22758,Large Purple Babushka Notebook,papeterie
22759,Set Of 3 Notebooks In Parcel,papeterie
22760,"Tray, Breakfast In Bed",divers
22761,Chest 7 Drawer Ma Campagne,divers
22762,Cupboard 3 Drawer Ma Campagne,cuisine
22763,Key Cabinet Ma Campagne,divers
22766,Photo Frame Cornice,deco
22767,Triple Photo Frame Cornice,deco
22768,Family Photo Frame Cornice,deco
22769,Chalkboard Kitchen Organiser,papeterie
22770,Mirror Cornice,deco
22771,Clear Drawer Knob Acrylic Edwardian,deco
22772,Pink Drawer Knob Acrylic Edwardian,deco
22773,Green Drawer Knob Acrylic Edwardian,deco
22774,Red Drawer Knob Acrylic Edwardian,deco
22775,Purple Drawerknob Acrylic Edwardian,deco
22776,Sweetheart Cakestand 3 Tier,cuisine
22778,Glass Cloche Small,cuisine
22779,Wooden Owls Light Garland,deco
22780,Light Garland Butterfiles Pink,deco
22781,Gumball Magazine Rack,divers
22782,Set 3 Wicker Storage Baskets,deco
22783,Set 3 Wicker Oval Baskets W Lids,deco
22784,Lantern Cream Gazebo,deco
22785,Squarecushion Cover Pink Union Flag,deco
22786,Cushion Cover Pink Union Jack,deco
22788,Brocante Coat Rack,divers
22789,T-Light Holder Sweetheart Hanging,deco
22791,T-Light Glass Fluted Antique,cuisine
22792,Fluted Antique Candle Holder,deco
22794,Sweetheart Wire Magazine Rack,deco
22795,Sweetheart Recipe Book Stand,deco
22796,Photo Frame 3 Classic Hanging,deco
22797,Chest Of Drawers Gingham Heart,deco
22798,Antique Glass Dressing Table Pot,cuisine
22799,Sweetheart Wire Fruit Bowl,cuisine
22800,Antique Tall Swirlglass Trinket Pot,cuisine
22801,Antique Glass Pedestal Bowl,cuisine
22802,Faux Fur Chocolate Throw,divers
22803,Ivory Embroidered Quilt,divers
22804,Candleholder Pink Hanging Heart,deco
22805,Blue Drawer Knob Acrylic Edwardian,deco
22806,Set Of 6 T-Lights Wedding Cake,cuisine
22807,Set Of 6 T-Lights Toadstools,deco
22808,Set Of 6 T-Lights Easter Chicks,deco
22809,Set Of 6 T-Lights Santa,deco
22810,Set Of 6 T-Lights Snowmen,deco
22811,Set Of 6 T-Lights Cacti,deco
22812,Pack 3 Boxes Christmas Pannetone,deco
22813,Pack 3 Boxes Bird Pannetone,jardin
22814,Card Party Games,papeterie
22815,Card Psychedelic Apples,papeterie
22816,Card Motorbike Santa,papeterie
22817,Card Suki Birthday,papeterie
22818,Card Christmas Village,papeterie
22819,"Birthday Card, Retro Spot",papeterie
22820,Gift Bag Birthday,sac
22821,Gift Bag Psychedelic Apples,sac
22822,Cream Wall Planter Heart Shaped,jardin
22823,Chest Natural Wood 20 Drawers,divers
22824,3 Tier Sweetheart Garden Shelf,jardin
22825,Decorative Plant Pot With Frieze,jardin
22826,Love Seat Antique White Metal,divers
22827,Rustic  Seventeen Drawer Sideboard,divers
22829,Sweetheart Wire Wall Tidy,deco
22831,White Brocante Soap Dish,divers
22832,Brocante Shelf With Hooks,deco
22834,Hand Warmer Babushka Design,deco
22835,Hot Water Bottle I Am So Poorly,cuisine
22837,Hot Water Bottle Babushka,cuisine
22838,3 Tier Cake Tin Red And Cream,cuisine
22839,3 Tier Cake Tin Green And Cream,cuisine
22840,Round Cake Tin Vintage Red,cuisine
22841,Round Cake Tin Vintage Green,cuisine
22842,Biscuit Tin Vintage Red,cuisine
22843,Biscuit Tin Vintage Green,cuisine
22844,Vintage Cream Dog Food Container,deco
22845,Vintage Cream Cat Food Container,deco
22846,Bread Bin Diner Style Red,divers
22847,Bread Bin Diner Style Ivory,divers
22848,Bread Bin Diner Style Pink,divers
22849,Bread Bin Diner Style Mint,divers
22851,Set 20 Napkins Fairy Cakes Design,cuisine
22852,Dog Bowl Vintage Cream,cuisine
22853,Cat Bowl Vintage Cream,cuisine
22854,Cream Sweetheart Egg Holder,cuisine
22855,Fine Wicker Heart,deco
22856,Assorted Easter Decorations  Bells,deco
22857,Assorted Easter Gift Tags,papeterie
22858,Easter Tin Keepsake,cuisine
22859,Easter Tin Bunny Bouquet,cuisine
22860,Easter Tin Chicks Pink Daisy,cuisine
22861,Easter Tin Chicks In Garden,cuisine
22862,Love Heart Napkin Box,cuisine
22863,Soap Dish Brocante,divers
22865,Hand Warmer Owl Design,deco
22866,Hand Warmer Scotty Dog Design,deco
22867,Hand Warmer Bird Design,jardin
22879,Number Tile Vintage Font 0,deco
22880,Number Tile Vintage Font 1,deco
22881,Number Tile Vintage Font 2,deco
22882,Number Tile Vintage Font 3,deco
22883,Number Tile Vintage Font 4,deco
22884,Number Tile Vintage Font 5,deco
22885,Number Tile Vintage Font 6,deco
22886,Number Tile Vintage Font 7,deco
22887,Number Tile Vintage Font 8,deco
22888,Number Tile Vintage Font 9,deco
22889,Number Tile Vintage Font No,deco
22890,Novelty Biscuits Cake Stand 3 Tier,cuisine
22891,Tea For One Polkadot,cuisine
22892,Set Of Salt And Pepper Toadstools,divers
22893,Mini Cake Stand T-Light Holder,cuisine
22894,Tablecloth Red Apples Design,deco
22895,Set Of 2 Tea Towels Apple And Pears,cuisine
22896,Peg Bag Apples Design,sac
22897,Oven Mitt Apples Design,deco
22898,Childrens Apron Apples Design,cuisine
22899,Children'S Apron Dolly Girl,cuisine
22900,Set 2 Tea Towels I Love London,cuisine
22902,Tote Bag I Love London,sac
22903,Calendar Family Favourites,divers
22904,Calendar Paper Cut Design,papeterie
22905,Calendar In Season Design,deco
22906,12 Message Cards With Envelopes,papeterie
22907,Pack Of 20 Napkins Pantry Design,cuisine
22908,Pack Of 20 Napkins Red Apples,cuisine
22909,Set Of 20 Vintage Christmas Napkins,cuisine
22910,Paper Chain Kit Vintage Christmas,papeterie
22911,Paper Chain Kit London,papeterie
22912,Yellow Coat Rack Paris Fashion,divers
22913,Red Coat Rack Paris Fashion,divers
22914,Blue Coat Rack Paris Fashion,divers
22915,Assorted Bottle Top  Magnets,cuisine
22916,Herb Marker Thyme,divers
22917,Herb Marker Rosemary,jardin
22918,Herb Marker Parsley,divers
22919,Herb Marker Mint,divers
22920,Herb Marker Basil,divers
22921,Herb Marker Chives,divers
22922,Fridge Magnets Us Diner Assorted,divers
22923,Fridge Magnets Les Enfants Assorted,divers
22924,Fridge Magnets La Vie En Rose,jardin
22925,Blue Giant Garden Thermometer,jardin
22926,Ivory Giant Garden Thermometer,jardin
22927,Green Giant Garden Thermometer,jardin
22928,Yellow Giant Garden Thermometer,jardin
22929,School Desk And Chair,bijou
22930,Baking Mould Heart Milk Chocolate,cuisine
22931,Baking Mould Heart White Chocolate,cuisine
22932,Baking Mould Toffee Cup Chocolate,cuisine
22933,Baking Mould Easter Egg Milk Choc,cuisine
22934,Baking Mould Easter Egg White Choc,cuisine
22935,Baking Mould Rose Milk Chocolate,cuisine
22936,Baking Mould Rose White Chocolate,cuisine
22937,Baking Mould Chocolate Cupcakes,cuisine
22938,Cupcake Lace Paper Set 6,papeterie
22939,Apron Apple Delight,cuisine
22940,Feltcraft Christmas Fairy,divers
22941,Christmas Lights 10 Reindeer,deco
22942,Christmas Lights 10 Santas,deco
22943,Christmas Lights 10 Vintage Baubles,deco
22944,Christmas Metal Postcard With Bells,papeterie
22945,Christmas Metal Tags Assorted,divers
22946,Wooden Advent Calendar Cream,divers
22947,Wooden Advent Calendar Red,divers
22948,Metal Decoration Naughty Children,deco
22949,36 Doilies Dolly Girl,jouet
22950,36 Doilies Vintage Christmas,deco
22951,60 Cake Cases Dolly Girl Design,cuisine
22952,60 Cake Cases Vintage Christmas,cuisine
22953,Birthday Party Cordon Barrier Tape,divers
22954,Hen Party Cordon Barrier Tape,divers
22955,36 Foil Star Cake Cases,cuisine
22956,36 Foil Heart Cake Cases,cuisine
22957,Set 3 Paper Vintage Chick Paper Egg,papeterie
22959,Wrap Christmas Village,papeterie
22960,Jam Making Set With Jars,cuisine
22961,Jam Making Set Printed,divers
22962,Jam Jar With Pink Lid,cuisine
22963,Jam Jar With Green Lid,cuisine
22964,3 Piece Spaceboy Cookie Cutter Set,jouet
22965,3 Traditional Biscuit Cutters  Set,divers
22966,Gingerbread Man Cookie Cutter,divers
22967,Set 3 Song Bird Paper Eggs Assorted,papeterie
22968,Rose Cottage Keepsake Box,jardin
22969,Homemade Jam Scented Candles,deco
22970,London Bus Coffee Mug,cuisine
22971,Queens Guard Coffee Mug,cuisine
22972,Children'S Spaceboy Mug,cuisine
22973,Children'S Circus Parade Mug,cuisine
22974,Childrens Dolly Girl Mug,cuisine
22975,Spaceboy Childrens Egg Cup,cuisine
22976,Circus Parade Childrens Egg Cup,cuisine
22977,Dolly Girl Childrens Egg Cup,cuisine
22978,Pantry Rolling Pin,cuisine
22979,Pantry Washing Up Brush,cuisine
22980,Pantry Scrubbing Brush,cuisine
22981,Pantry Apple Corer,cuisine
22982,Pantry Pastry Brush,cuisine
22983,Card Billboard Font,papeterie
22984,Card Gingham Rose,papeterie
22985,"Wrap, Billboard Fonts Design",papeterie
22986,Gingham Rose Wrap,papeterie
22987,Wrap Summer Rose Design,papeterie
22988,Soldiers Egg Cup,cuisine
22989,Set 2 Pantry Design Tea Towels,cuisine
22990,Cotton Apron Pantry Design,cuisine
22991,Giraffe Wooden Ruler,divers
22992,Revolver Wooden Ruler,divers
22993,Set Of 4 Pantry Jelly Moulds,cuisine
22994,Travel Card Wallet Retrospot,sac
22995,Travel Card Wallet Suki,sac
22996,Travel Card Wallet Vintage Ticket,sac
22997,Travel Card Wallet Union Jack,sac
22998,Travel Card Wallet Keep Calm,sac
22999,Travel Card Wallet Retro Petals,sac
23000,Travel Card Wallet Transport,sac
23002,Travel Card Wallet Skulls,sac
23003,Travel Card Wallet Vintage Rose,sac
23004,Travel Card Wallet Pantry,sac
23005,Travel Card Wallet I Love London,sac
23006,Travel Card Wallet Flower Meadow,sac
23007,Spaceboy Baby Gift Set,jouet
23008,Dolly Girl Baby Gift Set,jouet
23009,I Love London Baby Gift Set,divers
23010,Circus Parade Baby Gift Set,divers
23012,Glass Apothecary Bottle Perfume,cuisine
23013,Glass Apothecary Bottle Tonic,cuisine
23014,Glass Apothecary Bottle Elixir,cuisine
23015,Cordial Glass Jug,cuisine
23016,Glass Twist Bon Bon Jar,cuisine
23017,Apothecary Measuring Jar,cuisine
23018,Large Apothecary Measuring Jar,cuisine
23019,Small Apothecary Measuring Jar,cuisine
23020,Glass  Songbird Storage Jar,cuisine
23021,Glass Bonne Jam Jar,cuisine
23022,Small Bonne Jam Jar  T-Light Holder,cuisine
23023,Ridged Bonne Jam Jar T-Light Holder,cuisine
23024,Large Bonne Jam Jar  T-Light Holder,cuisine
23025,Drawer Knob Vintage Glass Ball,cuisine
23026,Drawer Knob Vintage Glass Star,cuisine
23027,Drawer Knob Vintage Glass Hexagon,cuisine
23028,Doorknob Cracked Glaze Blue,deco
23029,Drawer Knob Crackle Glaze Green,deco
23031,Drawer Knob Crackle Glaze Pink,deco
23032,Doorknob Cracked Glaze Ivory,deco
23033,Drawer Knob Ceramic Red,deco
23034,Drawer Knob Ceramic Black,deco
23035,Drawer Knob Ceramic Ivory,deco
23037,Candle Holder Silver Madeline,deco
23039,T-Light Holder Silver Heart Handle,deco
23040,Paper Lantern 9 Point Snow Star,papeterie
23041,Paper Lantern 9 Point Snow Star,papeterie
23042,Paper Lantern 7 Point Snow Star,papeterie
23044,Paper Lantern 9 Point Holly Star S,papeterie
23045,Paper Lantern 5 Point Star Moon,papeterie
23046,Paper Lantern 9 Point Deluxe Star,papeterie
23047,Paper Lantern 5 Point Studded Star,papeterie
23048,Set Of 10 Lanterns Fairy Light Star,deco
23049,Recycled Acapulco Mat Red,divers
23050,Recycled Acapulco Mat Green,divers
23051,Recycled Acapulco Mat Blue,divers
23052,Recycled Acapulco Mat Turquoise,divers
23053,Recycled Acapulco Mat Pink,divers
23054,Recycled Acapulco Mat Lavender,divers
23055,Ivory Chandelier T-Light Holder,deco
23056,Flowers Chandelier T-Light Holder,jardin
23057,Beaded Chandelier T-Light Holder,bijou
23058,Christmas Hanging Snowflake,deco
23060,Heart Beaded Trellis Decoration,bijou
23061,Vintage Embossed Heart,deco
23064,Cinderella Chandelier,divers
23065,Large Deco Jewellery Stand,bijou
23066,Small Deco Jewellery Stand,bijou
23067,Hanging Engraved Metal Heart,deco
23068,Aluminium Stamped Heart,deco
23069,Edwardian Photo Frame,deco
23070,Edwardian Heart Photo Frame,deco
23071,Marie Antoinette Trinket Box Gold,deco
23072,Marie Antoinette Trinket Box Silver,deco
23073,Georgian Trinket Box,deco
23074,Embossed Heart Trinket Box,deco
23075,Parlour Ceramic Wall Hook,deco
23076,Ice Cream Sundae Lip Gloss,divers
23077,Doughnut Lip Gloss,divers
23078,Ice Cream Pen Lip Gloss,papeterie
23079,Toadstool Bedside Light,deco
23080,Red Metal Box Top Secret,deco
23081,Green Metal Box Army Supplies,deco
23082,Set 6 Paper Table Lantern Hearts,papeterie
23083,Set 6 Paper Table Lantern Stars,papeterie
23084,Rabbit Night Light,jouet
23085,Antique Silver Bauble Lamp,deco
23086,Zinc  Star T-Light Holder,deco
23087,Zinc  Heart T-Light Holder,deco
23088,Zinc Heart Flower T-Light Holder,jardin
23089,Glass Bon Bon Jar,cuisine
23090,Vintage Glass T-Light Holder,cuisine
23091,Zinc Herb Garden Container,jardin
23092,Large Antique White Photo Frame,deco
23093,Small Parisienne Heart Photo Frame,deco
23094,Le Grand Tray Chic Set,divers
23096,Petit Tray Chic,divers
23099,French Carriage Lantern,deco
23100,Silver Bells Table Decoration,deco
23101,Silver Stars Table Decoration,deco
23102,Silver Hearts Table Decoration,deco
23103,Jingle Bell Heart Decoration,deco
23104,Ivory Pantry Hanging Lamp,cuisine
23106,Zinc Hearts Plant Pot Holder,jardin
23107,White Hearts Wire Plant Pot Holder,jardin
23108,Set Of 10 Led Dolly Lights,jouet
23109,Led Tea Lights,cuisine
23110,Parisienne Key Cabinet,divers
23111,Parisienne Sewing Box,deco
23112,Parisienne Curio Cabinet,divers
23113,Pantry Chopping Board,cuisine
23114,Vintage Leaf Chopping Board,deco
23115,Red Apples Chopping Board,divers
23116,Vegetable Garden Chopping Board,jardin
23117,Poppy Fields Chopping Board,divers
23118,Parisienne Jewellery Drawer,bijou
23119,Pack Of 6 Large Fruit Straws,divers
23120,Pack Of 6 Small Fruit Straws,divers
23121,Pack Of 6 Cocktail Parasol Straws,jardin
23122,Party Charms 50 Pieces,divers
23123,Cocktail Swords 50 Pieces,divers
23124,18Pc Wooden Cutlery Set Disposable,cuisine
23125,6Pc Wood Plate Set Disposable,cuisine
23126,Feltcraft Girl Amelie Kit,divers
23127,Dollcraft Girl Nicole,jouet
23128,Dollcraft Boy Jean-Paul,jouet
23129,Heart Shaped Holly Wreath,deco
23130,Mistletoe Heart Wreath Green,deco
23131,Mistletoe Heart Wreath Cream,deco
23132,Small Ivory Heart Wall Organiser,deco
23133,Large Ivory Heart Wall Organiser,deco
23134,Large Zinc Heart Wall Organiser,deco
23135,Small Zinc Heart Wall Organiser,deco
23136,Ivory Wire Sweetheart Letter Tray,deco
23137,Zinc Wire Sweetheart Letter Tray,deco
23138,Single Wire Hook Ivory Heart,deco
23139,Single Wire Hook Pink Heart,deco
23140,Triple Wire Hook Ivory Heart,deco
23141,Triple Wire Hook Pink Heart,deco
23142,Ivory Wire Kitchen Organiser,cuisine
23143,Zinc Wire Kitchen Organiser,cuisine
23144,Zinc T-Light Holder Stars Small,deco
23145,Zinc T-Light Holder Star Large,deco
23146,Triple Hook Antique Ivory Rose,jardin
23147,Single Antique Rose Hook Ivory,jardin
23148,Miniature Antique Rose Hook Ivory,jardin
23149,Antique Ivory Wire Bowl Small,cuisine
23150,Ivory Sweetheart Soap Dish,deco
23152,Ivory Sweetheart Wire Letter Rack,deco
23153,Zinc Sweetheart Wire Letter Rack,deco
23154,Set Of 4 Jam Jar Magnets,cuisine
23155,Knickerbockerglory Magnet Assorted,divers
23156,Set Of 5 Mini Grocery Magnets,divers
23157,Set Of 6 Nativity Magnets,divers
23158,Set Of 5 Lucky Cat Magnets,divers
23159,Set Of 5 Pancake Day Magnets,cuisine
23160,Regency Tea Spoon,cuisine
23161,Regency Cake Fork,cuisine
23162,Regency Tea Strainer,cuisine
23163,Regency Sugar Tongs,divers
23164,Regency Cake Slice,cuisine
23165,Large Ceramic Top Storage Jar,cuisine
23166,Medium Ceramic Top Storage Jar,cuisine
23167,Small Ceramic Top Storage Jar,cuisine
23168,Classic Cafe Sugar Dispenser,divers
23169,Classic Glass Cookie Jar,cuisine
23170,Regency Tea Plate Roses,cuisine
23171,Regency Tea Plate Green,cuisine
23172,Regency Tea Plate Pink,cuisine
23173,Regency Teapot Roses,jardin
23174,Regency Sugar Bowl Green,cuisine
23175,Regency Milk Jug Pink,divers
23176,Abc Treasure Book Box,deco
23177,Treasure Island Book Box,deco
23178,Jam Clock Magnet,deco
23179,Clock Magnet Mum'S Kitchen,cuisine
23180,Mum'S Kitchen Clock,cuisine
23181,Bull Dog Bottle Top Wall Clock,cuisine
23182,Toilet Sign Occupied Or Vacant,cuisine
23183,Mother'S Kitchen Spoon Rest,cuisine
23184,Bull Dog Bottle Opener,cuisine
23185,French Style Storage Jar Jam,cuisine
23186,French Style Storage Jar Cafe,cuisine
23187,French Style Storage Jar Bonbons,cuisine
23188,Vintage  2 Meter Folding Ruler,deco
23189,Set Of 12 Fork Candles,deco
23190,Bundle Of 3 School Exercise Books,divers
23191,Bundle Of 3 Retro Note Books,divers
23192,Bundle Of 3 Alphabet Exercise Books,divers
23193,Buffalo Bill Treasure Book Box,deco
23194,Gymkhana Treasure Book Box,deco
23196,Vintage Leaf Magnetic Notepad,deco
23197,Sketchbook Magnetic Shopping List,divers
23198,Pantry Magnetic  Shopping List,cuisine
23199,Jumbo Bag Apples,sac
23200,Jumbo Bag Pears,sac
23201,Jumbo Bag Alphabet,sac
23202,Jumbo Bag Vintage Leaf,sac
23203,Jumbo Bag Doiley Patterns,sac
23204,Charlotte Bag Apples Design,sac
23205,Charlotte Bag Vintage Alphabet,sac
23206,Lunch Bag Apple Design,sac
23207,Lunch Bag Alphabet Design,sac
23208,Lunch Bag Vintage Leaf Design,sac
23209,Lunch Bag Doiley Pattern,sac
23210,White Rocking Horse Hand Painted,jouet
23211,Red Rocking Horse Hand Painted,jouet
23212,Heart Wreath Decoration With Bell,deco
23213,Star Wreath Decoration With Bell,deco
23214,Jingle Bell Heart Antique Gold,deco
23215,Jingle Bell Heart Antique Silver,deco
23216,Laurel Heart Antique Gold,deco
23217,Laurel Heart Antique Silver,deco
23218,Laurel Star Antique Gold,deco
23219,Laurel Star Antique Silver,deco
23220,Reindeer Heart Decoration Gold,deco
23221,Reindeer Heart Decoration Silver,deco
23222,Christmas Tree Hanging Gold,jardin
23223,Christmas Tree Hanging Silver,jardin
23224,Cherub Heart Decoration Gold,deco
23225,Cherub Heart Decoration Silver,deco
23226,Filigree Heart Daisy White,jardin
23227,Filigree Heart Butterfly White,deco
23228,Filigree Heart Bird White,jardin
23229,Vintage Donkey Tail Game,jouet
23230,Wrap Alphabet Design,papeterie
23231,Wrap Doiley Design,papeterie
23232,Wrap Vintage Petals  Design,papeterie
23233,Wrap Poppies  Design,papeterie
23234,Biscuit Tin Vintage Christmas,cuisine
23235,Storage Tin Vintage Leaf,cuisine
23236,Doiley Storage Tin,cuisine
23237,Set Of 4 Knick Knack Tins Leaves,cuisine
23238,Set Of 4 Knick Knack Tins London,cuisine
23239,Set Of 4 Knick Knack Tins Poppies,cuisine
23240,Set Of 4 Knick Knack Tins Doiley,cuisine
23241,Treasure Tin Gymkhana Design,cuisine
23242,Treasure Tin Buffalo Bill,cuisine
23243,Set Of Tea Coffee Sugar Tins Pantry,cuisine
23244,Round Storage Tin Vintage Leaf,cuisine
23245,Set Of 3 Regency Cake Tins,cuisine
23247,Biscuit Tin 50'S Christmas,cuisine
23249,Vintage Red Enamel Trim Plate,cuisine
23250,Vintage Red Trim Enamel Bowl,cuisine
23251,Vintage Red Enamel Trim Mug,cuisine
23252,Vintage Red Enamel Trim Jug,deco
23253,16 Piece Cutlery Set Pantry Design,cuisine
23254,Childrens Cutlery Dolly Girl,cuisine
23255,Childrens Cutlery Circus Parade,cuisine
23256,Childrens Cutlery Spaceboy,cuisine
23263,Set Of 3 Wooden Heart Decorations,deco
23264,Set Of 3 Wooden Sleigh Decorations,deco
23265,Set Of 3 Wooden Tree Decorations,jardin
23266,Set Of 3 Wooden Stocking Decoration,deco
23267,Set Of 4 Santa Place Settings,cuisine
23268,Set Of 2 Ceramic Christmas Reindeer,divers
23269,Set Of 2 Ceramic Christmas Trees,jardin
23270,Set Of 2 Ceramic Painted Hearts,deco
23271,Christmas Table Silver Candle Spike,deco
23272,Tree T-Light Holder Willie Winkie,jardin
23273,Heart T-Light Holder Willie Winkie,deco
23274,Star T-Light Holder Willie Winkie,deco
23275,Set Of 3 Hanging Owls Ollie Beak,deco
23280,Folding Butterfly Mirror Hot Pink,deco
23281,Folding Butterfly Mirror Red,deco
23282,Folding Butterfly Mirror Ivory,deco
23283,Doormat Vintage Leaves Design,deco
23284,Doormat Keep Calm And Come In,deco
23285,Pink Vintage Spot Beaker,deco
23286,Blue Vintage Spot Beaker,deco
23287,Red Vintage Spot Beaker,deco
23288,Green Vintage Spot Beaker,deco
23289,Dolly Girl Childrens Bowl,cuisine
23290,Spaceboy Childrens Bowl,cuisine
23291,Dolly Girl Childrens Cup,cuisine
23292,Space Boy Childrens Cup,cuisine
23293,Set Of 12 Fairy Cake Baking Cases,cuisine
23294,Set Of 6 Snack Loaf Baking Cases,cuisine
23295,Set Of 12 Mini Loaf Baking Cases,cuisine
23296,Set Of 6 Tea Time Baking Cases,cuisine
23297,Set 40 Heart Shape Petit Four Cases,deco
23298,Spotty Bunting,cuisine
23299,Food Cover With Beads Set 2,bijou
23300,Gardeners Kneeling Pad Cup Of Tea,cuisine
23301,Gardeners Kneeling Pad Keep Calm,jardin
23302,Kneeling Mat Housework  Design,deco
23303,Set 4 Picnic Cutlery Fondant,cuisine
23304,Set 4 Picnic Cutlery Cherry,cuisine
23305,Set 4 Picnic Cutlery Blueberry,cuisine
23306,Set Of 36 Doilies Pantry Design,cuisine
23307,Set Of 60 Pantry Design Cake Cases,cuisine
23308,Set Of 60 Vintage Leaf Cake Cases,cuisine
23309,Set Of 60 I Love London Cake Cases,cuisine
23310,Bubblegum Ring Assorted,bijou
23311,Vintage Christmas Stocking,deco
23312,Vintage Christmas Gift Sack,deco
23313,Vintage Christmas Bunting,cuisine
23314,Vintage Christmas Tablecloth,deco
23315,Ivory Refectory Clock,deco
23316,Red Refectory Clock,deco
23317,Blue Refectory Clock,deco
23318,Box Of 6 Mini Vintage Crackers,deco
23319,Box Of 6 Mini 50'S Crackers,deco
23320,Giant 50'S Christmas Cracker,divers
23321,Small White Heart Of Wicker,deco
23322,Large White Heart Of Wicker,deco
23323,White Wicker Star,deco
23324,Rustic Strawberry Jam Pot Large,divers
23325,Rustic Strawberry Jam Pot Small,divers
23326,Hanging Mini Coloured Bottles,cuisine
23327,Hanging Clear Mini Bottle,cuisine
23328,Set 6 School Milk Bottles In Crate,cuisine
23329,Decorative Wicker Heart Large,deco
23330,Decorative Wicker Heart Medium,deco
23331,Decorative Wicker Heart Small,deco
23332,Ivory Wicker Heart Large,deco
23333,Ivory Wicker Heart Medium,deco
23334,Ivory Wicker Heart Small,deco
23335,Egg Frying Pan Ivory,cuisine
23336,Egg Frying Pan Pink,cuisine
23337,Egg Frying Pan Mint,cuisine
23338,Egg Frying Pan Red,cuisine
23339,Egg Frying Pan Blue,cuisine
23340,Vintage Christmas Cake Frill,cuisine
23341,Pink Diner Wall Clock,deco
23342,Mint Diner Wall Clock,deco
23343,Jumbo Bag Vintage Christmas,sac
23344,Jumbo Bag 50'S Christmas,sac
23345,Dolly Girl Beaker,jouet
23346,Spaceboy Beaker,jouet
23347,I Love London Beaker,divers
23348,Childrens Toy Cooking Utensil Set,jouet
23349,Roll Wrap Vintage Christmas,papeterie
23350,Roll Wrap Vintage Spot,papeterie
23351,Roll Wrap 50'S Christmas,papeterie
23352,Roll Wrap 50'S Red Christmas,papeterie
23353,6 Gift Tags Vintage Christmas,papeterie
23354,6 Gift Tags 50'S Christmas,papeterie
23355,Hot Water Bottle Keep Calm,cuisine
23356,Love Hot Water Bottle,cuisine
23357,Hot Water Bottle Sex Bomb,cuisine
23358,Hot Stuff Hot Water Bottle,cuisine
23359,Set Of 12 T-Lights Vintage Doily,deco
23360,Set 8 Candles Vintage Doily,deco
23365,Set 12 Colour Pencils Love London,papeterie
23366,Set 12 Colouring Pencils Doily,papeterie
23367,Set 12 Colour Pencils Spaceboy,papeterie
23368,Set 12 Colour Pencils Dolly Girl,papeterie
23369,Set 36 Colour Pencils Love London,papeterie
23370,Set 36 Colouring Pencils Doily,papeterie
23371,Set 36 Colour Pencils Spaceboy,papeterie
23372,Set 36 Colour Pencils Dolly Girl,papeterie
23373,Vintage Christmas Paper Gift Bag,sac
23374,Red Spot Paper Gift Bag,sac
23375,50'S Christmas Paper Gift Bag,sac
23376,Pack Of 12 Vintage Christmas Tissue,deco
23377,Pack Of 12 Dolly Girl Tissues,jouet
23378,Pack Of 12 50'S Christmas Tissues,divers
23379,Pack Of 12 Red Apple Tissues,divers
23380,Pack Of 12 Vintage Doily Tissues,deco
23381,Pack Of 12 Vintage Leaf Tissues,deco
23382,Box Of 6 Christmas Cake Decorations,cuisine
23388,Woodland Mini Backpack,divers
23389,Spaceboy Mini Backpack,jouet
23390,Dolly Girl Mini Backpack,jouet
23391,I Love London Mini Backpack,divers
23392,Spaceboy Rocket Lolly Makers,jouet
23393,Home Sweet Home Cushion Cover,deco
23394,Poste France Cushion Cover,deco
23395,Belle Jardiniere Cushion Cover,cuisine
23396,La Jardin Botanique Cushion Cover,cuisine
23397,Foot Stool Home Sweet Home,divers
23398,Hanging Heart Bonheur,deco
23399,Home Sweet Home Hanging Heart,deco
23400,Shelf With 4 Hooks Home Sweet Home,deco
23401,Rustic Mirror With Lace Heart,deco
23402,Home Sweet Home 3 Peg Hanger,divers
23403,Letter Holder Home Sweet Home,deco
23404,Home Sweet Home Blackboard,divers
23405,Home Sweet Home 2 Drawer Cabinet,divers
23406,Home Sweet Home Key Holder,deco
23407,Set Of 2 Trays Home Sweet Home,divers
23408,Photo Frame Linen And Lace Small,deco
23409,Photo Frame Linen And Lace Large,deco
23410,Curio Cabinet Linen And Lace,divers
23411,Trellis Coat Rack,divers
23412,Heart Mirror Antique White,deco
23413,Vintage Coffee Grinder Box,cuisine
23414,Zinc Box Sign Home,deco
23415,Home Sweet Home Hook,deco
23416,Chambre Hook,deco
23417,Bathroom Hook,deco
23418,Lavender Toilette Bottle,cuisine
23419,Home Sweet Home Bottle,cuisine
23420,Pantry Hook Tea Strainer,cuisine
23421,Pantry Hook Spatula,cuisine
23422,Pantry Hook Balloon Whisk,cuisine
23423,Pantry 3 Hook Rolling Pin Hanger,cuisine
23424,Gingham Recipe Book Box,deco
23425,Storage Tin Home Sweet Home,cuisine
23426,Metal Sign Drop Your Pants,deco
23427,Stool Home Sweet Home,divers
23428,Ivory Retro Kitchen Wall Clock,cuisine
23429,Red Retro Kitchen Wall Clock,cuisine
23430,Blue Retro Kitchen Wall Clock,cuisine
23431,Natural Hanging Quilted Hearts,deco
23432,Pretty Hanging Quilted Hearts,deco
23433,Hanging Quilted Patchwork Apples,deco
23434,3 Raffia Ribbons 50'S Christmas,divers
23435,3 Raffia Ribbons Vintage Christmas,deco
23436,Vintage Christmas Gift Bag Large,sac
23437,50'S Christmas Gift Bag Large,sac
23438,Red Spot Gift Bag Large,sac
23439,Hand Warmer Red Love Heart,deco
23444,Next Day Carriage,divers
23445,Ice Cream Bubbles,divers
23451,Square Mini Portrait Frame,deco
23452,Heart Mini Portrait Frame,deco
23453,Oval  Mini Portrait Frame,deco
23454,Set Of 3 Mini Hanging Portraits,deco
23455,Small Parlour Picture Frame,deco
23456,Medium Parlour Picture Frame,deco
23457,Large Parlour Frame,deco
23458,Dolly Cabinet 3 Drawers,jouet
23459,Dolly Cabinet 2 Drawers,jouet
23460,Sweetheart Wall Tidy,deco
23461,Sweetheart Bird House,jardin
23462,Rococo Wall Mirror White,deco
23463,Vintage Zinc Watering Can,bijou
23465,Tuscan Villa Bird Feeder,jardin
23466,Tuscan Villa Dovecote,divers
23467,Vintage Zinc Planter,jardin
23468,Tuscan Villa Bird Table,jardin
23469,Card Holder Love Bird Small,papeterie
23470,Card Holder Love Bird Large,papeterie
23471,Six Drawer Office Tidy,divers
23472,Nine Drawer Office Tidy,divers
23473,Woodland Small Red Felt Heart,deco
23474,Woodland Small Blue Felt Heart,deco
23475,Woodland Small Pink Felt Heart,deco
23476,Woodland Large Red Felt Heart,deco
23477,Woodland Large Blue Felt Heart,deco
23479,Wire Egg Basket,cuisine
23480,Mini Lights Woodland Mushrooms,deco
23481,Pearlised Ivory Heart Small,deco
23482,Pearlised Ivory Heart Large,deco
23483,Hanging  Butterfly T-Light Holder,deco
23484,Heart Trellistriple T-Light Holder,deco
23485,Botanical Gardens Wall Clock,jardin
23486,Antique Heart Shelf Unit,deco
23487,Sweet Heart Cake Carrier,cuisine
23489,"Garland, Vintage Bells",deco
23490,T-Light Holder Hanging Love Bird,jardin
23491,Vintage Jingle Bells Heart,deco
23492,Vintage Jingle Bells Wreath,deco
23493,Vintage Doily Travel Sewing Kit,deco
23494,Vintage Doily Deluxe Sewing Kit,deco
23495,Set Of 3 Pantry Wooden Spoons,cuisine
23496,Pantry Kitchen Thermometer,cuisine
23497,Classic Chrome Bicycle Bell,divers
23498,Classic Bicycle Clips,bijou
23499,Set 12 Vintage Doily Chalk,papeterie
23500,Key Ring Baseball Boot Assorted,bijou
23501,Key Ring Baseball Boot Union Jack,bijou
23502,Playing Cards Vintage Doily,papeterie
23503,Playing Cards Keep Calm & Carry On,papeterie
23504,Playing Cards Jubilee Union Jack,papeterie
23505,Playing Cards I Love London,papeterie
23506,Mini Playing Cards Spaceboy,papeterie
23507,Mini Playing Cards Buffalo Bill,papeterie
23508,Mini Playing Cards Dolly Girl,papeterie
23509,Mini Playing Cards Fun Fair,papeterie
23510,Mini Playing Cards Gymkhana,papeterie
23511,Embroidered Ribbon Reel Emily,divers
23512,Embroidered Ribbon Reel Rosie,divers
23513,Embroidered Ribbon Reel Susie,divers
23514,Embroidered Ribbon Reel Sally,divers
23515,Embroidered Ribbon Reel Daisy,jardin
23516,Embroidered Ribbon Reel Sophie,divers
23517,Embroidered Ribbon Reel Rebecca,divers
23518,Embroidered Ribbon Reel Rachel,divers
23519,Embroidered Ribbon Reel Claire,divers
23520,Embroidered Ribbon Reel Ruby,divers
23521,Wall Art Cat And Bird,jardin
23522,Wall Art Dog And Ball,divers
23523,Wall Art Treasure Ahoy,divers
23524,Horse & Pony Wall Art,jouet
23525,Wall Art Buffalo Bill,divers
23526,Dog Licence Wall Art,divers
23527,Wall Art Animals And Nature,jouet
23528,Wall Art Spaceboy,jouet
23529,Wall Art Dolly Girl,jouet
23530,Wall Art Only One Person,divers
23531,Wall Art Big Love,divers
23532,Wall Art Work Rest And Play,jouet
23533,Wall Art Garden Haven,jardin
23534,Stop For Tea Wall Art,cuisine
23535,Bicycle Saftey Wall Art,divers
23536,Village Show Wall Art,divers
23538,Wall Art Vintage Heart,deco
23539,"Wall Art , Loves' Secret",divers
23541,Wall Art Classic Puddings,divers
23542,70'S Alphabet Wall Art,divers
23543,Wall Art Keep Calm,divers
23544,Wall Art Mid Century Modern,divers
23545,Wrap Red Doiley,papeterie
23546,Wrap Paisley Park,papeterie
23547,Wrap Flower Shop,papeterie
23548,Wrap Magic Forest,papeterie
23549,Wrap Bird Garden,papeterie
23550,Wrap Alphabet Poster,papeterie
23551,Pack Of 12 Paisley Park Tissues,divers
23552,Bicycle Puncture Repair Kit,divers
23553,Landmark Frame Camden Town,deco
23554,Landmark Frame Oxford Street,jardin
23555,Landmark Frame Notting Hill,cuisine
23556,Landmark Frame Covent Garden,jardin
23557,Landmark Frame Baker Street,jardin
23558,Landmark Frame London Bridge,deco
23559,Woodland Bunnies Lolly Makers,divers
23560,Set Of 6 Ribbons Country Style,divers
23562,Set Of 6 Ribbons Perfectly Pretty,divers
23564,Egg Cup Milkmaid Ingrid,cuisine
23565,Egg Cup Milkmaid Helga,cuisine
23566,Egg Cup Milkmaid Heidi,cuisine
23567,Egg Cup Henrietta Hen Pink,cuisine
23568,Egg Cup Henrietta Hen Cream,cuisine
23569,Tradtional Alphabet Stamp Set,divers
23570,Traditional Pick Up Sticks Game,jouet
23571,Traditional Naughts & Crosses,divers
23574,Packing Charge,divers
23575,Snack Tray Paisley Park,divers
23576,Snack Tray Red Vintage Doily,deco
23578,Snack Tray Red Gingham,divers
23579,Snack Tray I Love London,divers
23580,Snack Tray Happy Forest,divers
23581,Jumbo Bag Paisley Park,sac
23582,Vintage Doily Jumbo Bag Red,sac
23583,Lunch Bag Paisley Park,sac
23597,Paper Bunting Paisley Park,papeterie
23598,Paper Bunting Vintage Party,papeterie
23660,Henrietta Hen Mug,cuisine
23661,Milk Maids Mug,cuisine
23681,Lunch Bag Red Vintage Doily,sac
23691,Wrap Keep Calm Birthday,papeterie
23692,Wrap A Pretty Thank You,papeterie
23694,Paisley Park Card,papeterie
23695,Doily Thank You Card,papeterie
23697,A Pretty Thank You Card,papeterie
23702,High Resolution Image,divers
35241,Enamel Blue Rim Biscuit Bin,divers
35265,Colourful Flower Fruit Bowl,cuisine
35443,Rasta In Bath W Spliff Ashtray,divers
35645,Vintage Bead Pink Jewel Box,bijou
35646,Vintage Bead Pink Evening Bag,sac
35648,Vintage Bead Pink Purse,sac
35649,Vintage Bead Cosmetic Bag,sac
35651,Vintage Bead Pink Scarf,bijou
35653,Vintage Bead Notebook,papeterie
35914,Pink Chick Egg Warmer + Egg Cup,cuisine
35920,Four Rabbit Easter Decorations,jouet
35922,Easter Bunny Wreath,jouet
35923,Candy Heart Hanging Decoration,deco
35924,Hanging Fairy Cake Decoration,cuisine
35933,Pink Stocking Christmas Decoration,deco
35953,Folkart Star Christmas Decorations,deco
35954,Small Folkart Star Christmas Dec,deco
35957,Smallfolkart Bauble Christmas Dec,deco
35958,Folkart Zinc Star Christmas Dec,deco
35961,Folkart Zinc Heart Christmas Dec,deco
35964,Folkart Clip On Stars,deco
35965,Folkart Heart Napkin Rings,cuisine
35967,Folk Art Metal Star T-Light Holder,deco
35968,Folk Art Metal Heart T-Light Holder,deco
35970,Zinc Folkart Sleigh Bells,divers
35971,Rose Folkart Heart Decorations,jardin
37327,Asstd Multicolour Circles Mug,cuisine
37333,"Retro ""Tea For One""",cuisine
37340,Multicolour Spring Flower Mug,cuisine
37342,Polkadot Coffee Cup & Saucer Pink,cuisine
37343,Polkadot Mug Pink,cuisine
37370,Retro Coffee Mugs Assorted,cuisine
37413,Icon Mug Revolutionary,cuisine
37446,Mini Cake Stand With Hanging Cakes,cuisine
37447,Ceramic Cake Design Spotted Plate,cuisine
37448,Ceramic Cake Design Spotted Mug,cuisine
37449,Ceramic Cake Stand + Hanging Cakes,cuisine
37450,Ceramic Cake Bowl + Hanging Cakes,cuisine
37467,Pig Mug In Two Colour Designs,cuisine
37468,Hardman Mug 3 Assorted,cuisine
37475,Set/4 Colourful Mixing Bowls,cuisine
37476,Condiment Tray 4 Bowls And 4 Spoons,cuisine
37495,Fairy Cake Birthday Candle Set,cuisine
37500,Tea Time Teapot In Gift Box,cuisine
37501,Tea Time Tea Set In Gift Box,cuisine
40001,White Bamboo Ribs Lampshade,deco
40003,White Bamboo Ribs Lampshade,deco
40016,Chinese Dragon Paper Lanterns,papeterie
44234,Assorted Circular Mobile,divers
44235,Assorted Coloured Circle Mobile,divers
47420,Assorted Colour Suction Cup Hook,cuisine
47480,Hanging Photo Clip Rope Ladder,deco
47566,Party Bunting,cuisine
47580,Tea Time Des Tea Cosy,cuisine
48111,Doormat 3 Smiley Cats,deco
48116,Doormat Multicolour Stripe,deco
48129,Doormat Topiary,deco
48138,Doormat Union Flag,deco
48184,Doormat English Rose,jardin
48185,Doormat Fairy Cake,cuisine
48187,Doormat New England,deco
48188,Doormat Welcome Puppies,deco
48194,Doormat Hearts,deco
51008,Afghan Slipper Sock Pair,divers
62018,Sombrero,divers
70006,Love Heart Pocket Warmer,deco
70007,Hi Tec Alpine Hand Warmer,divers
71038,White Hanging Beads Candle Holder,bijou
71053,White Metal Lantern,deco
71270,Photo Clip Line,divers
71279,Pink Glass Candleholder,cuisine
71403,"Pink/White ""Keep Clean"" Bullet Bin",divers
71459,Hanging Jam Jar T-Light Holder,cuisine
71477,Colour Glass. Star T-Light Holder,cuisine
72122,Coffee Scent Pillar Candle,cuisine
72127,Columbian Candle Round,deco
72128,Columbian Candle Round,deco
72130,Columbian Candle Round,deco
72131,Columbian Candle Rectangle,deco
72132,Columbian Cube Candle,deco
72133,Columbian Candle Rectangle,deco
72134,Columbian  Cube Candle,deco
72232,Feng Shui Pillar Candle,deco
72586,Set Of 6 Halloween Ghost T-Lights,deco
72598,Set/12 Taper Candles,deco
72741,Grand Chocolatecandle,deco
72780,Black Silouette Candle Plate,cuisine
72815,3 Wick Christmas Briar Candle,deco
72816,Set/3 Christmas Decoupage Candles,deco
72817,Set Of 2 Christmas Decoupage Candle,deco
72818,Christmas Decoupage Candle,deco
72819,Cupid Design Scented Candles,cuisine
75011,Blue Daisy Mobile,jardin
77079,Dolphin Windmill,jardin
78033,Flag Of St George Chair,bijou
78124,Magazine Rack Gebra Assorted,divers
79000,Moroccan Tea Glass,cuisine
79160,Heart Shape Wireless Doorbell,deco
79163,Black Champagne Glass,cuisine
79321,Chilli Lights,deco
79403,Frosted White Base,divers
82482,Wooden Picture Frame White Finish,deco
82483,Wood 2 Drawer Cabinet White Finish,divers
82484,Wood Black Board Ant White Finish,divers
82486,Wood S/3 Cabinet Ant White Finish,divers
82551,Laundry 15C Metal Sign,deco
82552,Washroom Metal Sign,deco
82567,"Airline Lounge,Metal Sign",deco
82578,Kitchen Metal Sign,cuisine
82580,Bathroom Metal Sign,deco
82581,Toilet Metal Sign,deco
82582,Area Patrolled Metal Sign,deco
82583,Hot Baths Metal Sign,deco
82599,Fanny'S Rest Stopmetal Sign,deco
82600,No Singing Metal Sign,deco
84006,Magic Tree -Paper Flowers,papeterie
84012,Magic Sheep Wool Growing From Paper,papeterie
84050,Pink Heart Shape Egg Frying Pan,cuisine
84051,Ass Colour Glowing Tiaras,divers
84077,World War 2 Gliders Asstd Designs,deco
84199,Glow In Dark Dolphins,divers
84212,"Assorted Flower Colour ""Leis""",jardin
84218,Box/12 Chick & Egg In Basket,cuisine
84226,Hen House W Family In Barn & Nest,divers
84228,Hen House W Chick Standing,divers
84347,Rotating Silver Angels T-Light Hldr,cuisine
84352,Silver Christmas Tree Bauble Stand,jardin
84356,Pompom Curtain,divers
84358,Floor Lamp Shade Wood Base,deco
84360,Table Lamp White Shade Wood Base,deco
84375,Set Of 20 Kids Cookie Cutters,divers
84378,Set Of 3 Heart Cookie Cutters,deco
84380,Set Of 3 Butterfly Cookie Cutters,divers
84422,Pink/Blue Disc/Mirror String,bijou
84452,Metal Rabbit Ladder Easter,jouet
84461,12 Pink Hen+Chicks In Basket,deco
84497,Buttons And Stripes Notebook,papeterie
84522,Pink Party Sunglasses,cuisine
84568,Girls Alphabet Iron On Patches,divers
84580,Mouse Toy With Pink T-Shirt,jouet
84581,Dog Toy With Pink Crochet Skirt,jouet
84584,Pink Gingham Cat With Scarf,divers
84592,Crochet Rose Purse With Suede Back,sac
84598,Boys Alphabet Iron On Patches,divers
84600,New Baroque Jewellery Box,bijou
84609,Tall Rococo Candle Holder,deco
84616,Silver Roccoco Chandelier,divers
84617,New Baroque Black Boxes,deco
84629,White 3 Frame Birds And Tree,jardin
84631,Fruit Tree And Birds Wall Plaque,jardin
84637,Kitchen Flower Pots Wall Plaque,cuisine
84638,Small Kitchen Flower Pots Plaque,cuisine
84658,White Stitched Cushion Cover,deco
84665,Square Cherry Blossom Cabinet,divers
84674,Flying Pig Watering Can,bijou
84678,Classical Rose Small Vase,jardin
84683,Classical Rose Candlestand,jardin
84686,Beach Hut Mirror,deco
84687,Beach Hut Shelf W 3 Drawers,deco
84688,Beach Hut Design Blackboard,deco
84692,Box Of 24 Cocktail Parasols,jardin
84723,Cherry Blossom Canvas Art Picture,divers
84725,Freestyle Canvas Art Picture,divers
84744,S/6 Sew On Crochet Flowers,jardin
84748,Folk Felt Hanging Multicol Garland,deco
84754,S/15 Silver Glass Baubles In Bag,sac
84755,Colour Glass T-Light Holder Hanging,cuisine
84789,Enchanted Bird Plant Cage,jardin
84792,Enchanted Bird Coathanger 5 Hook,jardin
84799,Sprig Lavender Artificial Flower,jardin
84813,Set Of 4 Diamond Napkin Rings,cuisine
84816,Danish Rose Bedside Cabinet,jardin
84817,Danish Rose Decorative Plate,cuisine
84818,Danish Rose Photo Frame,jardin
84819,Danish Rose Round Sewing Box,jardin
84820,Danish Rose Trinket Trays,jardin
84821,Danish Rose Deluxe Coaster,jardin
84823,Danish Rose Folding Chair,bijou
84824,Danish Rose Umbrella Stand,jardin
84826,Asstd Design 3D Paper Stickers,papeterie
84827,Ass Des Phone Sponge Craft Sticker,papeterie
84828,Jungle Popsicles Ice Lolly Holders,deco
84832,Zinc Willie Winkie  Candle Stick,deco
84836,Zinc Metal Heart Decoration,deco
84840,Sweetheart Carry-All Basket,deco
84843,White Soap Rack With 2 Bottles,cuisine
84865,New Baroque Black Photo Album,divers
84879,Assorted Colour Bird Ornament,jardin
84880,White Wire Egg Holder,cuisine
84906,Pink B'Fly C/Cover W Bobbles,divers
84907,Pink Yellow Patch Cushion Cover,deco
84915,Hand Towel Pink Flower And Daisy,jardin
84916,Hand Towel Pale Blue W Flowers,jardin
84917,White Hand Towel With Butterfly,divers
84919,Blue Cushion Cover With Flower,jardin
84920,Pink Flower Fabric Pony,jardin
84929,Asstd Fruit+Flowers Fridge Magnets,jardin
84944,Set Of 6 Kashmir Folkart Baubles,deco
84945,Multi Colour Silver T-Light Holder,deco
84946,Antique Silver Tea Glass Etched,cuisine
84947,Antique Silver Tea Glass Engraved,cuisine
84949,Silver Hanging T-Light Holder,deco
84950,Assorted Colour T-Light Holder,deco
84969,Box Of 6 Assorted Colour Teaspoons,cuisine
84974,S/2 Zinc Heart Design Planters,jardin
84976,Rectangular Shaped Mirror,deco
84978,Hanging Heart Jar T-Light Holder,cuisine
84987,Set Of 36 Teatime Paper Doilies,papeterie
84988,Set Of 72 Pink Heart Paper Doilies,papeterie
84991,60 Teatime Fairy Cake Cases,cuisine
84992,72 Sweetheart Fairy Cake Cases,cuisine
85008,Set Of 3 Coney Island Oval Boxes,deco
85015,Set Of 12  Vintage Postcard Set,papeterie
85016,Set Of 6 Vintage Notelets Kit,deco
85038,6 Chocolate Love Heart T-Lights,deco
85045,Green Christmas Tree String 20Light,bijou
85048,15Cm Christmas Glass Ball 20 Lights,cuisine
85053,French Enamel Candleholder,deco
85054,French Enamel Pot W Lid,divers
85055,French Enamel Utensil Holder,deco
85059,French Enamel Water Basin,divers
85062,Pearl Crystal Pumpkin T-Light Hldr,deco
85066,Cream Sweetheart Mini Chest,deco
85078,Scandinavian 3 Hearts Napkin Ring,cuisine
85087,Candy Spot Cushion Cover,deco
85088,Candy Spot Hand Bag,sac
85093,Candy Spot Egg Warmer Hare,cuisine
85094,Candy Spot Egg Warmer Rabbit,cuisine
85095,Three Canvas Luggage Tags,divers
85096,Hilda Candy Spot Rabbit,jouet
85103,Silver T-Light Setting,cuisine
85111,Silver Glitter Flower Votive Holder,jardin
85116,Black Candelabra T-Light Holder,deco
85125,Small Round Cut Glass Candlestick,cuisine
85127,Small Square Cut Glass Candlestick,cuisine
85141,Jardin Etched Glass Fruitbowl,cuisine
85144,Jardin Etched Glass Cheese Dish,cuisine
85145,Jardin Etched Glass Large Bell Jar,cuisine
85150,Ladies & Gentlemen Metal Sign,deco
85152,Hand Over The Chocolate   Sign,deco
85172,Hyacinth Bulb T-Light Candles,deco
85173,Set/6 Frog Prince T-Light Candles,deco
85174,S/4 Cacti Candles,deco
85175,Cacti T-Light Candles,deco
85176,Sewing Susan 21 Needle Set,divers
85177,Basket Of Flowers Sewing Kit,jardin
85178,Victorian Sewing Kit,divers
85187,S/12 Mini Rabbit Easter,jouet
85195,Hanging Heart Basket,deco
85200,Bunny Egg Box,cuisine
85202,Hanging Wood And Felt Heart,deco
85203,Hanging Wood And Felt Butterfly,deco
85204,Hanging Wood And Felt Flower,jardin
85211,S/4 Groovy Cat Magnets,divers
85212,Mini Painted Garden Decoration,jardin
85213,Mini  Zinc Garden Decorations,jardin
85214,Tub 24 Pink Flower Pegs,jardin
85215,Assorted Cheese Fridge Magnets,divers
85225,Bling Key Ring Stand,bijou
85227,Set Of 6 3D Kit Cards For Kids,papeterie
90022,Edwardian Drop Earrings Jet Black,bijou
90029,New Baroque Small Necklace Black,bijou
90031,Bili Nut And Wood Necklace,bijou
90043,Copper And Brass Bag Charm,sac
90046,White With Metal Bag Charm,sac
90048,Green With Metal Bag Charm,sac
90049,Ivory Gold Metal Bag Charm,sac
90057,Diamante Ring Assorted In Box.,bijou
90070,Ruby Glass Cluster Bracelet,cuisine
90072,Ruby Drop Chandelier Earrings,bijou
90073,Vintage Enamel & Crystal Earrings,bijou
90076,Montana Diamond Cluster Earrings,bijou
90079,Vintage Enamel & Crystal Necklace,bijou
90085,Crystal Stiletto Phone Charm,divers
90086,Crystal Frog Phone Charm,divers
90094,Necklace+Bracelet Set Fruit Salad,bijou
90098,Necklace+Bracelet Pink Butterfly,bijou
90099,Necklace+Bracelet Set Blue Hibiscus,bijou
90101,White Frangipani Necklace,bijou
90103,Purple Frangipani Necklace,bijou
90108,Blue Blossom Hair Clip,bijou
90114,Summer Daisies Bag Charm,sac
90116,Fruit Salad Bag Charm,sac
90118,Pink Daisy Bag Charm,sac
90119,Metalic Leaves Bag Charms,sac
90145,Silver Hoop Earrings With Flower,bijou
90147,Chunky Silver Necklace Pastel Flowe,bijou
90166,Pink & White Rosebud Ring,bijou
90168,2 Daisies Hair Comb,bijou
90169,Daisy Hair Comb,bijou
90170,Daisy Hair Band,bijou
90174,Butterfly Hair Band,bijou
90192,Jade Drop Earrings W Filigree,bijou
90204,Pair Of Enamel Butterfly Hairclip,bijou
90208,Pair Of Pink Flower Cluster Slide,jardin
15044A,Pink Paper Parasol,papeterie
15044B,Blue Paper Parasol,papeterie
15044C,Purple Paper Parasol,papeterie
15044D,Red Paper Parasol,papeterie
15056BL,Edwardian Parasol Black,jardin
15056N,Edwardian Parasol Natural,jardin
15056P,Edwardian Parasol Pink,jardin
15058A,Blue Polkadot Garden Parasol,jardin
15058B,Pink Polkadot Garden Parasol,jardin
15058C,Ice Cream Design Garden Parasol,jardin
15060B,Fairy Cake Design Umbrella,cuisine
16156L,"Wrap, Carousel",papeterie
16156S,Wrap Pink Fairy Cakes,papeterie
16161G,Wrap Bad Hair Day,papeterie
16161P,Wrap English Rose,papeterie
16161U,Wrap Suki And Friends,papeterie
16162M,The King Gift Bag 25X24X12Cm,sac
16168M,Funky Monkey Gift Bag Medium,sac
16169E,Wrap 50'S  Christmas,papeterie
16169K,Wrap Folk Art,papeterie
16169M,Wrap Daisy Carpet,papeterie
16169P,Wrap Green Russian Folkart,papeterie
16206B,Red Purse With Pink Heart,sac
16258A,Swirly Circular Rubbers In Bag,sac
17011F,Origami Sandlewood Incense+Flower,jardin
17012A,Origami Vanilla Incense/Candle Set,deco
17012B,Origami Jasmine Incense/Candle Set,deco
17012C,Origami Lavender Incense/Candl Set,divers
17012D,Origami Rose Incense/Candle Set,jardin
17012E,Origami Opium Incense/Candle Set,deco
17012F,Origami Sandlewood Incense/Cand Set,divers
17014A,Origami Vanilla Incense Cones,divers
17084N,Fairy Dreams Incense,divers
17084P,Dragons Blood Incense,divers
17084R,Assorted Incense Pack,divers
17090A,Lavender Incense 40 Cones In Tin,cuisine
17091J,Vanilla Incense In Tin,cuisine
17107D,Flower Fairy 5 Drawer Liners,jardin
17136A,Blue Stones On Wire For Candle,deco
17164B,Ass Col Small Sand Gecko P'Weight,divers
17165D,Ass Col Large Sand Frog P'Weight,divers
18094C,White And Blue Ceramic Oil Burner,divers
18097C,White Tall Porcelain T-Light Holder,deco
18098C,Porcelain Butterfly Oil Burner,divers
35001G,Hand Open Shape Gold,papeterie
35004B,Set Of 3 Black Flying Ducks,jouet
35004G,Set Of 3 Gold Flying Ducks,jouet
35095A,Blue Victorian Fabric Oval Box,deco
35095B,Red Victorian Fabric Oval Box,deco
35471D,Set Of 3 Bird Light Pink Feather,jardin
35597A,Dusty Pink Christmas Tree 30Cm,jardin
35597B,Blackchristmas Tree 30Cm,jardin
35598B,Black Christmas Tree 60Cm,jardin
35598D,Pink/White Christmas Tree 60Cm,jardin
35599B,Black Christmas Tree 120Cm,jardin
35599D,Pink And White Christmas Tree 120Cm,jardin
35607B,Black Feather Christmas Decoration,deco
35637C,Pink String Curtain With Pole,bijou
35638A,Pink And Black String Curtain,bijou
35638B,Pink/Blue String Curtain,bijou
35809A,Enamel Pink Tea Container,cuisine
35810A,Enamel Pink Coffee Container,cuisine
35810B,Enamel Blue Rim Coffee Container,cuisine
35815P,"Acrylic Jewel Snowflake, Pink",bijou
35818P,"Acrylic Jewel Icicle, Pink",bijou
35819B,"Acrylic Hanging Jewel,Blue",bijou
35819P,"Acrylic Hanging Jewel,Pink",bijou
35910A,Multicolour Easter Rabbit,jouet
35910B,Pink Flowers Rabbit Easter,jouet
35911A,Multicolour Rabbit Egg Warmer,cuisine
35912B,White/Pink Chick Decoration,deco
35913B,White/Pink Chick Easter Decoration,deco
35915B,Blue Knitted Hen,divers
35915C,Peach Knitted Hen,divers
37444C,Pink Breakfast Cup And Saucer,cuisine
37479B,Cubic Mug Flock Blue On Brown,cuisine
37479P,Cubic Mug Flock Pink On Brown,cuisine
37482P,Cubic Mug Pink Polkadot,cuisine
37489A,Yellow/Pink Flower Design Big Mug,cuisine
37489B,Blue/Yellow Flower Design Big Mug,cuisine
37489C,Green/Blue Flower Design Big Mug,cuisine
37489D,Pink/Green Flower Design Big Mug,cuisine
44089A,Pink Gauze Butterfly Lampshade,deco
44089C,Lilac Gauze Butterfly Lampshade,deco
44242B,Pink Feathers Curtain,divers
46000M,Polyester Filler Pad 45X45Cm,divers
46000P,Polyester Filler Pad 65Cmx65Cm,divers
46000R,Polyester Filler Pad 45X30Cm,divers
46000S,Polyester Filler Pad 40X40Cm,divers
46000U,Polyester Filler Pad 30Cmx30Cm,divers
46775D,Sunset Colour Chunky Knitted Throw,divers
46776A,Woven Bubble Gum Cushion Cover,deco
46776B,Woven Berries Cushion Cover,deco
46776E,Woven Candy Cushion Cover,deco
47013A,Wine Bottle Dressing Lt.Blue,cuisine
47013C,Wine Bottle Dressing Dark Blue,cuisine
47021G,Set/6 Bead Coasters Gauze Bag Gold,sac
47310M,Small Pop Box Funky Monkey,deco
47341A,Fuschia Table Run Flower,jardin
47343A,Fuschia Flower Purse With Beads,sac
47344B,Blue Flower Des Purse,sac
47348A,Fuschia Voile Pointy Shoe Dec,divers
47351B,Blue  Voile Lampshade,deco
47367B,Pair Padded Hangers Pink Check,divers
47369A,Pink Green Embroidery Cosmetic Bag,sac
47369B,Blue Green Embroidery Cosmetic Bag,sac
47503A,Ass Floral Print Multi Screwdriver,divers
47504H,English Rose Spirit Level,jardin
47504K,English Rose Garden Secateurs,jardin
47518F,Icon Placemat Pop Art Elvis,divers
47559B,Tea Time Oven Glove,cuisine
47563A,Retro Longboard Ironing Board Cover,divers
47566B,Tea Time Party Bunting,cuisine
47567B,Tea Time Kitchen Apron,cuisine
47570B,Tea Time Table Cloth,cuisine
47574A,English Rose Scented Hanging Flower,jardin
47578A,English Rose Small Scented Flower,jardin
47585A,Pink Fairy Cake Cushion Cover,cuisine
47590A,Blue Happy Birthday Bunting,cuisine
47590B,Pink Happy Birthday Bunting,cuisine
47591D,Pink Fairy Cake Childrens Apron,cuisine
47593B,Scottie Dogs Baby Bib,divers
47594A,Carousel Design Washbag,sac
47594B,Scotties Design Washbag,sac
47599A,Pink Party Bags,sac
47599B,Blue Party Bags,sac
48173C,Doormat Black Flock,deco
51014A,"Feather Pen,Hot Pink",divers
51014C,"Feather Pen,Coal Black",divers
51014L,"Feather Pen,Light Pink",deco
51020A,Summer Fun Design Shower Cap,deco
62043B,Blue Check Bag W Handle 34X20Cm,sac
62094B,Turq Ice Cream Bum Bag,sac
71101E,Standing Fairy Pole Support,divers
71406C,Black Orange Squeezer,divers
71495B,Cd Wall Tidy Red Flowers,jardin
71496A,A4 Wall Tidy Blue Office,divers
72140E,Best Dad Candle Letters,deco
72225C,Lavender Scent Cake Candle,cuisine
72349B,Set/6 Purple Butterfly T-Lights,deco
72351A,Set/6 Turquoise Butterfly T-Lights,deco
72351B,Set/6 Pink  Butterfly T-Lights,deco
72760B,Vintage Cream 3 Basket Cake Stand,cuisine
72798C,Set/4 Garden Rose Dinner Candle,jardin
72799E,Ivory Pillar Candle Silver Flock,deco
72799F,Ivory Pillar Candle Gold Flock,deco
72800B,4 Purple Flock Dinner Candles,deco
72800C,4 Pink Dinner Candle Silver Flock,deco
72800D,4 Blue Dinner Candles Silver Flock,deco
72800E,4 Ivory Dinner Candles Silver Flock,deco
72802A,Rose Scent Candle In Jewelled Box,bijou
72802B,Ocean Scent Candle In Jewelled Box,bijou
72802C,Vanilla Scent Candle Jewelled Box,bijou
72803A,Rose Scent Candle Jewelled Drawer,bijou
72807A,Set/3 Rose Candle In Jewelled Box,bijou
72807B,Set/3 Ocean Scent Candle Jewel Box,bijou
72807C,Set/3 Vanilla Scented Candle In Box,deco
75013B,"String Of 8 Butterflies,Pink",bijou
75049L,Large Circular Mirror Mobile,deco
78034B,Blue Netting Storage Hanger,cuisine
79030D,Tumbler Baroque,divers
79030G,Tumbler New England,divers
79051A,Smokey Grey Colour D.O.F. Glass,cuisine
79062D,"Retro Tin Ashtray,Revolutionary",cuisine
79066K,Retro Mod Tray,divers
79071B,English Rose Metal Waste Bin,jardin
79144B,Painted Lightbulb Star+ Moon,deco
79144C,Painted Lightbulb Rainbow Design,deco
79149B,Silicon Star Bulb  Blue,deco
79190A,Retro Plastic 70'S Tray,divers
79190B,Retro Plastic Polka Tray,divers
79190D,Retro Plastic Daisy Tray,jardin
79191B,Retro Plastic Polka Tray,divers
79191C,Retro Plastic Elephant Tray,divers
79302M,"Art Lights,Funk Monkey",deco
81950B,Flower Blue Clock With Sucker,jardin
81950V,Flower Purple Clock W/Sucker,jardin
81952V,Round Purple Clock With Sucker,deco
82001S,Vinyl Record Frame Silver,deco
82011B,Bathroom Scales Rubber Ducks,jouet
82011C,Bathroom Scales Footprints In Sand,divers
82494L,Wooden Frame Antique White,deco
82613A,"Metal Sign,Cupcake Single Hook",cuisine
82613B,"Metal Sign,Cupcake Single Hook",cuisine
82613C,"Metal Sign,Cupcake Single Hook",cuisine
82613D,Metal Sign Cupcake Single Hook,cuisine
82616B,Frappucino Scarf Knitting Kit,cuisine
82616C,Midnight Glamour Scarf Knitting Kit,cuisine
84029E,Red Woolly Hottie White Heart.,deco
84029G,Knitted Union Flag Hot Water Bottle,cuisine
84030E,English Rose Hot Water Bottle,cuisine
84031A,Charlie+Lola Red Hot Water Bottle,cuisine
84031B,Charlie Lola Blue Hot Water Bottle,cuisine
84032A,Charlie+Lola Pink Hot Water Bottle,cuisine
84032B,Charlie + Lola Red Hot Water Bottle,cuisine
84078A,Set/4 White Retro Storage Cubes,divers
84086B,Yellow/Blue Retro Radio,divers
84086C,Pink/Purple Retro Radio,divers
84206B,Cat With Sunglasses Blank Card,papeterie
84247E,Pack/12 Xmas Fun Card,papeterie
84247G,"Decoupage,Greeting Card,",papeterie
84247K,"Folk Art Greeting Card,Pack/12",papeterie
84247L,Fawn And Mushroom Greeting Card,papeterie
84247N,Pack/12 Blue Folkart Cards,papeterie
84249A,"Greeting Card,Square, Doughnuts",papeterie
84251B,"Greeting Card, Sticky Gordon",papeterie
84251C,"Greeting Card, Two Sisters.",papeterie
84251G,"Greeting Card, Overcrowded Pool.",papeterie
84279B,Cherry Blossom Decorative Flask,divers
84279P,Cherry Blossom  Decorative Flask,divers
84313C,Orange Tv Tray Table,divers
84341B,Small Pink Magic Christmas Tree,jardin
84402B,Purple Dress Jewellery Stand,bijou
84406B,Cream Cupid Hearts Coat Hanger,cuisine
84415A,Pink Flock Suede Cushion Cover,deco
84415B,Blue Flock Cushion Cover,deco
84429A,Medium Pink Buddha Head,divers
84459A,Pink Metal Chicken Heart,deco
84459B,Yellow Metal Chicken Heart,deco
84507B,Stripes Design Monkey Doll,jouet
84508A,Camouflage Design Teddy,jouet
84508B,Stripes Design Teddy,jouet
84508C,Blue Circles Design Teddy,jouet
84509A,Set Of 4 English Rose Placemats,jardin
84509B,Set Of 4 Fairy Cake Placemats,cuisine
84509C,Set Of 4 Polkadot Placemats,divers
84509E,Set Of 4 Carousel Placemats,divers
84509G,Set Of 4 Fairy Cake Placemats,cuisine
84510A,Set Of 4 English Rose Coasters,jardin
84510C,Set Of 4 Polkadot Coasters,divers
84510E,Set Of 4 Green Carousel Coasters,divers
84519A,Tomato Charlie+Lola Coaster Set,divers
84519B,Carrot Charlie+Lola Coaster Set,divers
84520B,Pack 20 English Rose Paper Napkins,papeterie
84531A,Pink Knitted Egg Cosy,cuisine
84531B,Blue Knitted Egg Cosy,cuisine
84535A,English Rose Notebook A6 Size,papeterie
84535B,Fairy Cakes Notebook A6 Size,papeterie
84536A,English Rose Notebook A7 Size,papeterie
84536B,Fairy Cakes Notebook A7 Size,papeterie
84558A,3D Dog Picture Playing Cards,papeterie
84559A,3D Sheet Of Dog Stickers,papeterie
84559B,3D Sheet Of Cat Stickers,papeterie
84563A,Pink & White Breakfast Tray,divers
84563B,Blue & White Breakfast Tray,divers
84569A,Pack 3 Iron On Dog Patches,divers
84569B,Pack 3 Fire Engine/Car Patches,divers
84569D,Pack 6 Heart/Ice-Cream Patches,deco
84595E,Large Tortilla Design Red Bowl,cuisine
84596B,Small Dolly Mix Design Orange Bowl,cuisine
84596E,Small Licorice Des Pink Bowl,cuisine
84596F,Small Marshmallows Pink Bowl,cuisine
84596G,Small Chocolates Pink Bowl,cuisine
84596J,Mixed Nuts Light Green Bowl,cuisine
84596L,Biscuits Small Bowl Light Blue,cuisine
84597B,Retro Brown Ball Ashtray,divers
84597C,Retro Pink Ball Ashtray,divers
84613A,Pink New Baroque Flock Candlestick,deco
84625A,Pink New Baroquecandlestick Candle,deco
84625C,Blue New Baroque Candlestick Candle,deco
84659A,White Travel Alarm Clock,deco
84660A,White Stitched Wall Clock,deco
84660B,Black Stitched Wall Clock,deco
84660C,Pink Stitched Wall Clock,deco
84661A,White Square Table Clock,deco
84661B,Black Square Table Clock,deco
84661C,Pink Square Table Clock,deco
84663A,Grass Hopper Wooden Wall Clock,deco
84673A,Pink Fly Swat,divers
84673B,Blue Fly Swat,divers
84706D,Cherry Blossom Table Clock,deco
84707A,Silver Jewelled Mirror Trinket Tray,bijou
84707B,Pink Jewelled Mirror Trinket Tray,bijou
84708B,Pink Jewelled Photo Frame,bijou
84709B,Pink Oval Jewelled Mirror,bijou
84711A,Silver Oval Shape Trinket Box,deco
84711B,Pink Oval Shape Trinket Box,deco
84712B,Pink Jewelled Photo Frame,bijou
84795B,Sunset Check Hammock,divers
84796A,Pink Hawaiian Picnic Hamper For 2,divers
84796B,Blue Savannah Picnic Hamper For 2,divers
84800L,Large White/Pink Rose Art Flower,jardin
84806A,Pink Candystuft Artificial Flower,jardin
84806B,White Candystuft Artificial Flower,jardin
84849A,Hello Sailor Blue Soap Holder,deco
84849B,Fairy Soap Soap Holder,deco
84849D,Hot Baths Soap Holder,deco
84857C,Pink Monte Carlo Handbag,sac
84858C,Pink Riviera Handbag,sac
84859A,Silver Disco Handbag,sac
84859C,Pink Disco Handbag,sac
84870C,Green Geisha Girl,divers
84874B,Blue Travel First Aid Kit,divers
84875B,Green Square Compact Mirror,deco
84876B,Green Heart Compact Mirror,deco
84877B,Green Round Compact Mirror,deco
84884A,Ant White Wire Heart Spiral,deco
84898F,Yellow Flowers Felt Handbag Kit,sac
84910A,Pink Paisley Cushion Cover,deco
84912A,Pink Rose Washbag,sac
84912B,Green Rose Washbag,sac
84913A,Soft Pink Rose Towel,jardin
84913B,Mint Green Rose Towel,jardin
84924A,Wake Up Cockerel Calendar Sign,deco
84925F,Psychedelic Wall Thermometer,divers
84926A,Wake Up Cockerel Tile Coaster,divers
84926D,La Palmiera Tile Coaster,divers
84926E,Flowers Tile Coaster,jardin
84926F,Psychedelic Tile Coaster,divers
84927D,La Palmiera Tile Hook,deco
84927E,Flowers Tile Hook,jardin
84927F,Psychedelic Tile Hook,deco
84931A,Pink Scottie Dog W Flower Pattern,jardin
84931B,Blue Scottie Dog W Flower Pattern,jardin
84951A,Set Of 4 Pistachio Lovebird Coaster,jardin
84951B,Set Of 4 Black Lovebird Coasters,jardin
84952A,Clear Love Bird T-Light Holder,jardin
84952B,Black Love Bird T-Light Holder,jardin
84952C,Mirror Love Bird T-Light Holder,jardin
84968A,Set Of 16 Vintage Rose Cutlery,cuisine
84968C,Set Of 16 Vintage Pistachio Cutlery,cuisine
84968D,Set Of 16 Vintage Red Cutlery,cuisine
84968E,Set Of 16 Vintage Black Cutlery,cuisine
84968F,Set Of 16 Vintage Sky Blue Cutlery,cuisine
84970L,Single Heart Zinc T-Light Holder,deco
84970S,Hanging Heart Zinc T-Light Holder,deco
84971S,Small Heart Flowers Hook,jardin
84993A,75 Green Petit Four Cases,divers
84997A,Green 3 Piece Polkadot Cutlery Set,cuisine
84997B,Red 3 Piece Retrospot Cutlery Set,cuisine
84997C,Blue 3 Piece Polkadot Cutlery Set,cuisine
84997D,Pink 3 Piece Polkadot Cutlery Set,cuisine
85014A,Black/Blue Polkadot Umbrella,jardin
85014B,Red Retrospot Umbrella,jardin
85017B,Envelope 50 Blossom Images,papeterie
85018D,Yuletide Images S/6 Paper Boxes,papeterie
85019A,Romantic Images Notebook Set,papeterie
85019B,Blossom  Images Notebook Set,papeterie
85019C,Curious  Images Notebook Set,papeterie
85023B,Eau De Nile Jewelled Photoframe,bijou
85024B,Eau De Nile Jewelled Photoframe,bijou
85025B,Eau De Nile Heart Shape Photo Frame,deco
85025C,Pink Heart Shape Photo Frame,deco
85026B,Eau De Nile Jewelled T-Light Holder,bijou
85027L,French Chateau Large Platter,divers
85028S,French Chateau Small Fruitbowl,cuisine
85032A,Romantic Images Gift Wrap Set,papeterie
85032B,Blossom Images Gift Wrap Set,papeterie
85032C,Curious Images Gift Wrap Set,papeterie
85032D,Yuletide Images Gift Wrap Set,papeterie
85034A,3 Gardenia Morris Boxed Candles,jardin
85034B,3 White Choc Morris Boxed Candles,deco
85034C,3 Rose Morris Boxed Candles,jardin
85035A,Gardenia 3 Wick Morris Boxed Candle,jardin
85035B,Chocolate 3 Wick Morris Box Candle,deco
85035C,Rose 3 Wick Morris Box Candle,jardin
85036A,Gardenia 1 Wick Morris Boxed Candle,jardin
85036B,Chocolate 1 Wick Morris Box Candle,deco
85036C,Rose 1 Wick Morris Boxed Candle,jardin
85039A,Set/4 Red Mini Rose Candle In Bowl,cuisine
85039B,S/4 Ivory Mini Rose Candle In Bowl,cuisine
85040A,S/4 Pink Flower Candles In Bowl,cuisine
85040B,Set/4 Blue Flower Candles In Bowl,cuisine
85049A,Traditional Christmas Ribbons,divers
85049B,Lush Greens Ribbons,divers
85049C,Romantic Pinks Ribbons,divers
85049D,Bright Blues Ribbons,divers
85049E,Scandinavian Reds Ribbons,divers
85049F,Baby Boom Ribbons,divers
85049G,Chocolate Box Ribbons,deco
85049H,Urban Black Ribbons,divers
85061W,White Jewelled Heart Decoration,bijou
85071A,Blue Charlie+Lola Personal Doorsign,deco
85071B,Red Charlie+Lola Personal Doorsign,deco
85071C,"Charlie+Lola""Extremely Busy"" Sign",deco
85071D,Charlie+Lola My Room Door Sign,deco
85099B,Jumbo Bag Red Retrospot,sac
85099C,Jumbo  Bag Baroque Black White,sac
85099F,Jumbo Bag Strawberry,sac
85114A,Black Enchanted Forest Placemat,divers
85114B,Ivory Enchanted Forest Placemat,divers
85114C,Red Enchanted Forest Placemat,divers
85123A,White Hanging Heart T-Light Holder,deco
85124B,Blue Juicy Fruit Photo Frame,deco
85124C,Green Juicy Fruit Photo Frame,deco
85129B,Beaded Crystal Heart Green Small,bijou
85130B,Beaded Crystal Heart Green Large,bijou
85130C,Beaded Crystal Heart Blue  Large,bijou
85130D,Beaded Crystal Heart Pink Large,bijou
85131A,Beaded Pearl Heart White On Stick,bijou
85131C,Beaded Crystal Heart Blue On Stick,bijou
85132A,Charlie + Lola Biscuits Tins,cuisine
85132B,Charlie And Lola Table Tins,cuisine
85132C,Charlie And Lola Figures Tins,cuisine
85135B,Blue Dragonfly Helicopter,divers
85135C,Red Dragonfly Helicopter,divers
85136A,Yellow Shark Helicopter,divers
85136C,Red Shark Helicopter,divers
85159A,"Black Tea,Coffee,Sugar Jars",cuisine
85159B,"White Tea,Coffee,Sugar Jars",cuisine
85160B,Black Bird Garden Design Mug,cuisine
85163A,White Baroque Wall Clock,deco
85163B,Black Baroque Wall Clock,deco
85167B,Black Grand Baroque Photo Frame,deco
85169A,Ivory Love Bird Candle,jardin
85169B,Black Love Bird Candle,jardin
85169C,Eau De Nil Love Bird Candle,jardin
85169D,Pink Love Bird Candle,jardin
85170C,Set/6 Eau De Nil Bird T-Lights,jardin
85170D,Set/6 Pink Bird T-Light Candles,jardin
85179A,Green Bitty Light Chain,deco
85180A,Red Hearts Light Chain,deco
85180B,Pink Hearts Light Chain,deco
85183A,Charlie & Lola Wastepaper Bin Blue,papeterie
85183B,Charlie & Lola Wastepaper Bin Flora,papeterie
85184C,S/4 Valentine Decoupage Heart Box,cuisine
85185B,Pink Horse Sock Puppet,jouet
85186A,Easter Bunny Garland Of Flowers,jouet
85186C,Bunny Egg Garland,cuisine
85188A,Green Metal Swinging Bunny,jouet
85194L,Hanging Spring Flower Egg Large,cuisine
85194S,Hanging Spring Flower Egg Small,cuisine
85199L,Large Hanging Ivory & Red Wood Bird,jardin
85199S,Small Hanging Ivory/Red Wood Bird,jardin
85205B,Pink Felt Easter Rabbit Garland,jouet
85206A,Cream Felt Easter Egg Basket,cuisine
85230A,Opium Scented Votive Candle,deco
85230B,Cinnamon Scented Votive Candle,deco
85230E,Strawbry Scented Votive Candle,deco
85230F,Jasmine Votive Candle,deco
85230G,Orange Votive Candle,deco
85231B,Cinammon Set Of 9 T-Lights,deco
85231G,Orange Scented Set/9 T-Lights,deco
85232A,Set/3 Polkadot Stacking Tins,cuisine
85232B,Set Of 3 Babushka Stacking Tins,cuisine
85232D,Set/3 Decoupage Stacking Tins,cuisine
90000A,Raspberry Ant Copper Flower Necklac,jardin
90000B,Midnight Blue Copper Flower Necklac,jardin
90000D,Copper/Olive Green Flower Necklace,bijou
90001A,Antique Raspberry Flower Earrings,bijou
90001B,Antique Mid Blue Flower Earrings,bijou
90001D,Antique Olive Green Flower Earrings,bijou
90003B,Rose Colour Pair Heart Hair Slides,bijou
90003C,Midnight Blue Pair Heart Hair Slide,bijou
90003D,Crystal Pair Heart Hair Slides,bijou
90003E,Green Pair Heart Hair Slides,bijou
90013A,Midnight Blue Vintage Earrings,bijou
90018A,Silver M.O.P Orbit Drop Earrings,bijou
90018B,Gold M.O.P Orbit Drop Earrings,bijou
90018C,Silver Black Orbit Drop Earrings,bijou
90019A,Silver M.O.P Orbit Bracelet,bijou
90024B,New Baroque B'Fly Necklace Red,bijou
90026A,Glass Bead Hoop Necklace Black,cuisine
90030A,Spotted White Natural Seed Necklace,bijou
90030B,Red Kukui Coconut Seed Necklace,bijou
90030C,Brown Kukui Coconut Seed Necklace,bijou
90036A,Flower Garland Necklace Red,bijou
90036B,"Flower Glass Garland Neckl.36""Green",cuisine
90036D,"Flower Glass Garland Neckl.36""Black",cuisine
90036E,"Flower Glass Garld Neckl36""Amethyst",cuisine
90059A,Diamante Hair Grip Pack/2 Crystal,bijou
90059B,Diamante Hair Grip Pack/2 Black Dia,bijou
90059C,Diamante Hair Grip Pack/2 Montana,bijou
90059D,Diamante Hair Grip Pack/2 Peridot,bijou
90059E,Diamante Hair Grip Pack/2 Ruby,bijou
90059F,Diamante Hair Grip Pack/2 Lt Rose,bijou
90064B,Black Vintage  Crystal Earrings,bijou
90120B,Blue Murano Twist Bracelet,bijou
90122C,Turquoise Crystal+Glass Bracelet,cuisine
90125B,Aqua Bertie Glass Bead Bag Charm,sac
90141A,Green Pendant Triple Shell Necklace,bijou
90141B,Ivory Pendant Triple Shell Necklace,bijou
90141C,Turq Pendant Triple Shell Necklace,bijou
90141D,Rose Pendant Triple Shell Necklace,bijou
90141E,Orange Pendant Triple Shell Necklac,divers
90160A,Purple Boudicca Large Bracelet,bijou
90160B,Red Boudicca Large Bracelet,bijou
90160C,Turq+Red Boudicca Large Bracelet,bijou
90160D,Pink Boudicca Large Bracelet,bijou
90161B,Ant Copper Turq Boudicca Bracelet,bijou
90161C,Ant Copper Lime Boudicca Bracelet,bijou
90161D,Ant Copper Pink Boudicca Bracelet,bijou
90162A,Ant Silver Turquoise Boudicca Ring,bijou
90162B,Ant Silver Lime Green Boudicca Ring,bijou
90164A,Pink Rosebud Pearl Bracelet,bijou
90164B,White  Rosebud Pearl Bracelet,bijou
90165B,White Rosebud  Pearl Earrings,bijou
90177A,Classic Diamante Earrings Jet,bijou
90177B,Drop Diamante Earrings Black Diamon,bijou
90177C,Drop Diamante Earrings Crystal,bijou
90177D,Drop Diamante Earrings Purple,bijou
90177E,Drop Diamante Earrings Green,bijou
90182C,Black 3 Bead Drop Earrings,bijou
90183A,Amber Drop Earrings W Long Beads,bijou
90184B,Amethyst Chunky Bead Bracelet W Str,bijou
90185A,Amber Diamante Expandable Ring,bijou
90185B,Amethyst Diamante Expandable Ring,bijou
90185C,Black Diamante Expandable Ring,bijou
90185D,Crystal Diamante Expandable Ring,bijou
90187B,Green Drop Earrings W Bead Cluster,bijou
90190A,Silver/Crystal Drop Earrings W Leaf,bijou
90190B,Gold/Amber Drop Earrings W Leaf,bijou
90198B,Vintage Rose Bead Bracelet Black,bijou
90201A,Purple Enamel Flower Ring,bijou
90201B,Black Enamel Flower Ring,bijou
90201C,Red Enamel Flower Ring,bijou
90201D,Green Enamel Flower Ring,bijou
90202A,Purple Enamel Flower Hair Tie,bijou
90202B,White Enamel Flower Hair Tie,bijou
90202C,Green Enamel Flower Hair Tie,bijou
90202D,Pink Enamel Flower Hair Tie,bijou
90205A,Large Mint Diamante Hairslide,bijou
90205C,Large Crystal Diamante Hairslide,bijou
90209A,Purple Enamel+Glass Hair Comb,cuisine
90209C,Pink Enamel+Glass Hair Comb,cuisine
C2,Carriage,divers
M,Manual,divers
POST,Postage,divers
