date,cmd_id,prod_id,qte,prix,client_id,categorie
24/11/2011,578541,21430,3,"3,75",14277.0, jardin
21/07/2011,560876,22816,12,"0,42 EUR",12626.0,papeterie
21/09/2011,567526,21915,240,"1,06",12435.0,DECO
14-11-2011,576345,22739,10,"1,65",12374.0,DECO
11-03-2011,546328,M,1,"1687,17",14911.0,DIVERS
29-11-2011,579401,23319,4,"2,49",14550.0,deco
08-12-2011,581218,23583,10,"1,65",14191.0, sac
01/06/2011,555263,21239,8,"0,85",,cuisine
21/06/2011,557525,21207,12,"1,65",12759.0,deco
31/01/2011,542737,20846,6,"1,25",15058.0,deco
07-12-2011,581034,23203,10,"2,08",17049.0, sac
06/12/2010,537418,84029E,1,"3,75",17884.0, deco
17/10/2011,571328,22402,12,"0,39",12473.0,deco
26-09-2011,568310,23366,16,"0,65 EUR",14911.0, papeterie
10-06-2011,556415,22553,96,"1,45",12409.0, cuisine
07/04/2011,549274,20726,10,"1,65",12721.0, sac
25/02/2011,545019,22029,24,"0,42",15093.0, papeterie
17/08/2011,563540,POST,5,"18,00",12473.0, divers
16-12-2010,539084,84836,12,"1,25",13890.0,deco
15-02-2011,544074,85059,1,"3,75",14156.0,DIVERS
06/12/2011,580734,20725,20,"1,65",12766.0,SAC
28/07/2011,561645,23307,24,"0,55 EUR",14911.0,cuisine
07/02/2011,543357,22087,6,"2,95",12388.0,papeterie
08/12/2010,537674,20724,10,"0,85",15628.0,SAC
25-03-2011,547795,84840,1,"8,50 EUR",,deco
14/07/2011,559928,21975,48,"0,55 EUR",12405.0, cuisine
14/11/2011,576327,23497,12,"1,45",12476.0, divers
17/10/2011,571446,22192,12,"7,65",14911.0, deco
02/08/2011,562046,22930,6,"2,55",12378.0,cuisine
11-09-2011,566233,23323,6,"2,10",12635.0, deco
01-03-2011,545314,21537,8,"4,25",12866.0,CUISINE
11/07/2011,559654,23051,6,"8,25",13098.0, divers
13-10-2011,570983,21880,2,"0,65 EUR",14963.0, divers
02/10/2011,569220,22086,4,"2,95",16007.0, papeterie
10/10/2011,570452,23298,3,"4,95",12427.0, cuisine
30/06/2011,558626,23180,4,"4,95",12569.0, cuisine
30/06/2011,558567,21929,10,"2,08",14191.0,sac
21/08/2011,563926,21219,10,"1,25 EUR",12553.0,jouet
02/12/2010,C536828,22832,-1,"10,75",,divers
15-02-2011,544075,22502,24,"4,95",14156.0,DECO
03-05-2011,551652,21213,48,"0,42",12643.0, cuisine
26/07/2011,561332,48194,6,"7,95",13492.0,deco
10/04/2011,549560,22917,1,"0,65 EUR",15058.0, jardin
07-09-2011,565801,22962,12,"0,85",12685.0, cuisine
09-12-2010,538003,22326,12,"2,95 EUR",12429.0,deco
10-10-2011,570272,22732,18,"1,25",14297.0,PAPETERIE
13/01/2011,541018,21985,24,"0,29 EUR",14978.0,deco
12-10-2011,570806,16161U,25,"0,42",13115.0,papeterie
15/02/2011,544074,85014B,2,"5,95",14156.0, jardin
05-09-2011,565618,23332,12,"1,65",15974.0, deco
24/08/2011,564316,21790,12,"0,85 EUR",13985.0, papeterie
26/07/2011,561332,22690,2,"7,95",13492.0,deco
19/05/2011,553901,22699,12,"2,95 EUR",14911.0, cuisine
02/08/2011,562042,23297,36,"1,65 EUR",13075.0,deco
18/08/2011,563709,85199S,6,"0,42",15472.0,jardin
19-06-2011,557314,21242,16,"1,69",12541.0,cuisine
28/03/2011,547947,20713,100,"1,65",15032.0,sac
07/01/2011,540469,22507,2,"4,95 EUR",12484.0,DECO
22/11/2011,578033,22941,4,"8,50",12656.0,DECO
01/12/2011,580137,21166,4,"2,08",17566.0,deco
07-12-2011,581179,23474,24,"0,83",12471.0,deco
05/12/2011,580640,23332,2,"1,65",16910.0,deco
20/04/2011,550778,22728,4,"3,75",14868.0,DECO
03-10-2011,569336,23092,4,"7,90",15088.0, deco
09/09/2011,566173,22028,24,"0,42",12787.0, papeterie
11-03-2011,546373,22729,4,"3,75",12583.0, deco
11-07-2011,559674,21175,12,"2,55",15856.0,deco
08-06-2011,556071,84692,25,"0,42",15974.0, jardin
11/02/2011,543733,85232A,3,"4,95",12395.0,CUISINE
01-06-2011,555263,22547,24,"0,42",15192.0,jouet
22-12-2010,539829,22222,24,"1,95",12734.0,CUISINE
04/09/2011,565444,23075,2,"4,15",17894.0, deco
02/12/2011,580153,22948,48,"0,85",12762.0, deco
03/12/2010,C536850,22942,-48,"7,65",14213.0,divers
10/10/2011,570388,23342,2,"8,50",14911.0,DECO
29/09/2011,568782,23254,8,"4,15",13985.0,CUISINE
08-07-2011,559372,84879,8,"1,69",12461.0, jardin
28-09-2011,568650,22863,8,"2,95",13505.0, divers
22-09-2011,567899,22139,3,"4,95 EUR",14911.0,CUISINE
23-09-2011,568095,90201B,6,"2,95",14911.0,BIJOU
05-09-2011,565475,21874,72,"1,06",14156.0,CUISINE
02/12/2010,C536760,22273,-3,"2,95",17547.0,divers
14-09-2011,566734,20974,2,"0,65",16910.0,papeterie
14/11/2011,576300,15056BL,2,"5,95",15058.0, jardin
08/03/2011,545918,22605,4,"12,75",16917.0, jardin
07-01-2011,540458,22652,10,"1,65",12501.0, divers
07/09/2011,565865,22728,12,"3,75",12637.0,DECO
22-11-2011,578082,22831,6,"2,95",12775.0,DIVERS
16-12-2010,539118,82578,25,"0,55",15563.0,cuisine
31/05/2011,555147,21314,8,"2,10 EUR",13505.0,cuisine
30/11/2011,579768,23569,12,"4,95 EUR",14911.0,divers
20-03-2011,547055,85049D,1,"1,25",16444.0, divers
10-12-2010,538255,17012F,12,"2,55",14911.0, divers
31/01/2011,542713,37450,12,"2,95 EUR",12668.0,CUISINE
27-01-2011,542276,21756,6,"5,95",12764.0,divers
11/05/2011,552826,22626,1,"8,50",,CUISINE
01-11-2011,573748,22694,12,"2,10",14911.0,deco
05-05-2011,552013,85049D,12,"1,25 EUR",12451.0,divers
20/09/2011,567368,21507,12,"0,42",17147.0,PAPETERIE
21-08-2011,563931,23170,12,"1,65",14895.0,cuisine
15/02/2011,543997,21080,2,"0,85",17348.0, papeterie
10/03/2011,546236,22273,6,"2,95",12370.0,JOUET
09-12-2011,581494,22549,12,"1,45 EUR",12518.0, divers
14/03/2011,546509,C2,1,"50,00",14911.0,DIVERS
25-10-2011,572742,22952,24,"0,55",14341.0,cuisine
07-09-2011,565854,23159,12,"2,08",12490.0,cuisine
11-10-2011,570672,21844,6,"2,95",12536.0,cuisine
15/12/2010,539007,22553,1,"1,65",17894.0, cuisine
23-08-2011,564159,22382,10,"1,65",12593.0,sac
26/08/2011,564565,23226,24,"1,25",14911.0,jardin
29-07-2011,561697,22423,1,"12,75 EUR",18127.0,CUISINE
13-04-2011,549988,22475,4,"4,95",14367.0, deco
18/09/2011,567180,20679,2,"5,95",17802.0,JARDIN
24/10/2011,572511,23487,2,"9,95 EUR",14895.0,cuisine
28-03-2011,547882,48194,2,"7,95",14911.0,DECO
17/08/2011,563557,84987,12,"1,45",15786.0,papeterie
05-06-2011,555572,84086C,6,"2,95",12449.0,divers
11/05/2011,552844,21559,12,"2,55",12649.0,CUISINE
19/04/2011,550527,21509,12,"0,42 EUR",12476.0,papeterie
11-02-2011,543774,82600,48,"1,85",15856.0,DECO
25-02-2011,545019,22683,20,"1,25",,deco
08/06/2011,555947,20840,12,"0,85 EUR",14911.0,DECO
02-08-2011,562035,POST,2,"18,00",12627.0,DIVERS
07-12-2011,581193,85232D,1,"4,95",17097.0,cuisine
28/03/2011,547892,22997,24,"0,42",12669.0,SAC
20/05/2011,553935,21169,24,"1,69",15856.0, deco
19/04/2011,550527,22423,4,"12,75",,CUISINE
04/04/2011,548808,82486,1,"8,95",17774.0,divers
06-05-2011,552202,21207,12,"1,65 EUR",12414.0, deco
08/06/2011,556071,21135,8,"1,69",15974.0, papeterie
17-07-2011,560251,23310,36,"0,42",17774.0,BIJOU
08/07/2011,559362,22210,12,"0,83",12635.0,DIVERS
09/12/2010,538009,84380,12,"1,25",14911.0,divers
31/08/2011,564853,22326,6,"2,95 EUR",12423.0, deco
17/10/2011,571442,23530,3,"4,95 EUR",17049.0,divers
29/09/2011,568798,21914,12,"1,25",12615.0,DECO
02/12/2011,580153,22403,12,"0,39 EUR",12762.0, deco
10/10/2011,570418,23400,2,"6,25",15211.0,DECO
24-03-2011,547658,82583,1,"2,10",13736.0,DECO
22/11/2011,578024,23355,4,"4,95",12705.0, cuisine
06-11-2011,574653,POST,2,"18,00",12619.0,divers
01-12-2011,580137,22630,1,"1,95",17566.0,jouet
17/11/2011,576910,35598D,24,"0,65",12477.0,jardin
02/12/2011,580153,22403,12,"0,39 EUR",12762.0, deco
05/10/2011,569653,22629,24,"1,95 EUR",12451.0,jouet
21/11/2011,577733,21791,10,"1,25",15163.0,PAPETERIE
30-06-2011,558567,20839,12,"0,85",14191.0,deco
05/07/2011,559010,22766,8,"2,95",14911.0, deco
27/01/2011,542276,22845,2,"6,35 EUR",12764.0,DECO
08/07/2011,559418,23235,6,"2,89",12681.0,CUISINE
07/10/2011,570002,22191,4,"8,50 EUR",,deco
14/10/2011,571231,23156,12,"2,08",15856.0,divers
29/09/2011,569001,20674,8,"1,25",12703.0,cuisine
31-07-2011,561870,20992,24,"0,39",14911.0, sac
19/05/2011,553901,22699,12,"2,95 EUR",14911.0, cuisine
08-09-2011,565930,22142,12,"1,45",12685.0,divers
27/07/2011,561388,23196,48,"1,25",12753.0,deco
06/12/2010,C537402,47580,-6,"2,55",15502.0,divers
08/12/2011,581218,22059,24,"0,39",14191.0,cuisine
26-01-2011,542224,84755,8,"0,65",17888.0, cuisine
12-10-2011,570829,22505,4,"4,95",16295.0,DECO
04/11/2011,574502,23182,3,"0,83",17274.0, cuisine
28-04-2011,551398,47591D,8,"1,95",12417.0,CUISINE
07/10/2011,569998,23076,24,"1,25",12540.0,DIVERS
04-03-2011,545634,22726,4,"3,75",14911.0, deco
28-11-2011,579153,22744,6,"2,95",12660.0,papeterie
26/06/2011,558089,21239,16,"0,85",13505.0,cuisine
03/12/2010,536943,22813,2,"1,95",17884.0,JARDIN
27-10-2011,573130,23194,6,"2,25",13969.0,deco
08-08-2011,562670,20998,6,"2,95",, jardin
14-10-2011,571234,84596F,56,"0,42",15856.0,CUISINE
19/12/2010,539464,22667,2,"2,95",17913.0,deco
07-01-2011,540404,22814,12,"0,42 EUR",12947.0,papeterie
07-03-2011,545883,47351B,6,"2,95 EUR",15974.0, deco
17/11/2011,577071,23598,5,"2,95",13969.0,PAPETERIE
09-05-2011,552321,21523,2,"7,95",17049.0, deco
20/07/2011,560635,23286,8,"0,85",12521.0,DECO
25/07/2011,561085,23201,10,"2,08",14367.0,SAC
13/04/2011,549953,21155,6,"2,55",12766.0, sac
01/12/2010,C536548,22242,-5,"1,65",12472.0,divers
20/10/2011,572065,22273,1,"2,95",12556.0, jouet
17-10-2011,571442,22141,3,"2,10 EUR",17049.0,jardin
11-10-2011,570499,22139,3,"4,95",12772.0,CUISINE
24/07/2011,561029,20726,10,"1,65",12490.0, sac
05-09-2011,565475,23205,100,"0,72",14156.0,SAC
04/03/2011,545634,22966,12,"1,25",14911.0,divers
27-11-2011,578941,16238,1,"0,21",16024.0,papeterie
23-06-2011,557957,23236,3,"2,89",,cuisine
09/11/2011,575485,23243,4,"4,95",,cuisine
16/03/2011,546765,21244,8,"1,69",12437.0,cuisine
21-06-2011,557569,20719,99999,"0,85",12474.0, sac
05/09/2011,565583,15056BL,3,"5,95",12816.0,jardin
11/09/2011,566256,20751,12,"2,10",12680.0, divers
10/11/2011,575728,22722,4,"3,95",14911.0,cuisine
08/12/2010,537793,21932,3,"2,95",15032.0,sac
20/07/2011,560728,22326,12,"2,95 EUR",12520.0,deco
22/11/2011,578033,23108,4,"6,25",12656.0, jouet
28-07-2011,561624,21641,48,"0,29",16969.0,bijou
10/10/2011,570418,23311,6,"2,55",15211.0, deco
07/12/2010,537626,22772,12,"1,25",12347.0, deco
03/12/2010,536975,21165,12,"1,69",14911.0, deco
14/10/2011,571129,20724,20,"0,85",14156.0, sac
08/12/2010,537793,20716,2,"1,25 EUR",15032.0,SAC
06/11/2011,574682,22909,1,"0,85",14963.0, cuisine
06/10/2011,569968,22191,1,"8,50",17921.0,deco
13/01/2011,541115,22519,6,"2,10 EUR",12578.0,JARDIN
07-09-2011,565865,23190,12,"1,65",12637.0, divers
11-10-2011,570637,22077,99999,"1,95",12530.0,DIVERS
17-08-2011,563557,21976,24,"0,55",15786.0,CUISINE
14-09-2011,566623,21789,24,"0,85",, divers
04-05-2011,551868,POST,8,"28,00 EUR",12540.0,divers
08-06-2011,556102,22750,4,"3,75",13115.0, jouet
14-09-2011,566734,23188,1,"1,65 EUR",16910.0,deco
17/11/2011,577046,20749,2,"7,95",12449.0,DIVERS
08-06-2011,556050,21524,2,"7,95",14367.0, deco
04/11/2011,574336,22417,24,"0,55",,cuisine
10/12/2010,538174,22859,12,"1,65",12471.0, cuisine
10/05/2011,552547,21936,10,"2,95 EUR",13098.0,SAC
28-04-2011,551467,47344B,12,"0,83",12600.0,sac
04/11/2011,574326,23437,12,"1,25 EUR",14913.0,sac
10/10/2011,570388,23113,6,"4,95",14911.0,CUISINE
08-09-2011,566054,20727,10,"1,65",12592.0, sac
11/10/2011,570672,22348,12,"0,85",12536.0,SAC
04/12/2011,580528,22578,48,"0,85 EUR",14911.0, deco
27/02/2011,545053,22057,1,"1,49",17516.0,CUISINE
04/07/2011,558881,22329,12,"1,65",12705.0,DIVERS
26-09-2011,568310,85049A,12,"1,25",14911.0,divers
27-05-2011,554861,21558,6,"2,55",12633.0,cuisine
01/11/2011,573748,22555,12,"1,65",14911.0,CUISINE
09-12-2010,538095,22913,1,"4,95",17097.0,divers
21/11/2011,577687,21989,12,"0,85",12583.0,papeterie
11-09-2011,566271,22751,4,"3,75",14250.0,JOUET
27/01/2011,542276,82600,12,"2,10 EUR",12764.0, deco
23-09-2011,568061,72818,3,"0,39",16910.0,DECO
08/06/2011,555947,21845,36,"0,79",14911.0, cuisine
17-03-2011,546877,82482,12,"2,55",18210.0,deco
14-11-2011,576246,22364,1,"2,95",17566.0,CUISINE
13-05-2011,553143,21955,2,"7,95",12695.0, jardin
25/05/2011,554664,20846,12,"1,25",14397.0, deco
02/12/2010,C536625,22839,-2,"14,95",14766.0,divers
06/05/2011,552038,22489,144,"0,36 EUR",14156.0,divers
24/03/2011,547703,22423,8,"12,75 EUR",12540.0,cuisine
11-04-2011,549680,84531B,12,"0,39 EUR",12701.0,CUISINE
10/06/2011,556341,22690,2,"7,95",16614.0,deco
12/12/2010,538397,22623,20,"4,25",12753.0, jouet
22/06/2011,557742,23169,6,"4,15",14911.0,cuisine
04-10-2011,569423,22579,24,"0,29",16882.0, jardin
05-09-2011,565596,22557,1,"1,65",16444.0,CUISINE
01/11/2011,573895,22421,100,"0,36 EUR",15423.0, papeterie
13/10/2011,571030,22908,24,"0,85",12876.0,cuisine
31/08/2011,565067,84559A,3,"0,85 EUR",15856.0,PAPETERIE
11/10/2011,570674,22336,96,"0,19",,deco
14-09-2011,566734,21914,2,"1,25",16910.0, deco
01/12/2011,580092,22726,6,"3,75",13969.0,deco
07-12-2011,581003,21705,24,"0,39 EUR",14911.0,sac
16-06-2011,557007,22271,6,"2,95",12484.0,jouet
09-12-2010,538040,22595,11,"0,85",,DECO
05/05/2011,552013,22399,12,"1,25",12451.0,divers
20/11/2011,577497,23048,2,"4,15",17555.0,deco
22/11/2011,577825,21108,18,"0,79",17453.0,cuisine
17/10/2011,571328,21251,6,"2,95",12473.0,papeterie
14/03/2011,546520,22261,12,"0,85",14911.0,CUISINE
21/03/2011,547134,22295,4,"1,65",15996.0,deco
12-04-2011,549825,85175,16,"0,42",12463.0, deco
23/11/2011,578277,22751,1,"3,75",, jouet
04/09/2011,565416,22819,12,"0,42 EUR",12710.0,papeterie
10/01/2011,540550,21622,4,"4,95",,DECO
15/02/2011,544075,22838,16,"12,75",14156.0, cuisine
28-07-2011,561645,23174,48,"3,75",14911.0, cuisine
09-12-2010,538008,47599B,12,"2,10",12683.0,SAC
21/09/2011,567616,23378,24,"0,39",14911.0,divers
11/02/2011,543774,82484,12,"6,75",15856.0,DIVERS
22/09/2011,567878,20977,4,"1,25",16910.0, papeterie
03/10/2011,569332,23202,1,"2,08",12637.0, sac
06-12-2011,580963,23493,10,"1,95",14868.0,deco
22-07-2011,560997,22320,3,"5,95",12627.0, jardin
13/04/2011,549953,48184,2,"7,95",12766.0,jardin
31-10-2011,573581,22952,24,"0,55 EUR",14911.0,cuisine
12/10/2011,570839,23409,6,"3,75 EUR",14911.0,deco
23-11-2011,578277,21471,1,"3,75 EUR",12723.0,DIVERS
13/10/2011,571030,20719,20,"0,85 EUR",12876.0,SAC
21/07/2011,560876,20977,32,"1,25",12626.0, papeterie
22-09-2011,567878,22208,1,"0,83",16910.0,divers
14-07-2011,560104,23208,2,"1,65",17921.0,SAC
15/03/2011,546635,21121,3,"1,25",16392.0,DECO
12/10/2011,570703,22474,3,"4,95",14911.0,JOUET
13/11/2011,576051,20676,8,"1,25",, cuisine
29-09-2011,568791,22602,24,"0,85",16650.0,deco
01/12/2010,C536391,21983,-24,"0,29",17548.0,divers
03/05/2011,551616,22520,1,"0,85 EUR",15048.0,JARDIN
06/06/2011,555728,22659,1,"1,95",17252.0,DECO
10/04/2011,549558,15056BL,1,"5,95",15058.0,JARDIN
08/05/2011,552277,22439,10,"0,65",,JOUET
13/05/2011,553045,20725,50,"1,65",12770.0,sac
18-01-2011,541434,C2,1,"50,00",,divers
05/12/2011,580705,21094,12,"0,85",12683.0,papeterie
05/10/2011,569686,23365,16,"0,65",12719.0, papeterie
03/12/2010,537030,20972,12,"1,25",16455.0,DECO
17-04-2011,550310,21868,24,"1,25",15985.0,CUISINE
19/07/2011,560451,22822,4,"5,95 EUR",14911.0, jardin
25/02/2011,544933,22326,6,"2,95",,deco
22-02-2011,544657,23231,25,"0,42 EUR",14895.0,papeterie
04/08/2011,562340,23289,8,"1,25",13985.0, cuisine
26/10/2011,572911,84879,1,"1,69",16345.0,jardin
08/09/2011,565937,23432,12,"0,83 EUR",13468.0,deco
30/11/2011,579741,23570,1,"1,25",,JOUET
22/09/2011,567910,POST,1,"18,00",12437.0,DIVERS
27/02/2011,545071,85040B,4,"1,65",15996.0,cuisine
04-11-2011,574351,21588,2,"2,55",17348.0,DIVERS
26/09/2011,568235,22562,12,"1,25",13410.0,JOUET
17/10/2011,571409,21888,4,"3,75",14911.0,DIVERS
07/12/2011,581180,21064,24,"1,25 EUR",12347.0, deco
17/10/2011,571409,21224,10,"1,25",14911.0, divers
24/07/2011,561077,22621,12,"1,65 EUR",17649.0, cuisine
01-08-2011,562014,23203,10,"2,08 EUR",14341.0,sac
20/11/2011,577532,72127,3,"1,25",16666.0,DECO
31/01/2011,542713,22134,12,"0,42",12668.0,deco
11-11-2011,575845,23084,12,"2,08",12598.0,jouet
18/08/2011,563709,22585,4,"1,25",15472.0,papeterie
26-10-2011,572896,22470,6,"2,95",12456.0, deco
28/11/2011,579153,22966,12,"1,25 EUR",12660.0, divers
18/10/2011,571671,22665,4,"2,95",16940.0,deco
28-08-2011,564734,84375,6,"2,10 EUR",12484.0, divers
02/12/2011,580140,21843,3,"10,95",14895.0,CUISINE
16-02-2011,544097,22189,12,"3,95",12455.0,papeterie
15-08-2011,563288,20727,10,"1,65",12656.0, sac
18/08/2011,563688,22326,12,"2,95 EUR",16767.0,DECO
26-01-2011,542229,85199S,24,"0,42",12474.0, jardin
25/10/2011,572741,23082,6,"3,75",14341.0,papeterie
02-12-2011,580361,35001G,12,"1,25",14865.0, papeterie
26/01/2011,542216,22181,12,"0,85",14911.0, deco
17-02-2011,544304,21891,2,"1,25",18125.0,JOUET
12/04/2011,549906,22669,5,"2,95 EUR",14998.0,cuisine
09-03-2011,546028,85099B,10,"1,95",17049.0,SAC
04-11-2011,574329,22962,24,"0,85",12362.0,CUISINE
08/12/2010,537674,21790,12,"0,85",15628.0,papeterie
24/10/2011,572499,23436,12,"1,25 EUR",15786.0, sac
10/11/2011,575728,16161G,25,"0,10",14911.0,PAPETERIE
04-04-2011,548808,22560,3,"1,25",17774.0,divers
08/08/2011,562602,21402,24,"0,12",12865.0, cuisine
04/03/2011,545583,POST,2,"18,00",12553.0, divers
27/01/2011,542373,22024,12,"0,42",16767.0,papeterie
27/07/2011,561507,22492,36,"0,65",12397.0,deco
18/11/2011,577316,22749,12,"3,75",12578.0, jouet
15-03-2011,546660,22822,6,"5,95 EUR",14156.0,JARDIN
29/11/2011,579276,22563,12,"1,25",12654.0, divers
19/07/2011,560534,21915,12,"1,25",14911.0,deco
08/03/2011,545916,22220,2,"9,95",12528.0, cuisine
12/12/2010,538397,22858,42,"1,65 EUR",12753.0,CUISINE
06/07/2011,559058,16048,24,"0,12",12407.0,papeterie
08-05-2011,552262,22991,12,"1,95 EUR",14911.0,divers
07-10-2011,570008,23133,4,"8,25",13359.0, deco
21/09/2011,567616,23356,6,"5,95",14911.0,cuisine
30/10/2011,573362,22575,8,"1,95",12597.0,DECO
16/08/2011,563477,22630,2,"1,95",17097.0,jouet
10/05/2011,552695,23159,12,"2,08 EUR",16320.0, cuisine
25-03-2011,547715,84531B,6,"0,39",12520.0,cuisine
21-02-2011,544495,22637,8,"2,55",12766.0, divers
19-05-2011,553884,20726,10,"1,65",12600.0,sac
12/10/2011,570823,22467,12,"2,55",,divers
05/04/2011,548993,22616,96,"0,29",12753.0,DIVERS
20/11/2011,577479,21429,8,"1,95",14911.0,BIJOU
06/12/2011,580979,23255,4,"4,15",12362.0,CUISINE
05/12/2010,C537132,22762,-3,"12,75",15221.0,divers
26-08-2011,564565,22796,4,"9,95",,DECO
22-09-2011,567846,23147,12,"1,45",13486.0,jardin
11-10-2011,570680,22896,3,"2,55 EUR",13969.0,sac
09/09/2011,566173,22567,24,"1,45",12787.0,JOUET
08/07/2011,559418,22973,12,"1,65",12681.0,CUISINE
20/09/2011,567424,21592,24,"1,25",16369.0,deco
17-02-2011,544210,84978,12,"1,25",14911.0,cuisine
07-10-2011,569998,22574,12,"0,85",,DECO
23-02-2011,544688,22605,2,"14,95",18151.0,JARDIN
19/08/2011,563756,47566,12,"4,95",12418.0,CUISINE
31-10-2011,573428,21935,10,"1,65",, sac
16/06/2011,557027,22191,2,"8,50",12816.0,DECO
23/06/2011,557880,22961,1,"1,45",14911.0, divers
23-09-2011,568048,23432,24,"0,83",14911.0,DECO
14-11-2011,576353,22571,18,"0,85",15050.0, jouet
19-01-2011,541569,84997B,6,"3,75 EUR",13520.0, cuisine
05-08-2011,562560,85099B,4,"2,08",,SAC
31-08-2011,564856,23107,8,"2,89",12477.0,JARDIN
28-08-2011,564719,22400,3,"0,39 EUR",15325.0,DIVERS
18-10-2011,571671,84596B,8,"0,42",16940.0,CUISINE
27-01-2011,542276,82494L,6,"2,95",12764.0,deco
07/10/2011,569998,22629,12,"1,95",12540.0,JOUET
14-03-2011,546509,22271,6,"2,95",14911.0,JOUET
10-11-2011,575504,23089,12,"1,95",14895.0, cuisine
27-10-2011,573130,22423,1,"12,75",13969.0,CUISINE
16/02/2011,544115,21506,12,"0,42",12727.0, papeterie
04/03/2011,545579,22411,10,"1,95",17508.0,sac
19/08/2011,563756,22971,6,"2,55",12418.0,CUISINE
14-01-2011,541120,22556,12,"1,65",12490.0,CUISINE
06/06/2011,555644,23068,4,"2,49 EUR",16520.0, deco
02/12/2010,536617,85175,96,"0,42",13941.0, deco
10/08/2011,562894,21080,12,"0,85",12571.0,PAPETERIE
13-10-2011,571033,72741,72,"1,25",14251.0,deco
07/10/2011,570016,23323,6,"2,10",14911.0,DECO
16/03/2011,546770,22720,3,"4,95",12523.0,cuisine
13-07-2011,559899,22938,12,"1,95",12528.0, papeterie
20/09/2011,567380,21262,6,"2,95",12620.0,JARDIN
03/05/2011,551656,22320,99999,"5,95",14911.0,jardin
31/03/2011,548496,22554,96,"1,45",12678.0,CUISINE
06/07/2011,559145,22491,288,"0,85",17404.0,papeterie
05/10/2011,569653,84997B,12,"4,15",,cuisine
07-10-2011,570016,22840,2,"7,95",14911.0,CUISINE
01/02/2011,542777,22045,25,"0,42",14911.0,papeterie
11/09/2011,566271,22961,12,"1,45",14250.0, divers
01/12/2010,C536548,22580,-4,"5,95",12472.0,divers
18/08/2011,563613,22139,6,"4,95",12688.0,CUISINE
18/05/2011,553686,84596L,24,"0,42 EUR",14911.0,CUISINE
14/07/2011,560036,22693,24,"1,25",14911.0,cuisine
05-10-2011,569699,22940,2,"4,25",12723.0,DIVERS
28-03-2011,547882,20719,10,"0,85",14911.0,sac
17/05/2011,553415,21731,12,"1,65",12463.0,deco
24-10-2011,572499,23486,2,"16,65",15786.0, deco
10-03-2011,546212,22555,96,"1,45",14156.0,cuisine
11-10-2011,570672,21866,12,"1,25",12536.0,divers
31-10-2011,573511,23480,12,"3,75",12347.0,DECO
23-09-2011,568095,20768,6,"2,55",14911.0, papeterie
08/03/2011,545937,85099B,20,"1,95",12758.0,SAC
16/11/2011,576863,20726,10,"1,65 EUR",12626.0,SAC
13/11/2011,575933,22909,288,"0,72",, cuisine
24/10/2011,572483,22966,1,"1,25",16444.0, divers
23/11/2011,578298,21210,12,"1,45 EUR",12619.0,papeterie
11-02-2011,543737,22449,6,"3,35",12477.0,SAC
23/09/2011,568095,23299,6,"3,75",14911.0,BIJOU
11/03/2011,546365,21672,12,"1,25",12520.0,deco
02/12/2011,580140,23289,8,"1,25",14895.0, cuisine
22-05-2011,554102,22646,4,"1,45 EUR",14647.0, cuisine
02/12/2010,C536812,22574,-192,"0,72",16546.0,divers
08-02-2011,543411,22920,12,"0,65",12576.0,DIVERS
08/03/2011,545996,22334,4,"1,65 EUR",14367.0,sac
10/11/2011,575514,22578,24,"0,29",12541.0, deco
27/01/2011,542303,22443,2,"7,95",12539.0,DIVERS
06-07-2011,559058,37495,4,"3,75",12407.0, cuisine
12-06-2011,556463,22197,36,"0,85",12583.0, deco
01/12/2011,580092,21790,7,"0,85",13969.0, papeterie
11-04-2011,549579,22423,1,"12,75",15780.0,CUISINE
08-11-2011,575049,23289,8,"1,25",12721.0, cuisine
04/12/2011,580536,23199,20,"2,08",12490.0,sac
29-09-2011,568800,22759,12,"1,65",,papeterie
14-10-2011,571239,84997D,4,"4,15",12744.0, cuisine
11/10/2011,570672,22702,6,"2,10",12536.0,cuisine
30-11-2011,579545,20727,20,"1,65",13098.0,sac
28-09-2011,568651,22930,6,"2,55",12362.0,CUISINE
27-05-2011,554938,21880,12,"0,65",12876.0,divers
29/09/2011,568782,22379,15,"2,10",13985.0,SAC
27/01/2011,542373,16237,60,"0,21",16767.0, divers
08/06/2011,555931,21154,10,"1,25",17828.0,divers
16/05/2011,553208,22813,12,"1,95 EUR",12674.0,JARDIN
08-03-2011,545916,POST,2,"18,00",12528.0, divers
22-11-2011,578009,22273,4,"2,95",14467.0, jouet
18-10-2011,571701,22847,1,"16,95",14639.0,divers
16/12/2010,539118,22748,3,"2,10",,cuisine
22-07-2011,560991,21578,6,"2,25 EUR",12438.0, sac
23/06/2011,557878,22342,12,"0,75",16940.0, deco
21-04-2011,550974,23076,24,"1,25",13862.0, divers
30-06-2011,558631,20727,1,"1,65",,SAC
17/08/2011,563558,23207,20,"1,65",14156.0, sac
14-10-2011,571187,22436,20,"0,65",12380.0,jouet
11-05-2011,552839,48116,2,"7,95",, deco
04/09/2011,565442,POST,3,"18,00",12627.0,DIVERS
27/07/2011,561507,22320,3,"5,95",12397.0, jardin
06-11-2011,574682,23480,1,"3,75",14963.0,deco
24-03-2011,547658,22667,1,"2,95",13736.0,DECO
23/06/2011,557872,22417,24,"0,55 EUR",14911.0,CUISINE
23/05/2011,554158,20668,48,"0,12",,deco
05/07/2011,559011,23199,10,"2,08",17049.0, sac
19-01-2011,541518,85049H,36,"1,25",12451.0,DIVERS
03/12/2010,C536854,21871,-1,"1,25",15240.0,divers
13/01/2011,541018,85066,2,"12,75",14978.0, deco
17/12/2010,539379,82578,12,"0,55",15780.0,CUISINE
28-09-2011,568654,72818,12,"0,85",,DECO
10/11/2011,575728,23076,24,"1,25",14911.0, divers
02/12/2010,C536818,84947,-1,"1,25",16995.0,divers
24/08/2011,564360,23295,16,"0,83",12471.0,CUISINE
08-06-2011,555931,22244,12,"1,95",17828.0,jardin
18-08-2011,563613,85032A,12,"0,65",12688.0,PAPETERIE
29/09/2011,568781,23160,120,"1,04 EUR",14952.0,CUISINE
24/02/2011,544833,21984,24,"0,29",15974.0,DIVERS
24/11/2011,578349,21791,24,"1,25",14539.0,papeterie
11/10/2011,570680,22865,8,"2,10 EUR",13969.0,deco
23-02-2011,544790,22895,4,"2,95 EUR",16940.0,cuisine
31-05-2011,555025,22457,6,"2,95",17648.0,PAPETERIE
14/09/2011,566756,21709,4,"4,95",12457.0,jardin
30/03/2011,548257,21232,72,"1,06",13802.0, deco
14-07-2011,560036,23209,10,"1,65",14911.0,SAC
20-05-2011,553935,22063,2,"2,95",15856.0,CUISINE
19/06/2011,557303,23159,12,"2,08",12450.0,CUISINE
28/08/2011,564735,22029,12,"0,42",15856.0, papeterie
17-10-2011,571442,23333,12,"1,25",17049.0, deco
13-01-2011,541115,22273,6,"2,95",12578.0, jouet
15-05-2011,553203,21284,12,"1,69",14911.0, deco
20/11/2011,577479,22766,8,"2,95 EUR",14911.0,DECO
23-09-2011,568104,21977,4,"0,55",16485.0, cuisine
02/12/2010,C536757,84347,-9360,"0,03",15838.0,divers
27-07-2011,561398,21787,24,"0,85",16767.0,DIVERS
04/12/2011,580514,21790,1,"0,85 EUR",,PAPETERIE
08/03/2011,545996,22085,3,"2,95",14367.0, papeterie
15/08/2011,563241,22662,20,"1,65",12758.0, sac
12-04-2011,549906,85186A,2,"0,42",14998.0,jouet
10-12-2010,538174,21212,24,"0,55",12471.0, cuisine
15/03/2011,546660,22846,1,"16,95",14156.0,divers
22-08-2011,564058,23205,10,"0,85 EUR",17676.0,sac
21-02-2011,544585,POST,1,"18,00 EUR",12523.0,DIVERS
05/01/2011,540178,21064,2,"5,95",12681.0,deco
03-11-2011,574090,23356,3,"5,95",17442.0,cuisine
31/01/2011,542735,22452,6,"2,95",12681.0,bijou
08-04-2011,549316,22723,4,"3,95 EUR",12705.0, cuisine
11/10/2011,570674,22339,96,"0,19 EUR",14911.0,jardin
01/12/2011,580137,21534,1,"4,95",17566.0,divers
28-08-2011,564745,22889,2,"2,10",16806.0, deco
14/10/2011,571231,22191,2,"8,50",,deco
05-10-2011,569699,22940,2,"4,25",12723.0,DIVERS
11-07-2011,559665,35653,2,"2,95 EUR",12556.0,papeterie
31/01/2011,542713,22646,12,"1,45",12668.0,CUISINE
29-09-2011,568994,22630,12,"1,95",12598.0,JOUET
17-12-2010,539391,22060,4,"9,95",12417.0,CUISINE
11-09-2011,566271,22816,12,"0,42",14250.0,PAPETERIE
20/05/2011,553931,23162,4,"3,75",14911.0,cuisine
23/09/2011,568095,90059A,6,"1,65",14911.0,BIJOU
26-08-2011,564670,23325,12,"1,65 EUR",12683.0,divers
18-10-2011,571705,22273,6,"2,95",12360.0, jouet
19-10-2011,571737,22734,6,"2,89",14367.0, deco
03/12/2010,C537024,20893,-36,"2,10",13941.0,divers
13/01/2011,541115,21786,24,"0,42 EUR",12578.0,DIVERS
18-10-2011,571676,23100,1,"1,25",16910.0,DECO
14/01/2011,541139,22380,5,"2,10 EUR",15213.0,JOUET
22/05/2011,554106,22510,4,"3,75",12710.0,divers
21-02-2011,544495,21498,25,"0,42",12766.0,PAPETERIE
10/05/2011,552559,22030,12,"0,42 EUR",15865.0,PAPETERIE
17-12-2010,539391,22845,4,"6,35",12417.0,DECO
14/09/2011,566625,21264,12,"1,95",14911.0,JARDIN
26/10/2011,572911,84974,1,"9,95 EUR",16345.0,jardin
04-09-2011,565416,22085,6,"2,95",12710.0,papeterie
05/09/2011,565618,84926D,24,"0,29",15974.0,divers
03/11/2011,574093,22029,24,"0,42",,papeterie
11-10-2011,570672,22534,24,"0,42",12536.0,JOUET
17-02-2011,544203,22090,6,"2,95",12362.0,PAPETERIE
05/06/2011,555572,22753,12,"0,85",12449.0, papeterie
04/01/2011,540040,20704,8,"1,95",12483.0, jouet
25/05/2011,554556,21937,10,"2,95",13098.0, sac
22-09-2011,567793,23204,10,"0,85",12657.0,SAC
09/12/2011,581578,21918,24,"0,42",12713.0,PAPETERIE
11-10-2011,570672,85227,12,"0,85",12536.0,papeterie
14/11/2011,576141,23354,12,"0,83",14911.0, papeterie
05/12/2011,580685,22923,12,"0,85",17676.0,divers
08/09/2011,566041,21216,8,"4,95",13814.0,CUISINE
04-12-2011,580511,22867,24,"2,10",12560.0, jardin
31-08-2011,565067,23005,24,"0,42",15856.0,sac
26-10-2011,572896,22759,12,"1,65",12456.0, papeterie
04-09-2011,565427,21823,10,"1,45",17774.0, deco
02-10-2011,569220,22951,2,"0,55",16007.0,CUISINE
31/08/2011,564856,22304,6,"2,55",12477.0,CUISINE
11/08/2011,562973,22274,24,"2,95",14911.0,jouet
23-09-2011,568048,23133,2,"8,25",14911.0,deco
25/08/2011,564378,90024B,2,"8,50",12417.0,BIJOU
17/12/2010,539338,22348,288,"0,85",17404.0,sac
04/08/2011,562282,48116,10,"6,75",13098.0,DECO
09/12/2010,538097,22560,24,"1,25",15192.0,divers
02/08/2011,562039,22662,10,"1,65",12593.0, sac
23/09/2011,568095,85180A,9,"4,65",14911.0, deco
27-10-2011,573130,23177,3,"2,25",13969.0,deco
23/09/2011,568061,23079,1,"8,95",16910.0,DECO
01/12/2010,C536391,22557,-12,"1,65",17548.0,divers
30-06-2011,558631,23300,2,"1,65",17921.0,CUISINE
07-12-2011,581182,22692,2,"8,25 EUR",12783.0,deco
09/12/2011,581494,22554,12,"1,65",12518.0, cuisine
19/01/2011,541576,21279,2,"2,55 EUR",,cuisine
22/03/2011,547387,23178,6,"2,89",12539.0,deco
08/12/2010,537855,21688,6,"2,95",15996.0,cuisine
22/03/2011,547390,POST,1,"40,00 EUR",12352.0, divers
20/11/2011,577524,23491,1,"8,25",,DECO
02/12/2010,C536826,35004B,-3,"4,65",17924.0,divers
14-04-2011,550148,21497,25,"0,42",16882.0,papeterie
16/05/2011,553375,22236,2,"12,75",14911.0,CUISINE
17/08/2011,563558,20727,10,"1,65",14156.0,sac
19/05/2011,553897,72225C,24,"0,29",14911.0,cuisine
08-05-2011,552277,22109,1,"3,75",13642.0, cuisine
17-02-2011,544304,21891,2,"1,25",18125.0,JOUET
27/11/2011,578994,22699,12,"2,95",14911.0,cuisine
15-08-2011,563288,23209,10,"1,65",12656.0,SAC
20/05/2011,553935,21088,18,"0,19",,papeterie
18/10/2011,571671,20724,6,"0,85 EUR",16940.0, sac
17/06/2011,557136,21078,12,"0,85",14911.0, papeterie
28-07-2011,561624,23297,16,"1,65",16969.0,DECO
01-07-2011,558640,22969,12,"1,45 EUR",14911.0,DECO
28/04/2011,551462,22779,4,"4,25",15210.0,deco
20/11/2011,577551,22356,10,"0,85",12395.0,SAC
26-01-2011,542221,48138,3,"7,95",14978.0,DECO
05/09/2011,565470,23263,12,"1,25",12576.0,DECO
22/11/2011,578093,22270,4,"3,75",14911.0,deco
10-08-2011,562891,22423,2,"12,75",13468.0,CUISINE
03-10-2011,569332,20725,4,"1,65",,SAC
24-10-2011,572472,71459,72,"0,85 EUR",14139.0, cuisine
23/06/2011,557878,20724,10,"0,85",16940.0,sac
01/12/2011,579927,22725,4,"3,75",12572.0,DECO
08/12/2010,537674,21080,24,"0,85",15628.0,PAPETERIE
20-11-2011,577532,22045,25,"0,42",16666.0,papeterie
14-11-2011,576300,23084,2,"2,08",15058.0, jouet
27/06/2011,558200,84375,1,"2,10",15976.0,divers
14-08-2011,563230,23208,5,"1,65",15376.0,SAC
27-01-2011,542303,22675,12,"1,25 EUR",12539.0,cuisine
31-05-2011,555147,22669,5,"2,95 EUR",13505.0,cuisine
22/11/2011,577856,20724,10,"0,85",12490.0,sac
19/10/2011,571745,22734,6,"2,89",14911.0,deco
29/09/2011,568901,22335,96,"0,65",15050.0,deco
19/06/2011,557270,22173,8,"2,95",14162.0,deco
11/07/2011,559673,48184,10,"6,75",13224.0,jardin
11/10/2011,570499,22215,2,"8,50",12772.0,CUISINE
01/02/2011,542777,22045,25,"0,42",14911.0,papeterie
18/01/2011,541491,21481,6,"2,95",12510.0, cuisine
09/11/2011,575352,22776,12,"8,50",12504.0, cuisine
08/12/2011,581410,23576,8,"1,95",13098.0,deco
08-06-2011,555947,22090,40,"2,55 EUR",14911.0,PAPETERIE
04/04/2011,548745,22992,12,"1,95",12471.0, divers
11-11-2011,575884,22594,12,"0,85",12685.0, jardin
17-02-2011,544304,21175,2,"2,55",18125.0,deco
02/12/2010,C536734,85048,-1,"7,95",16042.0,divers
04/12/2011,580509,23077,20,"1,25",12719.0, divers
31/07/2011,561901,22961,288,"1,45",14156.0,DIVERS
24-11-2011,578472,22077,24,"1,95",12476.0,DIVERS
28/02/2011,545086,21212,24,"0,55",12678.0,cuisine
19/10/2011,571745,23543,2,"8,25",14911.0,divers
05/08/2011,562560,22748,4,"2,10",14156.0, cuisine
04-10-2011,569489,15056N,33,"5,95",12457.0, jardin
01/12/2011,580058,22666,6,"2,95 EUR",14367.0,cuisine
02-12-2011,580140,23293,24,"0,83",14895.0,CUISINE
11/11/2011,575884,85048,8,"7,95",,cuisine
05/12/2010,C537132,22761,-2,"21,95",15221.0,divers
04/04/2011,548808,72807A,4,"4,25",17774.0, bijou
06/06/2011,555644,23068,4,"2,49 EUR",16520.0, deco
30-11-2011,579741,22193,1,"8,50",16910.0,DECO
24-11-2011,578541,21351,2,"6,75",14277.0,deco
17-11-2011,577039,23245,4,"4,95",12539.0, cuisine
08/06/2011,556105,21790,12,"0,85 EUR",13466.0,PAPETERIE
07-01-2011,540458,21244,8,"1,69 EUR",12501.0,cuisine
01-11-2011,573748,22037,12,"0,42",14911.0, papeterie
25/02/2011,545019,21181,12,"2,10",15093.0,deco
25-08-2011,564378,90001B,2,"4,25",12417.0,bijou
21-06-2011,557569,22326,12,"2,95",12474.0,DECO
14-04-2011,550137,22200,8,"4,25",12477.0, divers
27-11-2011,578994,22666,6,"2,95",14911.0,cuisine
17/05/2011,553415,23173,2,"9,95",12463.0,jardin
19/08/2011,563848,22139,3,"4,95 EUR",14911.0,cuisine
09/09/2011,566173,POST,1,"15,00",12787.0,divers
27-01-2011,542303,22700,6,"2,95",12539.0,cuisine
28/03/2011,547934,22957,6,"2,95 EUR",12474.0,papeterie
11/10/2011,570657,23202,20,"2,08",14911.0, sac
04-10-2011,569406,20969,12,"3,75",16253.0,SAC
18/10/2011,571671,23206,6,"1,65",16940.0, sac
21/07/2011,560901,84944,12,"1,65 EUR",12476.0,DECO
24-11-2011,578472,22726,8,"3,75",, deco
28-01-2011,542535,21054,5,"8,95",,SAC
16/06/2011,557007,21122,10,"1,25",12484.0,DECO
14/11/2011,576269,23084,12,"2,08",12762.0,jouet
02/12/2010,C536812,22578,-36,"0,85",16546.0,divers
14/01/2011,541224,21915,12,"1,25",12474.0,deco
07-10-2011,570023,22748,6,"2,10",13876.0, cuisine
07-01-2011,540404,20726,10,"1,65",12947.0, sac
17/10/2011,571409,20679,3,"5,95",14911.0,jardin
10/06/2011,556455,22996,24,"0,42",15856.0,SAC
25/10/2011,572678,21617,12,"1,25",13182.0,deco
04-04-2011,548733,21469,6,"3,75",17648.0,divers
20/10/2011,572086,23130,4,"4,15 EUR",13897.0,DECO
31/08/2011,564856,84968F,24,"10,95",12477.0,CUISINE
18/11/2011,577316,22960,12,"3,75",12578.0, cuisine
13-04-2011,549988,84931A,2,"2,55",14367.0, jardin
31-05-2011,555107,23176,8,"2,25",12594.0, deco
23/10/2011,572307,21818,36,"0,39",16905.0,deco
24/11/2011,578488,23582,10,"2,08",12784.0,SAC
13/01/2011,541018,21985,24,"0,29 EUR",14978.0,deco
02-06-2011,555383,22556,4,"1,65",12517.0, cuisine
31-01-2011,542733,20992,1,"0,85",15058.0,sac
21/07/2011,560781,22630,12,"1,95",13969.0,JOUET
23/09/2011,567968,22083,6,"2,95 EUR",12546.0, papeterie
22-11-2011,577814,22111,3,"4,95",15106.0,CUISINE
08-05-2011,552262,22991,12,"1,95 EUR",14911.0,divers
24/10/2011,572544,20970,1,"3,75",16023.0,SAC
08/04/2011,549316,22331,8,"1,65",12705.0,sac
09/12/2010,538003,22951,120,"0,42 EUR",12429.0, cuisine
21-03-2011,547134,22883,8,"1,95",15996.0, deco
17-12-2010,539338,22949,144,"1,45",17404.0, jouet
31/08/2011,564912,22379,5,"2,10",12490.0,SAC
23/02/2011,544688,22262,12,"0,85",18151.0,cuisine
01-11-2011,573892,22161,24,"0,19",14911.0,DECO
05-12-2010,537081,21429,8,"1,65",15332.0, bijou
23/10/2011,572307,22940,1,"4,25",16905.0,DIVERS
03/06/2011,555470,23200,10,"2,08",12455.0,sac
09/12/2010,538003,22951,120,"0,42 EUR",12429.0, cuisine
26-10-2011,572908,22139,3,"4,95",15835.0,cuisine
19-01-2011,541567,22312,18,"2,95",12681.0,cuisine
07/12/2011,581193,21880,2,"0,65",17097.0,divers
13/01/2011,541115,22659,12,"1,95",12578.0,DECO
20/03/2011,547079,21390,4,"1,25",15408.0,DECO
09/02/2011,543518,84988,96,"1,25",12753.0,PAPETERIE
16-09-2011,567095,20724,10,"0,85",17049.0,SAC
21-11-2011,577733,22734,2,"2,89",15163.0,DECO
31-07-2011,561870,21381,12,"1,69",14911.0,DECO
12-05-2011,552905,22296,12,"1,65",15974.0,deco
24/10/2011,572442,20969,4,"3,75",12546.0, sac
24/03/2011,547703,21843,10,"10,95",12540.0,cuisine
07/09/2011,565800,22687,2,"8,25 EUR",14911.0, deco
29/11/2011,579503,23314,1,"12,50",17097.0, deco
28/07/2011,561631,22423,4,"12,75 EUR",14911.0,cuisine
03/08/2011,562210,22766,8,"2,95 EUR",13486.0,DECO
02/10/2011,569220,21430,2,"3,75",16007.0, jardin
28/02/2011,545086,84375,36,"2,10",12678.0, divers
10/03/2011,546236,21108,9,"2,55",12370.0,CUISINE
27/06/2011,558200,21908,1,"2,10",15976.0,deco
18/10/2011,571676,22557,1,"1,65",,cuisine
09-09-2011,566200,21914,1,"1,25",16910.0,DECO
04/01/2011,540040,22378,20,"0,85",12483.0,DIVERS
05/08/2011,562537,21243,8,"1,69",12517.0, cuisine
01-11-2011,573867,21086,12,"0,65 EUR",12674.0,PAPETERIE
26/10/2011,572896,82483,2,"6,95",, divers
19-05-2011,553897,22595,12,"0,85",,deco
02/12/2010,C536820,21843,-1,"10,95",18168.0,divers
07-07-2011,559300,23309,24,"0,55 EUR",12471.0, cuisine
11/07/2011,559674,23002,3,"0,42",15856.0,SAC
22/02/2011,544634,47591D,1,"1,95",, cuisine
31/08/2011,565067,22741,48,"0,85",15856.0,divers
11/10/2011,570672,17012B,24,"0,85",12536.0, deco
22/02/2011,544657,22968,2,"9,95",14895.0,jardin
30/11/2011,579529,84375,12,"2,10 EUR",12488.0,divers
03-10-2011,569336,23092,4,"7,90",15088.0, deco
28-08-2011,564719,22092,1,"0,39",15325.0,deco
02/08/2011,562046,21240,8,"0,85",12378.0,cuisine
04-12-2011,580527,84519B,2,"1,25",13736.0, divers
11/05/2011,552839,48187,2,"7,95",14367.0, deco
21-02-2011,544470,22524,10,"1,25",12707.0,jardin
10-10-2011,570388,22624,2,"8,50",14911.0,cuisine
14/07/2011,559928,84991,24,"0,55 EUR",12405.0, cuisine
17-11-2011,577121,20682,6,"3,25",12681.0,jardin
27-01-2011,542393,21888,2,"3,75",18125.0,divers
05/07/2011,559015,22379,5,"2,10",13098.0,sac
22/09/2011,567878,84378,1,"1,45",16910.0,deco
18/11/2011,577357,23013,12,"3,45",13098.0, cuisine
17-08-2011,563557,22917,12,"0,65",15786.0,jardin
06/12/2010,537335,35597A,1,"1,25",, jardin
07/12/2011,581171,22966,24,"1,25 EUR",,DIVERS
15/11/2011,576390,22413,6,"2,95",12569.0, deco
11-03-2011,546373,22554,24,"1,65",,CUISINE
03/05/2011,551544,84828,12,"1,25 EUR",12683.0, deco
24/08/2011,564231,22667,6,"2,95",,deco
21/04/2011,550964,84596B,16,"0,42 EUR",15856.0,CUISINE
05-12-2011,580685,21877,12,"1,65",,CUISINE
08/03/2011,545937,82583,12,"2,10",, deco
24-01-2011,541932,22366,10,"6,75",14439.0,DECO
08-03-2011,545996,22083,3,"2,95",14367.0,PAPETERIE
20/09/2011,567378,21212,24,"0,55",,cuisine
28-02-2011,545073,22939,4,"4,95",14036.0,cuisine
06-12-2011,580965,22959,25,"0,42",12417.0, papeterie
12/07/2011,559704,22891,3,"4,25",12669.0, cuisine
28/03/2011,547892,22992,12,"1,95",12669.0,DIVERS
11/03/2011,546365,47590A,3,"5,45",,CUISINE
05/10/2011,569686,22111,3,"4,95",12719.0,cuisine
01/12/2011,579910,20970,4,"3,75",14911.0,sac
06/07/2011,559135,21086,12,"0,65",12455.0,PAPETERIE
23-08-2011,564174,85099B,10,"2,08",14191.0, sac
15/08/2011,563345,23309,48,"0,55",12619.0,CUISINE
17/01/2011,541277,51014A,12,"0,85 EUR",12673.0,DIVERS
29/09/2011,568782,22329,12,"1,65",13985.0,DIVERS
20/06/2011,557427,23110,6,"5,75",,DIVERS
22/06/2011,557742,C2,1,"50,00",14911.0,DIVERS
08/11/2011,575144,POST,3,"28,00",12540.0,DIVERS
01/08/2011,561914,85123A,6,"2,95",17676.0, deco
23/05/2011,554139,85053,12,"2,10",14911.0,deco
11/08/2011,563037,20726,10,"1,65",12362.0,sac
12/10/2011,570754,23204,10,"0,85 EUR",12633.0,SAC
25/01/2011,542102,22699,6,"2,95 EUR",12744.0,CUISINE
01/12/2010,C536548,22333,-1,"1,65",12472.0,divers
16-03-2011,546760,82581,12,"0,55",12597.0,deco
27-10-2011,573130,23581,10,"2,08",13969.0,sac
04-11-2011,574336,22791,12,"1,25",12397.0,CUISINE
17-11-2011,577071,23082,4,"3,75",,PAPETERIE
22/07/2011,560991,23317,2,"9,95",12438.0,DECO
29/09/2011,568833,22975,12,"1,25",17348.0, cuisine
06/09/2011,565781,22712,12,"0,42 EUR",13098.0, papeterie
14/08/2011,563227,23077,40,"1,25",14301.0,divers
07/01/2011,540455,22729,12,"3,75",12583.0,DECO
23/02/2011,544778,72351B,2,"2,10",14978.0, deco
16/06/2011,556953,22363,6,"2,95",14911.0,cuisine
30-11-2011,579529,84931A,6,"2,55 EUR",12488.0,JARDIN
03/11/2011,574093,23076,24,"1,25",12437.0, divers
27/11/2011,578941,22821,4,"0,65",16024.0, sac
01/12/2011,580137,85053,2,"2,10 EUR",17566.0,DECO
28/11/2011,579193,22900,6,"3,25 EUR",12657.0,CUISINE
19-08-2011,563848,22757,12,"1,25",14911.0,papeterie
25/05/2011,554650,16237,30,"0,21",12681.0,DIVERS
27-07-2011,561507,21055,2,"8,95",,jouet
29/09/2011,568901,23132,6,"5,75",15050.0,deco
28-09-2011,568654,23311,12,"2,55 EUR",14911.0, deco
06/06/2011,555728,20829,3,"2,10",17252.0,BIJOU
06/11/2011,574682,16012,24,"0,21",14963.0, papeterie
05-04-2011,548968,23181,8,"7,50 EUR",,cuisine
24/08/2011,564337,22326,24,"2,95",, deco
17-12-2010,539391,21135,16,"1,69",12417.0,PAPETERIE
02-12-2011,580289,82583,24,"2,10",15856.0, deco
11-10-2011,570672,22616,24,"0,39",12536.0,DIVERS
17/07/2011,560251,21843,2,"10,95",17774.0,cuisine
17-08-2011,563540,22334,8,"1,65",12473.0,sac
10/12/2010,538174,22489,24,"0,42",12471.0,divers
11-07-2011,559654,22692,10,"6,75",,DECO
18/08/2011,563737,22720,1,"4,95",16261.0,cuisine
01/07/2011,558714,10133,10,"0,42",17888.0, papeterie
20/05/2011,553935,23169,1,"4,15 EUR",15856.0,cuisine
15/09/2011,566846,C2,1,"50,00",14911.0, divers
31/08/2011,564856,85099B,10,"2,08",12477.0, sac
08/06/2011,555947,21287,72,"0,38",14911.0,deco
28-08-2011,564745,23165,1,"1,65",16806.0,CUISINE
25-11-2011,578794,23695,12,"0,42",17232.0,PAPETERIE
07/09/2011,565916,23316,2,"9,95",14156.0,deco
26-06-2011,558089,23164,4,"4,95",13505.0,cuisine
26-05-2011,554792,21080,24,"0,85 EUR",12547.0,PAPETERIE
14-03-2011,546541,20712,10,"1,95",14911.0,SAC
26/01/2011,542216,20966,10,"1,25",, divers
21-04-2011,550899,22423,2,"12,75",13505.0, cuisine
03/11/2011,574093,22742,6,"2,95",,PAPETERIE
06/09/2011,565748,22171,12,"7,65",14156.0,deco
11-11-2011,575886,20674,8,"1,25",12517.0, cuisine
07-03-2011,545883,47351B,6,"2,95 EUR",15974.0, deco
01/12/2011,580137,84817,1,"2,10",17566.0, cuisine
24/03/2011,547658,21166,2,"2,08",13736.0, deco
28/08/2011,564734,22380,1,"2,10",12484.0,JOUET
17/10/2011,571328,22398,24,"0,39",12473.0, divers
03/05/2011,551724,22433,3,"1,95 EUR",15976.0,BIJOU
08-05-2011,552290,79000,12,"0,85",16007.0,cuisine
05-09-2011,565466,23200,10,"2,08",12422.0, sac
22/09/2011,567721,21212,120,"0,42 EUR",12409.0,CUISINE
10-12-2010,538279,21326,192,"0,55",14952.0, cuisine
23-05-2011,554132,22433,6,"1,95",12360.0,bijou
22/09/2011,567915,20749,2,"7,95",12579.0, divers
09/06/2011,556214,21977,24,"0,55",,cuisine
03/08/2011,562210,84580,4,"3,75",13486.0,jouet
04-11-2011,574336,22629,12,"1,95",,jouet
24-01-2011,541981,22352,6,"2,55",12691.0,cuisine
06/06/2011,555728,22077,1,"1,65",17252.0,divers
08-05-2011,552262,23162,4,"3,75",14911.0,cuisine
18/07/2011,560360,21470,6,"3,75 EUR",12744.0,jardin
06-06-2011,555588,22796,2,"9,95",, deco
26/10/2011,572763,21481,4,"3,75",12812.0, cuisine
02/12/2010,C536827,21527,-3,"6,95",13408.0,divers
29/09/2011,568781,22423,32,"10,95",14952.0, cuisine
14-04-2011,550144,85099B,3,"2,08",16520.0,SAC
11-10-2011,570555,21810,48,"0,39",17119.0,deco
12-08-2011,563098,21975,24,"0,55 EUR",14911.0,cuisine
01/07/2011,558647,22758,12,"1,25",14868.0, papeterie
03/11/2011,574252,22554,12,"1,65",12437.0,CUISINE
17/08/2011,563557,23122,24,"0,83 EUR",15786.0, divers
18/08/2011,563613,23307,24,"0,55",12688.0,cuisine
03/12/2010,537030,22587,12,"0,85",16455.0,BIJOU
08/03/2011,545937,23176,24,"2,25",12758.0,DECO
14/08/2011,563211,20724,10,"0,85",17049.0,sac
25/07/2011,561116,23292,8,"1,25",13520.0,cuisine
10/05/2011,552559,22845,2,"6,35",15865.0,DECO
01/12/2010,536370,21035,18,"2,95",12583.0, cuisine
04/12/2011,580528,85183B,12,"1,25",14911.0, papeterie
28/10/2011,573153,22556,84,"1,65 EUR",12678.0,cuisine
10/12/2010,538174,22419,100,"0,36",12471.0, papeterie
24-01-2011,541932,48187,20,"6,75",14439.0,DECO
27-06-2011,558200,22523,2,"0,85 EUR",15976.0,JARDIN
12/10/2011,570875,22617,3,"4,95",12667.0, cuisine
06/11/2011,574653,21976,48,"0,55",12619.0,cuisine
21-11-2011,577698,21026,2,"1,25",14963.0,DIVERS
01/12/2010,C536391,22556,-12,"1,65",17548.0,divers
20-10-2011,572087,21948,12,"1,25",12683.0, cuisine
24-01-2011,541877,22973,12,"1,65",, cuisine
09/06/2011,556241,20726,10,"1,65",12597.0,SAC
01/12/2010,C536548,22077,-6,"1,65",,divers
24/11/2011,578459,22338,96,"0,19",, deco
22/08/2011,563936,72807A,4,"4,25",17828.0, bijou
07-12-2011,581182,23108,4,"6,25",12783.0,JOUET
05/12/2011,580662,23320,12,"1,25",15856.0,divers
09/12/2010,538040,21888,2,"3,75 EUR",16520.0, divers
11/04/2011,549667,22960,12,"3,75",14911.0,cuisine
11/10/2011,570640,23345,12,"1,25",12474.0,JOUET
04/08/2011,562370,22327,12,"2,95",12626.0, deco
22-08-2011,563950,23316,2,"9,95",12471.0,DECO
08/12/2010,537818,22513,4,"3,75",12766.0, deco
29/09/2011,568901,23350,6,"1,25",15050.0,PAPETERIE
03/10/2011,569332,21930,3,"2,08 EUR",12637.0,sac
16-11-2011,576653,20914,48,"2,55",14156.0, cuisine
27-10-2011,573130,23493,10,"1,95",13969.0,DECO
05-09-2011,565475,20914,48,"2,55",14156.0,cuisine
12/05/2011,552978,82600,48,"1,85",12590.0, deco
14/10/2011,571231,82583,72,"1,85 EUR",15856.0, deco
29/11/2011,579515,23035,12,"1,45",14191.0,DECO
18/09/2011,567180,22971,3,"2,55",, cuisine
19/09/2011,567302,22142,15,"1,45",15058.0,DIVERS
03/05/2011,551714,21745,2,"3,75",16806.0,JARDIN
14/12/2010,538826,20846,20,"1,25",, deco
04/01/2011,540040,22466,12,"1,95",12483.0,deco
18-10-2011,571676,22853,1,"3,25",,cuisine
23/11/2011,578104,23082,6,"3,75",13969.0,papeterie
14-09-2011,566734,23389,1,"4,15",16910.0,JOUET
17/11/2011,577029,23310,72,"0,42",15563.0,bijou
28-07-2011,561676,79321,4,"5,75",13468.0,DECO
11-07-2011,559674,23000,2,"0,42",15856.0,sac
09/09/2011,566213,23209,10,"1,65",14895.0,sac
11/10/2011,570521,21558,6,"2,55",12371.0, cuisine
18/05/2011,553686,22515,6,"2,10 EUR",14911.0, jardin
07/07/2011,559173,16161P,25,"0,42",12540.0,PAPETERIE
04-12-2011,580509,21623,2,"9,95",12719.0,deco
05/10/2011,569653,22431,12,"1,95",12451.0, bijou
09-11-2011,575193,22352,6,"2,55",12681.0, cuisine
05/08/2011,562560,22533,4,"0,42",,cuisine
29-09-2011,568791,84378,12,"1,45",16650.0,DECO
06/01/2011,540351,85032A,6,"2,10 EUR",12735.0, papeterie
28-08-2011,564737,22114,4,"4,25",15312.0,cuisine
19-10-2011,571905,22465,12,"1,65",12370.0,deco
25/01/2011,542102,20972,48,"1,25",12744.0, deco
27-07-2011,561507,22423,3,"12,75",12397.0,CUISINE
21-08-2011,563913,21471,6,"3,75",,divers
17/11/2011,577046,23497,12,"1,45",12449.0,divers
07-12-2011,581098,22083,6,"2,95",14911.0, papeterie
21-07-2011,560875,48173C,2,"7,95",13562.0,deco
24-08-2011,564201,23548,25,"0,42",12540.0, papeterie
24-11-2011,578662,84997D,2,"4,15",17516.0,CUISINE
27-06-2011,558113,22849,1,"16,95",14911.0, divers
16/12/2010,539084,85150,6,"2,55",,DECO
17/11/2011,577121,20668,72,"0,12 EUR",,DECO
31/08/2011,565067,22637,2,"2,55",15856.0, divers
23-10-2011,572280,21975,2,"0,55",16007.0, cuisine
27-01-2011,542276,82494L,6,"2,95",12764.0,deco
24/11/2011,578541,22507,2,"4,95",14277.0,DECO
04-11-2011,574550,21000,4,"4,25",12484.0, sac
28/01/2011,542586,22501,6,"9,95",12377.0, deco
06/12/2011,580734,23582,20,"2,08 EUR",12766.0,SAC
01/07/2011,558647,22384,10,"1,65",14868.0,SAC
17-12-2010,539351,22386,10,"1,95",,sac
24/01/2011,541980,85206A,6,"1,65",12421.0,CUISINE
07/10/2011,570016,21155,6,"2,55 EUR",14911.0,SAC
12-06-2011,556474,22851,2,"0,85",16007.0,CUISINE
18/08/2011,563709,35970,2,"1,69 EUR",15472.0,divers
15/11/2011,576607,22535,24,"0,42",12474.0,divers
12/08/2011,563169,22381,5,"2,10",14911.0,jouet
28-08-2011,564745,23166,2,"1,25 EUR",16806.0, cuisine
18-08-2011,563686,22986,25,"0,42",13098.0,PAPETERIE
07-12-2011,581003,48194,2,"8,25",14911.0, deco
11/10/2011,570499,22766,8,"2,95",,deco
18/11/2011,577180,22668,5,"2,95",12380.0, cuisine
18-10-2011,571701,22847,1,"16,95",14639.0,divers
02/12/2010,C536829,71477,-1,"3,25",13295.0,divers
30-11-2011,579741,22627,1,"8,50 EUR",16910.0,CUISINE
01/11/2011,573901,23201,10,"2,08 EUR",14191.0,sac
14-07-2011,560104,23209,2,"1,65",17921.0, sac
05/10/2011,569715,82582,24,"2,10",15856.0,deco
07/01/2011,540469,37482P,6,"2,55",12484.0,CUISINE
28-07-2011,561601,20727,10,"1,65",18151.0, sac
29/09/2011,568782,22139,6,"4,95",13985.0,CUISINE
20/07/2011,560728,22139,3,"4,95",12520.0,CUISINE
05/12/2010,C537039,20936,-1,"2,95",15708.0,divers
28-06-2011,558335,84836,12,"1,25",17442.0,DECO
28-07-2011,561528,23231,25,"0,42",13098.0,papeterie
08-05-2011,552290,22663,1,"2,08 EUR",,SAC
22-08-2011,564039,POST,2,"18,00",12645.0,divers
25/03/2011,547724,84510A,10,"1,25",13468.0,jardin
18/10/2011,571559,23206,20,"1,65",14911.0, sac
14/11/2011,576141,21403,24,"0,12",14911.0,cuisine
18-08-2011,563613,47504H,60,"0,79",12688.0,JARDIN
27/01/2011,542303,84509A,4,"3,75",12539.0,jardin
06-01-2011,540365,22634,2,"9,95",12413.0,JOUET
21/11/2011,577698,20973,24,"0,65 EUR",14963.0, papeterie
12/10/2011,570842,47591D,8,"1,95",17676.0, cuisine
03/03/2011,545557,22585,144,"1,06",12500.0,PAPETERIE
11-01-2011,540824,22423,1,"12,75",12728.0,CUISINE
17/08/2011,563558,23267,24,"1,25",14156.0, cuisine
23/11/2011,578108,23507,20,"0,42",14912.0,PAPETERIE
08-07-2011,559418,21238,8,"0,85",12681.0, cuisine
19-05-2011,553765,82482,6,"2,55 EUR",17245.0, deco
21-04-2011,550960,84945,12,"0,85",, deco
18-10-2011,571665,22620,12,"1,45",12540.0, divers
09-01-2011,540547,22481,12,"1,25",14911.0,cuisine
08-09-2011,566040,23275,24,"1,25",12540.0,deco
24/11/2011,578541,22627,2,"8,50",14277.0,CUISINE
05/06/2011,555572,21217,2,"9,95",12449.0,CUISINE
15/06/2011,556886,20977,16,"1,25",12624.0,PAPETERIE
31-03-2011,548496,21725,24,"0,85",12678.0, papeterie
27/01/2011,542303,35810A,6,"2,10",12539.0, cuisine
07-10-2011,570095,POST,2,"18,00 EUR",12528.0,divers
22/06/2011,557759,23322,6,"2,95",14156.0,DECO
21/11/2011,577698,21947,2,"1,25",, deco
26/10/2011,572896,82483,2,"6,95",, divers
03/08/2011,562163,21704,12,"0,85 EUR",15628.0, sac
17/05/2011,553404,20724,10,"0,85 EUR",14952.0,SAC
09-09-2011,566200,21213,1,"0,55",16910.0, cuisine
06/06/2011,555644,85099F,2,"2,08",16520.0,SAC
19-05-2011,553765,21755,3,"5,95",17245.0, divers
01/07/2011,558647,22147,12,"1,45",, deco
08/08/2011,562605,23200,20,"2,08",12530.0,SAC
17-12-2010,539351,20718,10,"1,25 EUR",12551.0,sac
20/10/2011,572065,22273,1,"2,95",12556.0, jouet
29/07/2011,561697,22167,2,"9,95",18127.0,deco
25/11/2011,578696,23255,4,"4,15",13985.0,CUISINE
23-12-2010,539865,21137,48,"3,39",15587.0,DECO
25/11/2011,578719,23349,1,"1,25",17348.0, papeterie
24-11-2011,578362,23126,16,"4,95",12913.0,divers
17/08/2011,563557,22673,12,"1,25 EUR",15786.0,jardin
05/08/2011,562560,21889,1,"1,25",,deco
29-11-2011,579269,22809,12,"2,95",14601.0,DECO
21-11-2011,577618,23173,2,"9,95",12795.0, jardin
14-07-2011,560041,21531,6,"2,55",14156.0,CUISINE
22/09/2011,567899,22637,4,"2,55",14911.0, divers
05/10/2011,569653,23290,16,"1,25 EUR",12451.0,CUISINE
10/08/2011,562893,22726,4,"3,75",17442.0,deco
25/11/2011,578696,85099B,10,"2,08",13985.0,sac
20/01/2011,541631,21094,12,"0,85",12637.0,PAPETERIE
17-08-2011,563557,22424,1,"12,75",15786.0,divers
10-06-2011,556283,21673,12,"1,25",15628.0,DECO
18/08/2011,563613,22180,2,"9,95",12688.0, deco
28/09/2011,568706,20831,6,"2,10",14911.0,deco
08-03-2011,545937,21931,30,"1,95 EUR",12758.0,SAC
21/09/2011,567666,21673,12,"1,45",12520.0,deco
15-11-2011,576378,23322,12,"2,95 EUR",15628.0,DECO
29/11/2011,579416,23319,48,"2,08 EUR",12471.0,deco
04-11-2011,574343,85053,6,"2,10",12576.0, deco
30/09/2011,569122,23295,8,"0,83",12694.0,cuisine
16-06-2011,556953,23163,24,"2,49",,divers
23/05/2011,554132,22438,10,"1,95",12360.0,JOUET
06/06/2011,555650,22804,6,"2,95",14156.0,deco
10/10/2011,570388,21977,24,"0,55",14911.0, cuisine
17/11/2011,576923,21217,12,"8,95",12753.0,CUISINE
18-01-2011,541427,21523,10,"6,75",17018.0,deco
27-07-2011,561471,21932,20,"1,65 EUR",,sac
15/02/2011,544075,22728,50,"3,39",14156.0, deco
06/10/2011,569893,22418,24,"0,85",12627.0, jouet
29/11/2011,579416,23480,16,"3,75",12471.0, deco
10/05/2011,552547,22382,30,"1,65",13098.0, sac
09/06/2011,556263,23206,6,"1,65",13969.0,sac
31/08/2011,564856,22625,10,"8,50",12477.0, cuisine
09/06/2011,556258,22492,36,"0,65",12694.0,deco
11/09/2011,566271,22077,12,"1,95 EUR",14250.0,divers
15/06/2011,556822,21975,12,"0,55",17155.0, cuisine
25/03/2011,547822,21531,6,"2,55",12668.0,CUISINE
14/01/2011,541220,20725,200,"1,45",14156.0,SAC
08-08-2011,562602,23254,8,"4,15",12865.0, cuisine
02/12/2011,580140,23317,4,"9,95",14895.0, deco
08-06-2011,555947,22994,24,"0,42",14911.0,SAC
12/10/2011,570703,22384,10,"1,65",14911.0,sac
23/10/2011,572280,23354,1,"0,83",16007.0,papeterie
10-04-2011,549558,22919,1,"0,65 EUR",15058.0,divers
30-06-2011,558567,20840,12,"0,85",14191.0,deco
18/02/2011,544390,21389,12,"0,85 EUR",14911.0,jardin
20-10-2011,572065,23176,1,"2,25",12556.0,DECO
22-05-2011,554106,21062,12,"0,85",12710.0, divers
01-04-2011,548686,22197,100,"0,72",15856.0,DECO
22/11/2011,577856,22331,99999,"1,65",12490.0,SAC
26/08/2011,564558,20979,16,"1,25",12704.0,papeterie
03/12/2010,536943,22731,1,"1,25",17884.0,PAPETERIE
23/09/2011,568095,90209A,6,"2,10",14911.0, cuisine
19/08/2011,563749,21578,6,"2,25",12360.0,SAC
07-09-2011,565854,21121,24,"1,25",12490.0,deco
26-09-2011,568221,23031,6,"1,65",14911.0,DECO
27-06-2011,558183,22676,2,"1,25",15996.0,deco
13-05-2011,553161,22303,12,"2,55",12681.0,CUISINE
14/12/2010,538826,21106,3,"2,95",12370.0, divers
08/04/2011,549439,21929,10,"2,08",13562.0,sac
30/11/2011,579553,84945,12,"0,85",14156.0,deco
12-06-2011,556474,82494L,3,"2,95 EUR",16007.0, deco
17-11-2011,577071,23570,2,"1,25",13969.0, jouet
18/03/2011,546917,22556,12,"1,65",14911.0,CUISINE
04-11-2011,574502,23242,1,"2,08",17274.0,cuisine
18/07/2011,560360,22086,18,"2,95 EUR",, papeterie
10/10/2011,570388,23031,6,"1,65",14911.0,DECO
15-11-2011,576378,21733,6,"2,95",15628.0, deco
18/11/2011,577142,21559,12,"2,55",13985.0, cuisine
23-03-2011,547406,47590A,9,"5,45",16948.0,cuisine
02/12/2010,C536825,22197,-2,"0,85",15384.0,divers
20/03/2011,547055,20725,3,"1,65",16444.0,SAC
02/08/2011,562046,22320,9,"5,95",12378.0,jardin
09-06-2011,556263,47518F,24,"0,12",13969.0, divers
19/12/2010,539466,22644,12,"1,45",12668.0, cuisine
01/12/2010,C536391,21980,-24,"0,29",17548.0,divers
28-09-2011,568711,23444,1,"15,00 EUR",14947.0,DIVERS
25/10/2011,572567,22908,12,"0,85",12398.0, cuisine
21-02-2011,544470,22619,4,"3,75",12707.0, jouet
17/06/2011,557232,23281,12,"0,83",12463.0,deco
24/11/2011,578541,22199,2,"4,25",,DIVERS
17/11/2011,577029,23691,25,"0,42",15563.0,papeterie
08-06-2011,555947,84226,34,"0,64",14911.0, divers
21/11/2011,577698,23301,1,"1,65",14963.0,JARDIN
21/08/2011,563926,22569,4,"3,75",12553.0, deco
17/04/2011,550325,22413,6,"2,95",15745.0,deco
21-02-2011,544572,22720,3,"4,95",14639.0, cuisine
09/12/2010,538003,22331,8,"1,65",12429.0,sac
11-10-2011,570672,20914,6,"2,95",12536.0,CUISINE
23-09-2011,568095,90022,4,"3,75 EUR",14911.0, bijou
05-07-2011,559036,23054,2,"8,25",12637.0,DIVERS
11-10-2011,570672,85095,8,"1,95",12536.0, divers
24-01-2011,541932,48194,10,"6,75",14439.0,deco
06/12/2010,537387,46000P,2,"4,25",13468.0, divers
31/07/2011,561870,21993,12,"1,25",14911.0, divers
30/06/2011,558613,21519,12,"0,42",14911.0,papeterie
10/06/2011,556455,22996,24,"0,42",15856.0,SAC
07/10/2011,570023,23483,12,"1,25",13876.0, deco
27/02/2011,545067,85049D,1,"1,25",17894.0, divers
09/09/2011,566163,23190,12,"1,65",12637.0,DIVERS
07-04-2011,549222,22497,4,"4,25",12347.0,CUISINE
10-11-2011,575684,20846,99999,"1,25",14397.0,DECO
18/05/2011,553566,21578,6,"2,25",12690.0,SAC
31-05-2011,555109,21535,2,"2,55",16023.0, divers
07/09/2011,565801,22963,12,"0,85 EUR",12685.0, cuisine
23-09-2011,568104,22286,12,"0,39 EUR",16485.0,jouet
06/09/2011,565748,22739,10,"1,65",14156.0,DECO
27/02/2011,545067,85049H,1,"1,25",17894.0,divers
11-11-2011,575787,22274,6,"2,95",12518.0,jouet
13/11/2011,576051,22960,24,"3,75",14911.0,CUISINE
14-07-2011,560041,22423,4,"12,75",14156.0, cuisine
15-06-2011,556927,22555,96,"1,45",14156.0,CUISINE
28/11/2011,579102,21790,12,"0,85",14911.0,PAPETERIE
23/09/2011,568048,22423,4,"12,75",14911.0, cuisine
23/09/2011,568104,22089,1,"2,95",16485.0, papeterie
11/08/2011,563037,16238,28,"0,21",12362.0,PAPETERIE
16/12/2010,539112,21408,3,"4,25",13468.0,jouet
24/11/2011,578541,22625,2,"8,50",14277.0,CUISINE
23/10/2011,572307,20679,2,"5,95",16905.0,JARDIN
12-06-2011,556474,82484,1,"7,95",16007.0, divers
08/03/2011,545996,20767,3,"2,55",14367.0,PAPETERIE
13/05/2011,553161,23145,12,"0,95",12681.0, deco
23/02/2011,544811,84988,12,"1,45 EUR",12471.0,PAPETERIE
18-04-2011,550360,22178,6,"1,25",14978.0,CUISINE
12/08/2011,563169,23209,20,"1,65",14911.0,SAC
12/05/2011,552975,23200,10,"2,08 EUR",17932.0,SAC
01/09/2011,565218,23238,6,"4,15",12739.0,cuisine
07/12/2011,581183,22057,16,"0,39",12569.0,CUISINE
14-10-2011,571255,23245,16,"4,15",12454.0,cuisine
09/12/2010,538008,22909,12,"0,85",12683.0,CUISINE
08-03-2011,545996,21829,1,"0,21",,bijou
07-12-2011,581193,22465,1,"0,79",, deco
04/12/2011,580511,21485,6,"4,95 EUR",12560.0, cuisine
23/02/2011,544778,22084,2,"2,95",14978.0, papeterie
02/12/2010,C536606,20914,-2,"2,95",14092.0,divers
07/04/2011,549291,21845,1,"0,79 EUR",16261.0,cuisine
17-10-2011,571409,22669,5,"2,95",14911.0,CUISINE
05/09/2011,565665,82551,24,"1,45",15856.0, deco
30/10/2011,573362,22732,18,"1,25",12597.0, papeterie
05-12-2011,580630,23202,20,"2,08",12913.0, sac
18/08/2011,563613,23053,4,"8,25",12688.0,divers
23-09-2011,568001,23154,12,"2,08",12540.0,CUISINE
07-12-2011,581006,22464,12,"1,65",14911.0, deco
20-10-2011,572069,23344,10,"2,08",14911.0,sac
01-06-2011,555162,22704,25,"0,42",12473.0,PAPETERIE
19/05/2011,553900,37450,6,"2,95",12353.0,cuisine
01/02/2011,542777,22136,12,"1,65",14911.0,deco
10-06-2011,556341,48194,2,"7,95 EUR",16614.0,deco
29/09/2011,568782,23355,4,"4,95",13985.0, cuisine
20-09-2011,567424,22429,2,"4,25",16369.0,BIJOU
22/09/2011,567720,22077,12,"1,95",14911.0,divers
25-08-2011,564539,22379,5,"2,10",12715.0,SAC
14-02-2011,543828,22961,24,"1,45 EUR",14156.0,divers
10/06/2011,556434,22360,6,"2,95",14895.0,CUISINE
06/10/2011,569901,22561,1,"1,65",12923.0,BIJOU
02/02/2011,542990,20830,6,"2,10",13468.0,DECO
11/05/2011,552839,22199,3,"4,25",14367.0,DIVERS
06-04-2011,549118,22111,3,"4,95",14911.0,cuisine
15-06-2011,556886,21212,24,"0,55",12624.0,CUISINE
08/05/2011,552311,22831,6,"2,95 EUR",15312.0, divers
19-10-2011,571745,84030E,4,"4,25",14911.0,CUISINE
31/08/2011,565067,23238,2,"4,15",15856.0, cuisine
18/07/2011,560360,22090,12,"2,95 EUR",12744.0,PAPETERIE
21/02/2011,544495,84520B,12,"0,85 EUR",12766.0,papeterie
27/07/2011,561507,22180,2,"9,95 EUR",12397.0,DECO
11/05/2011,552826,21539,2,"4,95",14277.0, divers
08/06/2011,555947,35912B,72,"1,06",14911.0,deco
20-07-2011,560635,23201,10,"2,08 EUR",12521.0,sac
28/02/2011,545073,21407,3,"4,25",14036.0,divers
09/12/2010,538170,22474,1,"4,95",13969.0,jouet
06/05/2011,552176,22749,2,"3,75",17516.0,jouet
01/12/2010,536370,21883,24,"0,65",12583.0, deco
23-09-2011,568095,15060B,4,"3,75 EUR",14911.0, cuisine
06/04/2011,549118,22558,12,"1,65 EUR",14911.0,DIVERS
23/09/2011,568048,22979,12,"1,45 EUR",14911.0, cuisine
10-05-2011,552695,22752,4,"8,50",16320.0, cuisine
06/12/2010,C537406,22847,-4,"14,95",,divers
03-10-2011,569332,22628,1,"4,95",12637.0,deco
06/06/2011,555728,85152,1,"2,10 EUR",17252.0, deco
31/10/2011,573588,22138,3,"4,95",12588.0,cuisine
08-06-2011,555931,72807B,4,"4,25",17828.0,bijou
22/09/2011,567701,22187,24,"1,95",17172.0,papeterie
25/10/2011,572567,22328,6,"2,95 EUR",12398.0,deco
21/10/2011,572127,47566,4,"4,95",, cuisine
24-11-2011,578541,21871,6,"1,65",14277.0,cuisine
05/10/2011,569699,21471,1,"3,75",12723.0,divers
02/12/2011,580357,79190A,15,"0,42",15856.0, divers
02/08/2011,562046,21205,6,"2,55 EUR",12378.0,deco
05/12/2010,C537157,35953,-24,"1,25",15880.0,divers
21/10/2011,572218,22993,12,"1,25",16311.0,cuisine
02/10/2011,569220,23152,2,"3,75",,DECO
09-09-2011,566207,22550,72,"2,62",12830.0, divers
26-01-2011,542229,84997B,6,"3,75",12474.0,CUISINE
13/06/2011,556510,23201,10,"2,08",14911.0,SAC
20/11/2011,577551,23084,6,"2,08",12395.0, jouet
06/10/2011,569844,22546,24,"0,42 EUR",12626.0,JOUET
17/11/2011,577046,22628,4,"4,95",12449.0,DECO
18-10-2011,571559,23208,20,"1,65",14911.0, sac
25-10-2011,572742,22819,12,"0,42 EUR",14341.0, papeterie
17/03/2011,546780,22468,48,"5,95 EUR",12435.0,BIJOU
07/12/2011,581183,22123,12,"0,79",12569.0,cuisine
07-09-2011,565844,23191,12,"1,65",17442.0,divers
02/12/2011,580153,22399,12,"1,25",,divers
06/07/2011,559145,22961,96,"1,45",17404.0, divers
13/07/2011,559907,23159,12,"2,08",12766.0, cuisine
09-09-2011,566163,22662,10,"1,65",, sac
11-08-2011,563024,23299,6,"3,75",14639.0, bijou
09-03-2011,546134,22857,144,"0,72",13493.0, papeterie
20/10/2011,571937,21530,18,"0,79",14911.0, divers
30/11/2011,579881,35599B,12,"1,95 EUR",12429.0, jardin
10-06-2011,556341,21165,12,"1,69",16614.0,DECO
28/02/2011,545105,22899,12,"2,10",12598.0, cuisine
11-05-2011,552839,22840,1,"7,95",14367.0,cuisine
03-12-2010,536860,85131A,24,"1,25",16905.0,BIJOU
27-05-2011,554861,23108,2,"6,25",12633.0, jouet
05/09/2011,565583,22847,1,"16,95",, divers
19/05/2011,553739,22570,4,"3,75",14895.0,jouet
05-12-2011,580640,21991,1,"1,25",16910.0,DIVERS
26/08/2011,564565,21098,12,"1,25",14911.0, divers
27/02/2011,545067,22078,1,"2,10 EUR",, deco
14-02-2011,543911,22111,6,"4,95",17829.0, cuisine
19/08/2011,563756,22537,24,"0,42",12418.0,DIVERS
09-12-2010,538003,22673,24,"1,25",12429.0,JARDIN
06/12/2010,C537406,22926,-4,"5,95",,divers
07-09-2011,565857,22772,12,"1,25",14911.0,DECO
11-04-2011,549667,22672,12,"1,65",14911.0, deco
17/08/2011,563558,48129,10,"6,75",14156.0,DECO
24-10-2011,572528,23007,1,"16,95",13176.0,JOUET
11/08/2011,563023,22697,6,"2,95 EUR",14639.0,cuisine
08-08-2011,562670,22979,12,"1,45",14911.0,cuisine
28-02-2011,545073,20712,10,"1,95",14036.0,SAC
23/09/2011,568040,21544,12,"0,85",12681.0, divers
22/12/2010,539836,47566,3,"4,65",17894.0,CUISINE
13-01-2011,541115,22134,24,"0,42",12578.0,deco
11-09-2011,566271,23229,6,"3,75",14250.0,JOUET
21-08-2011,563914,22326,6,"2,95 EUR",12518.0,DECO
13/05/2011,553037,22961,24,"1,45",12471.0,DIVERS
17-02-2011,544304,20751,3,"2,10",18125.0,divers
12-04-2011,549906,22287,1,"1,65",14998.0,DECO
11-03-2011,546365,21058,12,"0,85",12520.0,DIVERS
12-10-2011,570718,POST,2,"18,00",12518.0, divers
21/06/2011,557525,21062,12,"0,85",12759.0, divers
02-12-2010,536698,22669,5,"2,95",15363.0,cuisine
23/03/2011,547504,84997D,6,"4,15",12683.0, cuisine
01/05/2011,551531,20830,1,"2,10 EUR",15376.0, deco
30-11-2011,579629,23229,2,"3,75",14963.0, jouet
17/02/2011,544304,85040A,2,"1,65",18125.0, cuisine
04/04/2011,548743,21259,2,"5,95",14895.0, deco
27/02/2011,545067,22082,2,"1,65",17894.0, deco
04/12/2011,580528,22182,24,"1,25",14911.0,cuisine
06-07-2011,559125,23256,4,"4,15",, cuisine
14/10/2011,571227,21231,36,"1,25 EUR",12477.0,DECO
12/10/2011,570841,23389,4,"4,15",,jouet
18-10-2011,571559,22960,12,"3,75",14911.0,CUISINE
29/09/2011,568798,22312,6,"2,95",12615.0,cuisine
21/11/2011,577755,22086,6,"2,95",17010.0,PAPETERIE
18-03-2011,547005,21086,12,"0,65",12474.0,PAPETERIE
12-08-2011,563098,22625,4,"8,50",14911.0,cuisine
09/06/2011,556259,23300,12,"1,65 EUR",12721.0, cuisine
10/10/2011,570418,23012,4,"3,95",15211.0,cuisine
09-05-2011,552325,22302,6,"2,55",12490.0,CUISINE
20/10/2011,572065,51014A,12,"0,39",12556.0,divers
11/11/2011,575886,23201,3,"2,08",12517.0, sac
14-11-2011,576300,23394,1,"3,75",, deco
09-03-2011,546100,22966,12,"1,25",16572.0,DIVERS
13/06/2011,556579,22627,2,"8,50",15069.0,cuisine
03-03-2011,545536,22501,2,"9,95",12417.0,deco
12/09/2011,566308,22840,2,"7,95 EUR",15865.0,cuisine
18-08-2011,563709,21754,1,"5,95",15472.0, divers
28/08/2011,564734,21328,6,"1,65",12484.0,cuisine
12/10/2011,570839,22376,99999,"4,25",14911.0,sac
29/09/2011,568901,23351,6,"1,25",15050.0, papeterie
03/05/2011,551656,21080,12,"0,85",14911.0,papeterie
11/10/2011,570499,21499,25,"0,42",12772.0, papeterie
12-10-2011,570794,22144,12,"2,10",,divers
15-06-2011,556928,23236,48,"2,49",14156.0, cuisine
05-07-2011,559011,23173,2,"9,95 EUR",,jardin
03-12-2010,537026,21212,120,"0,42",12395.0,cuisine
09-06-2011,556263,20727,5,"1,65",,sac
17/07/2011,560251,82482,3,"2,55",17774.0,deco
19-07-2011,560451,22846,2,"16,95 EUR",14911.0,DIVERS
28-02-2011,545073,20712,10,"1,95",14036.0,SAC
10/10/2011,570448,22086,1,"2,95",13224.0, papeterie
02/11/2011,574022,23084,48,"1,79",12594.0,jouet
07-12-2011,581180,20719,10,"0,85",12347.0, sac
11-02-2011,543737,21485,21,"4,95",12477.0,cuisine
06-12-2011,580965,23170,12,"1,65",12417.0,CUISINE
20/10/2011,572065,21992,3,"1,25",, deco
10/11/2011,575603,85123A,4,"2,95",18125.0, deco
08-11-2011,575154,22507,4,"4,95",12395.0, deco
01/02/2011,542777,48129,2,"7,95",14911.0,deco
04/10/2011,569496,23240,6,"4,15 EUR",12395.0,CUISINE
16-06-2011,557007,20752,4,"2,10",12484.0,DIVERS
01/12/2010,C536548,22631,-1,"1,95",12472.0,divers
22/11/2011,578024,85049G,12,"1,25",12705.0,DECO
13-09-2011,566586,22737,10,"1,65 EUR",12619.0,DIVERS
08/06/2011,555931,22149,6,"2,10",17828.0, jardin
02/12/2010,C536622,22752,-2,"8,50",12471.0,divers
02-12-2011,580153,21169,12,"1,69",12762.0,deco
20-10-2011,572106,20972,12,"1,25 EUR",15058.0,DECO
16/08/2011,563477,22663,2,"2,08",17097.0,sac
05-09-2011,565466,23202,10,"2,08 EUR",12422.0,sac
18-03-2011,546993,21756,2,"5,95",17921.0, divers
15/08/2011,563239,85014A,1,"5,95",15048.0,jardin
12-08-2011,563184,82482,4,"2,55 EUR",17516.0,DECO
13-07-2011,559899,37446,8,"1,45 EUR",12528.0,CUISINE
30/11/2011,579539,23174,4,"4,15",14911.0, cuisine
15/05/2011,553203,85066,2,"12,75",, deco
11-11-2011,575886,22898,2,"1,95",,CUISINE
17-11-2011,577069,23146,4,"3,29",12704.0,jardin
29-11-2011,579401,23498,2,"1,45",14550.0,BIJOU
22/09/2011,567720,82494L,6,"2,95",14911.0,DECO
12-10-2011,570842,23209,10,"1,65",,SAC
20-10-2011,572061,22150,6,"1,95",12474.0, divers
11-05-2011,552839,22841,1,"7,95",14367.0,cuisine
20/10/2011,572065,22093,5,"0,39",12556.0, bijou
22/11/2011,578033,22726,4,"3,75",12656.0,DECO
29-09-2011,568994,22630,12,"1,95",12598.0,JOUET
30-10-2011,573362,22600,24,"0,85",12597.0,DECO
25/05/2011,554555,84988,12,"1,45",12437.0,papeterie
03-12-2010,536943,22748,2,"2,10",17884.0,CUISINE
19-05-2011,553901,22697,12,"2,95",, cuisine
17-11-2011,577050,21136,24,"1,69",14191.0, divers
10/08/2011,562893,23201,10,"2,08",17442.0, sac
05-04-2011,548968,22386,20,"2,08",12744.0,SAC
16-05-2011,553206,23108,12,"5,39",14156.0, jouet
21-11-2011,577733,23251,6,"1,25",15163.0,cuisine
18/08/2011,563709,22596,6,"1,25",15472.0, papeterie
19-08-2011,563848,23050,2,"8,25",14911.0,DIVERS
13-04-2011,549953,23126,4,"4,95",12766.0,DIVERS
11/03/2011,546365,21519,12,"0,42",12520.0,PAPETERIE
24/10/2011,572528,84950,36,"0,65",13176.0,deco
02/09/2011,565398,22667,48,"2,55",15856.0,DECO
26/01/2011,542237,22497,4,"4,25",12347.0, cuisine
15/09/2011,566776,22620,12,"1,45",14911.0,divers
19/10/2011,571745,22952,24,"0,55",14911.0,CUISINE
23/09/2011,568095,23431,12,"0,83",14911.0,DECO
14-10-2011,571215,23298,9,"4,95",13810.0,CUISINE
11-09-2011,566271,22666,6,"2,95",14250.0, cuisine
11/10/2011,570512,23283,10,"7,08",14952.0,DECO
23/06/2011,557878,23082,4,"3,75",16940.0, papeterie
29-11-2011,579401,23082,24,"3,75",14550.0,PAPETERIE
13-11-2011,576051,21156,8,"1,95",14911.0, cuisine
15/03/2011,546660,22913,6,"4,95",14156.0, divers
15-03-2011,546638,22620,12,"1,25",15106.0, divers
13-07-2011,559907,21217,2,"9,95 EUR",12766.0,CUISINE
17/12/2010,539395,22728,12,"3,75",12471.0, deco
23-09-2011,568061,22650,1,"1,45",16910.0,DIVERS
01/06/2011,555162,22432,6,"1,95 EUR",12473.0,JOUET
31/07/2011,561870,21642,24,"0,29",14911.0, divers
19/05/2011,553739,22090,12,"2,95",14895.0,PAPETERIE
06/12/2010,C537402,22847,-4,"14,95",15502.0,divers
14-04-2011,550183,20971,12,"1,25",14105.0,DECO
27-09-2011,568472,85099B,10,"2,08",12517.0,sac
07/07/2011,559342,79321,8,"5,75",14493.0,deco
08-08-2011,562670,21912,4,"3,75",14911.0,DECO
03/12/2010,C536854,22158,-1,"2,95",15240.0,divers
18-10-2011,571671,23435,10,"0,79 EUR",,DECO
19-08-2011,563749,22352,6,"2,55",12360.0, cuisine
07-12-2010,537626,21171,12,"1,45 EUR",12347.0, deco
13/01/2011,541115,22518,6,"2,10",12578.0,jardin
02/12/2010,C536760,22175,-1,"2,95",17547.0,divers
23-06-2011,557878,20726,6,"1,65",16940.0,sac
03/12/2010,C536979,22630,-1,"1,95",17841.0,divers
08-09-2011,565930,22142,12,"1,45",12685.0,divers
08-06-2011,555947,85071B,96,"0,38 EUR",14911.0,deco
20/09/2011,567378,20914,6,"2,95 EUR",14911.0,CUISINE
28/10/2011,573276,22662,20,"1,65",13985.0,SAC
10/08/2011,562882,22326,6,"2,95",12384.0,DECO
22/03/2011,547360,21907,12,"2,10",16135.0,DECO
11-09-2011,566250,22041,48,"2,10",15587.0,DECO
06/04/2011,549115,21506,24,"0,42",13098.0, papeterie
08/06/2011,555947,85078,24,"0,19 EUR",14911.0,cuisine
19-07-2011,560590,23199,10,"2,08",12560.0,SAC
19-07-2011,560445,21914,96,"1,25",14156.0,deco
24-02-2011,544833,15056P,3,"5,95",15974.0,jardin
08/12/2010,537793,21932,3,"2,95",15032.0,sac
25-10-2011,572567,21212,24,"0,55",12398.0,CUISINE
09-09-2011,566200,22508,1,"3,75",16910.0,deco
05-12-2011,580685,21877,12,"1,65",,CUISINE
05/05/2011,552025,82582,12,"2,10",13969.0, deco
31/03/2011,548457,22236,2,"12,75 EUR",13468.0,cuisine
18/08/2011,563613,23240,12,"4,15",12688.0,CUISINE
30/06/2011,558628,22128,12,"1,25",12626.0,DIVERS
25-09-2011,568137,23009,5,"16,95 EUR",12488.0,divers
09-11-2011,575194,22565,12,"0,85",16767.0,bijou
28-09-2011,568654,72800C,6,"2,55",14911.0,deco
26-04-2011,551054,21212,24,"0,55",12429.0,cuisine
29-03-2011,547985,22081,10,"1,65 EUR",16455.0, divers
01/11/2011,573892,22112,6,"4,95",14911.0, cuisine
18/09/2011,567180,23119,2,"0,62",17802.0,DIVERS
03/06/2011,555407,23061,36,"1,25",12775.0,deco
02/11/2011,573927,23404,6,"4,95",13890.0,DIVERS
30/03/2011,548257,22423,16,"10,95 EUR",13802.0,cuisine
14/04/2011,550137,22990,6,"4,95",12477.0,cuisine
28/09/2011,568698,22959,25,"0,42",14911.0, papeterie
13/07/2011,559907,22383,20,"1,65",12766.0,SAC
17/08/2011,563558,22689,10,"6,75 EUR",14156.0,DECO
01/12/2011,579927,22914,3,"4,95",, divers
19-07-2011,560544,21042,3,"5,95",12569.0,cuisine
17/10/2011,571442,82011C,2,"3,75",17049.0, divers
05-05-2011,551950,22030,12,"0,42",14911.0, papeterie
26-05-2011,554770,23133,2,"8,25",14911.0,deco
07-12-2011,581193,23372,1,"1,25",17097.0,papeterie
30-10-2011,573362,22780,4,"4,25 EUR",12597.0,DECO
19/01/2011,541569,20676,16,"1,25",13520.0,CUISINE
24-01-2011,541877,21981,24,"0,29",12559.0, divers
22/03/2011,547390,22645,12,"1,45",12352.0,cuisine
07-12-2011,581003,22725,4,"3,75",14911.0,DECO
03/05/2011,551665,22996,24,"0,42",17442.0,SAC
27-10-2011,573036,23480,8,"3,75",12437.0,DECO
12-05-2011,552905,22427,3,"5,95",15974.0, jardin
23/09/2011,568104,21755,2,"6,25",16485.0, divers
16/08/2011,563500,21164,6,"2,95 EUR",15856.0,DECO
18/11/2011,577180,22504,6,"24,95",12380.0,sac
31-05-2011,555095,21981,24,"0,29",12540.0,divers
19/04/2011,550644,22301,6,"2,55",12733.0,cuisine
11-07-2011,559662,20724,10,"0,85 EUR",16572.0, sac
22-11-2011,578094,84879,8,"1,69",16261.0,jardin
19/10/2011,571745,22666,24,"2,55",14911.0, cuisine
25-03-2011,547822,23078,24,"1,25",12668.0,PAPETERIE
05-09-2011,565475,23192,48,"1,45 EUR",14156.0,DIVERS
04-08-2011,562282,85099B,100,"1,79",13098.0, sac
19-08-2011,563852,22329,12,"1,65",12395.0,DIVERS
23/09/2011,568056,23241,6,"2,08",,CUISINE
29/09/2011,568901,23414,4,"9,95",15050.0, deco
04/03/2011,545657,71053,4,"3,75",14911.0,deco
31-05-2011,555147,22699,6,"2,95",, cuisine
17-11-2011,577121,23101,24,"0,83",12681.0, deco
27/11/2011,578941,21615,4,"1,25",16024.0, deco
13/10/2011,571033,21888,4,"3,75",14251.0,divers
08-09-2011,566040,84755,16,"0,65",12540.0,CUISINE
09-12-2011,581578,23550,25,"0,42",12713.0, papeterie
27/07/2011,561507,22138,3,"4,95",12397.0,CUISINE
24/06/2011,558067,23245,4,"4,95",14156.0,CUISINE
29/11/2011,579393,21670,12,"1,45",12627.0, deco
15-11-2011,576520,22952,6,"0,55",14467.0, cuisine
27-06-2011,558200,22522,2,"0,85",15976.0, jardin
11-10-2011,570680,23508,2,"0,42",13969.0, papeterie
28/09/2011,568654,21068,12,"1,25",14911.0, cuisine
10/04/2011,549560,48138,1,"7,95",15058.0,deco
07-10-2011,570102,23514,6,"2,08 EUR",16455.0,DIVERS
08/06/2011,555940,23202,10,"2,08",14191.0,sac
15-11-2011,576607,23292,8,"1,25",12474.0,cuisine
06-07-2011,559125,23289,8,"1,25",13985.0,cuisine
23/09/2011,568103,84997C,4,"4,15",12518.0, cuisine
15/08/2011,563288,23206,20,"1,65",12656.0,SAC
16/09/2011,566984,23375,10,"0,82",12471.0,sac
18-11-2011,577357,23207,20,"1,65",13098.0,SAC
22-09-2011,567721,20866,60,"1,25",12409.0,jardin
01-04-2011,548664,16219,12,"0,21 EUR",14911.0,PAPETERIE
30-06-2011,558623,22661,20,"0,85",12395.0,SAC
23-09-2011,568048,22832,2,"10,75 EUR",, deco
11/10/2011,570499,22215,2,"8,50",12772.0,CUISINE
05/05/2011,551950,20751,12,"2,10",14911.0,divers
28/02/2011,545105,22659,24,"1,95",12598.0, deco
22-08-2011,563936,72807B,4,"4,25",17828.0,BIJOU
06/10/2011,569844,21558,6,"2,55",12626.0,cuisine
12-05-2011,552884,22968,2,"9,95",12395.0,JARDIN
25/08/2011,564539,21981,24,"0,29",12715.0,divers
07-03-2011,545718,21360,1,"9,95 EUR",, divers
05-12-2011,580723,82581,25,"0,55 EUR",15856.0,DECO
06/12/2010,C537402,47580,-6,"2,55",15502.0,divers
06-11-2011,574672,22964,1,"2,10",13532.0,jouet
30-06-2011,558628,20713,10,"2,08",12626.0,sac
16-11-2011,576653,23236,48,"2,49 EUR",14156.0,cuisine
07/12/2011,581003,85053,6,"2,10",14911.0,DECO
12/09/2011,566308,22625,2,"8,50",15865.0,CUISINE
15/08/2011,563288,22320,3,"5,95 EUR",, jardin
31-05-2011,555025,23298,3,"4,95 EUR",17648.0,CUISINE
12-06-2011,556494,21977,2,"0,55",17802.0, cuisine
23/05/2011,554139,21114,10,"1,25 EUR",14911.0,DECO
01-12-2011,579927,22726,4,"3,75",12572.0, deco
28-08-2011,564737,22189,8,"3,95 EUR",15312.0,PAPETERIE
25-07-2011,561085,20829,8,"2,10",14367.0,bijou
21-07-2011,560875,85123A,18,"2,95",,DECO
08/06/2011,555947,22423,6,"12,75",14911.0,cuisine
09-02-2011,543484,21080,12,"0,85",12721.0, papeterie
27-01-2011,542278,84279P,4,"3,75 EUR",, divers
07-12-2011,581006,22197,48,"0,85",14911.0, deco
03-03-2011,545515,21977,24,"0,55",12727.0,cuisine
02/11/2011,574022,23084,48,"1,79",12594.0,jouet
05/08/2011,562560,23293,8,"0,83",14156.0, cuisine
27/07/2011,561471,22271,12,"2,95 EUR",14911.0, jouet
28-03-2011,547882,20719,10,"0,85",14911.0,sac
11-10-2011,570672,22945,12,"0,85",12536.0,DIVERS
07/06/2011,555853,21756,1,"5,95",14375.0,DIVERS
22/05/2011,554110,82482,6,"2,55 EUR",13468.0,deco
01/12/2010,536562,21232,12,"1,25",13468.0,deco
15/11/2011,576593,22853,2,"3,25",15720.0, cuisine
29-07-2011,561798,22725,4,"3,75",14911.0,DECO
23/02/2011,544778,72802C,2,"4,25",,BIJOU
18/10/2011,571676,85049A,1,"1,25",16910.0,divers
17/12/2010,539379,22423,1,"12,75 EUR",15780.0, cuisine
21-09-2011,567531,23130,8,"4,15",14397.0,deco
03/12/2010,C536850,22591,-50,"2,55",14213.0,divers
20/04/2011,550778,22665,6,"2,95",14868.0, deco
19/05/2011,553843,22090,6,"2,95",12553.0,PAPETERIE
15/08/2011,563288,23292,16,"1,25",12656.0,CUISINE
04/09/2011,565427,22328,1,"2,95",17774.0,DECO
28/10/2011,573289,23459,2,"12,50",, jouet
08/04/2011,549439,22499,9,"5,95",13562.0,cuisine
13/11/2011,575933,22561,72,"1,45",14911.0,bijou
09/12/2010,538095,22579,3,"0,85",17097.0, jardin
16/03/2011,546765,21843,3,"10,95",, cuisine
03/05/2011,551665,22728,4,"3,75",17442.0,DECO
04/05/2011,551820,22554,12,"1,65",12645.0,cuisine
07/09/2011,565851,23174,4,"4,15",14911.0,cuisine
13/10/2011,570983,47591D,8,"1,95",,CUISINE
20/10/2011,572092,23468,1,"8,25",17125.0,jardin
21/09/2011,567666,22629,12,"1,95",12520.0,JOUET
07/01/2011,540458,21539,3,"4,95",,DIVERS
10/10/2011,570448,16225,23,"1,25",13224.0, cuisine
03/02/2011,543114,22487,1,"9,95",14156.0,JARDIN
17-10-2011,571425,21891,12,"1,45",14911.0, jouet
30/09/2011,569120,23506,20,"0,42",12583.0,PAPETERIE
08-04-2011,549316,20724,20,"0,85 EUR",12705.0, sac
20/01/2011,541631,22383,10,"1,65",12637.0,sac
12-05-2011,552869,22969,12,"1,45",15106.0,DECO
23-06-2011,557885,84375,12,"2,10",12465.0,divers
28/01/2011,542428,22757,72,"1,25",17404.0,papeterie
24/07/2011,561077,21931,10,"2,08 EUR",17649.0,sac
31-08-2011,565067,84558A,4,"2,95",15856.0,papeterie
10-01-2011,540550,84817,6,"2,10 EUR",12539.0,CUISINE
22-11-2011,578043,20719,40,"0,85",,sac
18/07/2011,560360,21936,50,"2,55",12744.0,sac
10/01/2011,540550,21879,12,"0,65",12539.0,deco
03/12/2010,536943,22086,2,"2,95 EUR",17884.0,PAPETERIE
08/08/2011,562670,21666,12,"0,65",14911.0,CUISINE
13/10/2011,571033,22531,24,"0,42",14251.0,divers
06/12/2010,C537234,22653,-20,"1,95",16161.0,divers
09-05-2011,552329,22431,6,"1,95",13492.0,bijou
13/04/2011,549988,22083,10,"2,95",14367.0,papeterie
08/09/2011,565930,20866,12,"1,25",12685.0,jardin
05-07-2011,559036,23054,2,"8,25",12637.0,DIVERS
18-01-2011,541491,21915,12,"1,25",12510.0, deco
21/02/2011,544572,22849,1,"16,95",14639.0,divers
15-08-2011,563288,37475,1,"9,95",12656.0,cuisine
20-09-2011,567378,17107D,6,"2,55",14911.0, jardin
26-10-2011,572887,22174,12,"1,65",12362.0,divers
28/08/2011,564734,47590A,4,"5,45",12484.0,cuisine
01-11-2011,573748,22423,3,"12,75",14911.0,CUISINE
06-12-2011,580963,22557,12,"1,65",14868.0,cuisine
07/04/2011,549187,22423,16,"10,95",16144.0,CUISINE
17/11/2011,576923,22489,96,"0,42",12753.0, divers
08-06-2011,555931,37449,2,"9,95 EUR",17828.0,CUISINE
22/02/2011,544657,22832,2,"10,75",14895.0,DECO
19/05/2011,553901,22427,3,"5,95",14911.0,JARDIN
09-06-2011,556198,20971,3,"1,25",14963.0, deco
28/08/2011,564734,22209,3,"0,83",12484.0,divers
28/07/2011,561631,84991,24,"0,55",14911.0, cuisine
03-08-2011,562210,21932,10,"1,65",13486.0,sac
03/06/2011,555413,22560,2,"1,25",17994.0,divers
22/09/2011,567720,20750,4,"7,95",14911.0, divers
24/10/2011,572335,23283,4,"8,25",, deco
15-02-2011,544074,22956,4,"2,10",14156.0, cuisine
30/11/2011,579553,23485,1,"25,00",14156.0, jardin
20/09/2011,567428,84978,12,"1,25",14911.0, cuisine
20-09-2011,567428,22141,6,"2,10 EUR",14911.0,jardin
28-08-2011,564734,47590B,4,"5,45",12484.0, cuisine
19/05/2011,553884,23084,12,"2,08",12600.0,JOUET
03/02/2011,543114,22169,2,"8,50",14156.0,DECO
07-09-2011,565857,48111,2,"8,25",14911.0,deco
14/04/2011,550144,22607,1,"9,95",16520.0,JARDIN
27/01/2011,542303,22111,3,"4,95",12539.0,cuisine
05-05-2011,551988,22478,10,"1,25 EUR",12576.0,jardin
24-10-2011,572483,85049E,2,"1,25",16444.0,divers
13/12/2010,538636,22470,6,"2,95",14639.0, deco
29/09/2011,568833,22469,10,"1,65",17348.0, deco
01-03-2011,545323,84050,12,"1,65",12352.0, cuisine
21-09-2011,567530,22045,25,"0,42",12390.0,papeterie
09/12/2010,538008,22437,20,"0,85",12683.0,jouet
19/08/2011,563776,21642,24,"0,29 EUR",12600.0,DIVERS
01-04-2011,548664,84828,12,"1,25 EUR",14911.0,deco
20/10/2011,572087,21946,12,"0,85",12683.0,deco
12-08-2011,563184,23110,3,"5,75",17516.0,DIVERS
03-11-2011,574093,22693,24,"1,25",, cuisine
11-07-2011,559680,22928,2,"5,95",12717.0,JARDIN
05/05/2011,551950,84832,12,"0,85",14911.0,deco
25-07-2011,561093,21914,12,"1,25 EUR",12540.0,deco
16/02/2011,544115,22332,24,"1,65 EUR",12727.0,SAC
08-09-2011,566041,22629,24,"1,95",13814.0, jouet
23/05/2011,554132,22326,6,"2,95",,DECO
17-03-2011,546875,22971,6,"2,55",12514.0, cuisine
12/10/2011,570841,22745,6,"2,10",12553.0,jouet
21-01-2011,541703,20726,20,"1,65",12594.0, sac
06-06-2011,555728,23181,1,"8,25",17252.0,cuisine
02-12-2011,580281,POST,1,"40,00",, divers
31-05-2011,555147,23103,24,"1,65",13505.0,DECO
27/07/2011,561470,22904,6,"2,95",12523.0,PAPETERIE
09-06-2011,556190,22469,12,"1,65",,DECO
31-10-2011,573588,22195,12,"1,65",12588.0, cuisine
25/03/2011,547724,37449,2,"9,95 EUR",13468.0,cuisine
26-10-2011,572880,22318,1,"2,95",16415.0,deco
01/11/2011,573748,84949,12,"1,65",14911.0,DECO
24-11-2011,578362,23444,1,"15,00",12913.0, divers
04/12/2011,580509,23077,20,"1,25",12719.0, divers
07/07/2011,559342,22585,12,"1,25",14493.0,papeterie
11/07/2011,559607,84997A,4,"4,15",,cuisine
03/12/2010,C536854,22944,-1,"1,25",15240.0,divers
08-03-2011,545937,22996,48,"0,42",12758.0, sac
22/09/2011,567878,47563A,1,"1,25",16910.0,divers
26-05-2011,554788,22178,12,"1,25",12987.0, cuisine
28/11/2011,579102,22797,1,"16,95",14911.0, deco
06/04/2011,549118,22260,12,"0,85",14911.0, cuisine
05/12/2010,C537043,22575,-6,"1,95",15351.0,divers
05-05-2011,552013,23207,10,"1,65",12451.0,sac
05/12/2011,580640,22695,4,"0,59",16910.0,DECO
12/10/2011,570724,23508,20,"0,42",12602.0, papeterie
09/06/2011,556259,POST,4,"18,00",12721.0,divers
12/08/2011,563098,23320,48,"2,49",14911.0,DIVERS
29-09-2011,568829,22909,12,"0,85",17633.0,CUISINE
01-12-2011,580092,23200,10,"2,08 EUR",13969.0, sac
20-10-2011,572065,21977,6,"0,55",12556.0, cuisine
21-04-2011,550899,47590A,3,"5,45",13505.0,CUISINE
25/11/2011,578736,23493,99999,"1,95",,deco
08/12/2011,581377,23439,12,"2,10",14138.0, deco
01-05-2011,551531,21239,12,"0,85",15376.0, cuisine
31/07/2011,561870,22305,6,"2,55",14911.0,cuisine
04-09-2011,565444,84658,2,"6,95",17894.0, deco
20/01/2011,541631,22382,10,"1,65",12637.0,SAC
29/09/2011,568788,23192,1,"1,65",,divers
31/08/2011,564853,22326,6,"2,95 EUR",12423.0, deco
07-12-2011,581180,20719,10,"0,85",12347.0, sac
31/10/2011,573656,23543,2,"8,25",12417.0,DIVERS
20-10-2011,572087,21559,6,"2,55",12683.0,cuisine
23/02/2011,544688,22283,2,"7,95",18151.0,cuisine
29/09/2011,568791,22562,12,"1,25",16650.0,jouet
25/02/2011,544996,22814,12,"0,42",12474.0,papeterie
21/09/2011,567687,22791,99999,"1,25",17888.0,CUISINE
20-06-2011,557427,23206,10,"1,65",12429.0, sac
20-04-2011,550778,20977,16,"1,25",14868.0, papeterie
28/04/2011,551349,22570,4,"3,75",14740.0,JOUET
29/11/2011,579393,23581,10,"2,08",12627.0,SAC
17-10-2011,571328,85183B,12,"1,25",12473.0, papeterie
28-04-2011,551398,21212,24,"0,55",12417.0,cuisine
25/01/2011,542102,22344,24,"0,21",12744.0,DIVERS
20-04-2011,550661,84279B,4,"3,75",12656.0,divers
11-10-2011,570666,23518,6,"2,89",13919.0, divers
14/11/2011,576327,23369,16,"1,25",12476.0,papeterie
12/10/2011,570776,23398,12,"0,85",13985.0,DECO
24/03/2011,547703,21218,12,"3,75",12540.0,cuisine
23/02/2011,544811,22992,12,"1,95",12471.0, divers
11/10/2011,570657,21166,12,"2,08",14911.0,DECO
18/10/2011,571671,23501,10,"1,25",16940.0,BIJOU
03-12-2010,536975,22816,24,"0,42",14911.0,papeterie
08/06/2011,555943,22243,12,"1,65",13520.0,DECO
27-01-2011,542303,22968,2,"9,95",12539.0,jardin
14-12-2010,538826,21355,1,"1,25 EUR",12370.0, divers
01/12/2010,C536548,22767,-2,"9,95",12472.0,divers
11-01-2011,540770,21175,12,"2,10",13468.0,deco
20/09/2011,567378,23251,12,"1,25",14911.0,cuisine
25/07/2011,561194,23197,12,"1,45 EUR",,divers
17/11/2011,577061,22940,4,"4,25",14911.0,DIVERS
10/08/2011,562893,23547,25,"0,42",17442.0,PAPETERIE
21/09/2011,567578,22417,24,"0,55",12701.0,cuisine
03-06-2011,555413,20728,4,"1,65",17994.0,sac
04-01-2011,540040,22264,48,"0,19",,jouet
18-07-2011,560360,23214,48,"2,08",12744.0, deco
09/05/2011,552320,21790,12,"0,85",13985.0, papeterie
10/06/2011,556415,20724,100,"0,72",12409.0,SAC
27-01-2011,542303,22448,6,"3,35",12539.0,DECO
23/10/2011,572307,23210,8,"1,25",16905.0, jouet
19-07-2011,560451,22626,2,"8,50",14911.0, cuisine
22-09-2011,567701,22210,24,"0,83 EUR",17172.0, divers
24/11/2011,578541,22498,3,"5,95 EUR",,CUISINE
05/12/2011,580640,85049A,1,"1,25",,divers
18-11-2011,577316,22109,4,"3,75",12578.0, cuisine
04-12-2011,580536,21881,12,"0,65",12490.0,DIVERS
11-01-2011,540801,85049F,12,"1,25",12540.0,divers
16/06/2011,557007,21891,6,"1,45",, jouet
20-09-2011,567505,23298,3,"4,95",12352.0,CUISINE
24-01-2011,541932,48188,20,"6,75",14439.0, deco
13/04/2011,549953,20977,16,"1,25",12766.0, papeterie
19-08-2011,563848,23155,12,"0,83",14911.0, divers
16-06-2011,557027,POST,2,"40,00 EUR",12816.0,divers
05/12/2010,C537203,21424,-1,"2,95",14606.0,divers
19-10-2011,571913,84347,6,"2,55",18210.0,CUISINE
10/03/2011,546255,82581,12,"0,55",13468.0, deco
09/06/2011,556206,23160,24,"1,25 EUR",14911.0,cuisine
06/05/2011,552176,82482,2,"2,55",17516.0,deco
23/09/2011,568095,90204,4,"3,35",14911.0,bijou
06/06/2011,555728,22077,1,"1,65",17252.0,divers
19/04/2011,550522,15034,24,"0,14",12947.0, papeterie
24-01-2011,541932,21524,10,"6,75",14439.0,DECO
10/01/2011,540550,22111,3,"4,95",12539.0,CUISINE
18/05/2011,553577,22582,12,"2,55",12437.0,deco
12-10-2011,570754,22467,6,"2,55",12633.0, divers
21/11/2011,577613,48194,2,"8,25",14911.0, deco
28/04/2011,551346,22613,12,"0,85",12362.0,cuisine
02/08/2011,562038,22139,6,"4,95 EUR",12633.0,CUISINE
28/11/2011,579094,21154,10,"1,25",12668.0,DIVERS
17/10/2011,571308,22620,12,"1,45 EUR",12475.0,DIVERS
08/07/2011,559441,22955,12,"2,10 EUR",12583.0, cuisine
09-06-2011,556241,23052,2,"8,25",12597.0,DIVERS
12-10-2011,570718,23389,4,"4,15",12518.0, jouet
20-10-2011,572087,23250,12,"1,25",12683.0, cuisine
09-11-2011,575194,23182,24,"0,83 EUR",16767.0,cuisine
20-07-2011,560635,23213,12,"1,25",12521.0,deco
20-05-2011,553935,21166,12,"2,08 EUR",15856.0,deco
19/12/2010,539464,22963,3,"0,85",17913.0,CUISINE
15/08/2011,563355,22094,36,"0,39",14156.0, deco
22-09-2011,567915,21715,8,"2,55",12579.0, cuisine
10-11-2011,575504,21871,24,"1,65 EUR",14895.0, cuisine
14/08/2011,563230,23196,6,"1,45",15376.0,deco
17/12/2010,539338,22757,12,"1,25",17404.0, papeterie
16/02/2011,544097,84836,48,"1,25",12455.0,DECO
09-12-2010,538011,84991,7,"0,55",14896.0, cuisine
02/09/2011,565289,23033,12,"1,45",,DECO
29-05-2011,554977,21166,1,"2,08",16444.0,deco
23/06/2011,557878,21558,2,"2,55",16940.0,CUISINE
17/03/2011,546875,22662,10,"1,65 EUR",12514.0,SAC
07/12/2011,581003,22550,8,"3,75",14911.0, divers
26/01/2011,542221,22120,1,"9,95",14978.0, divers
19/07/2011,560590,22551,12,"1,65 EUR",12560.0,CUISINE
21/01/2011,541793,22222,12,"1,95",,cuisine
07/12/2010,537626,22775,12,"1,25",12347.0,deco
22/11/2011,578079,23470,2,"6,25",13985.0, papeterie
15-11-2011,576593,22141,1,"2,10",15720.0, jardin
19/12/2010,539473,72807B,8,"4,25",14911.0,BIJOU
27/11/2011,578926,22114,3,"4,25",18156.0,cuisine
28-04-2011,551467,22178,12,"1,25",12600.0,cuisine
06/05/2011,552176,84992,1,"0,55",17516.0,CUISINE
20-11-2011,577502,22138,6,"4,95",12598.0,CUISINE
12-12-2010,538397,22244,36,"1,95",12753.0,JARDIN
08/12/2010,537793,20727,3,"1,65",15032.0,sac
02/12/2010,C536814,21258,-1,"12,75",13958.0,divers
07-01-2011,540469,21062,10,"0,85 EUR",12484.0, divers
11/10/2011,570499,21499,25,"0,42",12772.0, papeterie
06-09-2011,565748,23163,8,"2,49",,divers
22/06/2011,557742,23166,12,"1,25",14911.0,CUISINE
30/10/2011,573337,22632,12,"2,10",17018.0,divers
14/03/2011,546509,21531,99999,"2,55",14911.0, cuisine
24-03-2011,547691,21381,24,"1,69",16767.0, deco
18/07/2011,560300,22715,12,"0,42",14911.0,papeterie
07/01/2011,540469,84755,8,"0,65",12484.0,CUISINE
17/02/2011,544203,20728,10,"1,65",12362.0,SAC
22/11/2011,577850,22111,6,"4,95",14911.0,CUISINE
07/01/2011,540458,21429,8,"1,65",12501.0, bijou
04/03/2011,545647,22128,24,"1,25",12547.0,divers
17-08-2011,563557,23112,2,"7,50 EUR",15786.0,DIVERS
23/10/2011,572307,82483,4,"6,95 EUR",16905.0,DIVERS
17-11-2011,576897,22767,2,"9,95 EUR",17828.0,DECO
17/07/2011,560251,22617,2,"4,95",17774.0,CUISINE
20/04/2011,550661,22376,4,"4,25",12656.0,sac
15-11-2011,576607,22271,6,"2,95 EUR",12474.0, jouet
09/11/2011,575194,23382,8,"3,75",16767.0,cuisine
08-03-2011,545996,48194,2,"7,95 EUR",14367.0,deco
11-10-2011,570521,22423,4,"12,75",12371.0,cuisine
21/09/2011,567578,21708,4,"4,95",12701.0,JARDIN
08-09-2011,566041,84378,24,"1,45",13814.0,DECO
17-08-2011,563558,23298,9,"4,95",14156.0,CUISINE
17/06/2011,557136,23159,12,"2,08",14911.0, cuisine
13-03-2011,546428,22967,6,"2,95",12681.0, papeterie
09/12/2010,537897,22255,12,"0,85",12683.0, divers
02/12/2010,C536812,22588,99999,"2,10",16546.0,divers
14-09-2011,566734,22094,1,"0,39",16910.0, deco
23/09/2011,568095,90059A,6,"1,65",14911.0,BIJOU
14/04/2011,550183,22556,12,"1,65",14105.0,CUISINE
13-09-2011,566494,23293,128,"0,83",17404.0,cuisine
12-10-2011,570875,22627,2,"8,50",12667.0, cuisine
14-10-2011,571215,22966,12,"1,25",13810.0, divers
24/08/2011,564360,23197,12,"1,45",12471.0,divers
18/10/2011,571671,23415,3,"1,65 EUR",16940.0,DECO
01-02-2011,542779,84378,12,"1,25",,DECO
05-12-2011,580705,22437,40,"0,85",12683.0,JOUET
08-09-2011,565931,23346,12,"1,25",12683.0,JOUET
08-12-2011,581232,20679,24,"5,95",12358.0,JARDIN
23/02/2011,544688,22858,6,"1,65",18151.0, cuisine
22-11-2011,577856,20712,10,"2,08",12490.0,SAC
28/04/2011,551398,21080,12,"0,85",12417.0, papeterie
30-06-2011,558613,23235,6,"2,89",14911.0, cuisine
14/12/2010,538870,22794,2,"7,95",12829.0, deco
09/09/2011,566163,22385,10,"2,08",, sac
17-03-2011,546861,21544,12,"0,85",14911.0,DIVERS
24/11/2011,578530,22560,24,"1,25",14251.0,divers
17/01/2011,541277,16235,30,"0,21",12673.0,papeterie
30/11/2011,579629,22367,2,"1,95",14963.0, cuisine
02/06/2011,555383,47599B,2,"2,10",12517.0,SAC
10/11/2011,575674,75049L,12,"1,25",13468.0,DECO
06-12-2011,580822,20727,1,"1,65",17884.0, sac
04/04/2011,548808,21447,3,"1,25 EUR",,CUISINE
07-07-2011,559298,22728,4,"3,75",12471.0,DECO
08/12/2010,537674,85123A,6,"2,95",15628.0, deco
30-09-2011,569122,21080,12,"0,85",12694.0, papeterie
03-03-2011,545557,22861,12,"1,65",12500.0,cuisine
19-12-2010,539473,72802B,6,"4,25 EUR",14911.0,BIJOU
24/10/2011,572499,23555,3,"12,50",15786.0, cuisine
08/11/2011,575078,23581,10,"2,08",17633.0,SAC
17-02-2011,544302,20719,10,"0,85",12654.0,SAC
14/09/2011,566625,21394,48,"0,39",, divers
14/12/2010,538826,21031,10,"1,25",12370.0,DIVERS
13/09/2011,566576,22847,4,"14,95",, divers
07-10-2011,570009,23067,24,"4,15",14138.0,deco
10/11/2011,575728,23080,2,"8,25",14911.0,DECO
21-12-2010,539722,20751,24,"2,10",14911.0, divers
25-11-2011,578696,23355,4,"4,95",13985.0, cuisine
24/02/2011,544931,22845,2,"6,35",13501.0,deco
17/01/2011,541269,22509,4,"14,95",12626.0, deco
14/12/2010,538870,84616,1,"29,95",12829.0, divers
27/02/2011,545067,85123A,3,"2,95 EUR",17894.0,DECO
05/08/2011,562560,22749,2,"3,75",14156.0,jouet
05/06/2011,555572,22727,4,"3,75 EUR",12449.0,deco
10/06/2011,556341,21524,2,"7,95",16614.0,deco
05/07/2011,559011,23199,10,"2,08",17049.0, sac
14/04/2011,550183,21497,25,"0,42",, papeterie
11/10/2011,570672,22499,3,"5,95 EUR",12536.0,cuisine
22/07/2011,560997,22551,12,"1,65",12627.0,CUISINE
18/10/2011,571562,22662,20,"1,65",, sac
01/03/2011,545301,22444,24,"1,25",12679.0,jardin
22/09/2011,567846,22866,12,"2,10 EUR",13486.0, deco
16/06/2011,557007,20725,12,"1,65",12484.0, sac
08-06-2011,556058,22379,5,"2,10 EUR",,SAC
29/06/2011,558442,20682,1,"3,25",15537.0, jardin
13-04-2011,549988,21217,2,"9,95",14367.0, cuisine
13/07/2011,559834,22675,12,"1,25",12576.0,cuisine
22-11-2011,578024,20712,10,"2,08",12705.0,sac
12-05-2011,552905,21175,12,"2,55",15974.0,DECO
17/05/2011,553404,22294,24,"1,25",14952.0, deco
24/03/2011,547712,22699,1,"2,95 EUR",16905.0, cuisine
28-08-2011,564719,22030,12,"0,42",15325.0,PAPETERIE
22/05/2011,554106,22384,10,"1,65",12710.0,sac
08/08/2011,562602,84997B,4,"4,15",12865.0, cuisine
04-08-2011,562370,22897,10,"1,45 EUR",12626.0,deco
24-03-2011,547658,22892,4,"1,25",13736.0,divers
28-08-2011,564735,21506,12,"0,42",15856.0,PAPETERIE
24/11/2011,578472,23049,2,"8,25",12476.0, divers
19/01/2011,541518,22716,12,"0,42",12451.0,PAPETERIE
17/03/2011,546875,23194,8,"2,25",12514.0, deco
24-06-2011,558035,22989,6,"3,25",15258.0,CUISINE
04-08-2011,562445,23287,8,"0,85 EUR",12417.0,deco
17-05-2011,553404,22969,24,"1,45",14952.0, deco
05-12-2010,537081,22568,24,"3,39",15332.0,DECO
12/05/2011,552957,21889,288,"1,25",, deco
03-11-2011,574100,22563,2,"1,25",14098.0,divers
25-09-2011,568208,23320,12,"2,89",12783.0,divers
28-09-2011,568645,23200,10,"2,08",12656.0, sac
04/10/2011,569527,90099,1,"2,55 EUR",12512.0,bijou
14/10/2011,571188,22582,6,"2,55",12783.0,deco
14-04-2011,550148,21497,25,"0,42",16882.0,papeterie
08-05-2011,552290,22727,1,"3,75",16007.0, deco
22-07-2011,560997,23245,4,"4,95",12627.0,CUISINE
22/06/2011,557793,22429,1,"4,25",14998.0,BIJOU
17/11/2011,576894,22747,6,"2,10",12681.0, jouet
07/12/2011,581003,51014A,24,"0,39",14911.0,DIVERS
26-10-2011,572896,23160,36,"1,25",12456.0,CUISINE
11/10/2011,570672,21219,10,"1,25",12536.0,jouet
30/06/2011,558628,21878,12,"0,85 EUR",12626.0,divers
11/10/2011,570672,48138,2,"8,25 EUR",12536.0, deco
02/08/2011,562046,84380,12,"1,25",12378.0, divers
24-06-2011,558045,85099B,10,"2,08",12615.0, sac
14/01/2011,541138,22745,6,"2,10",12553.0, jouet
14-01-2011,541220,20914,288,"2,55",14156.0,CUISINE
01-09-2011,565218,23231,25,"0,42",12739.0,PAPETERIE
20-12-2010,539488,22551,12,"1,65",12377.0, cuisine
20/11/2011,577512,22294,24,"1,25 EUR",12523.0,DECO
20-10-2011,572061,23389,4,"4,15",12474.0,jouet
06-10-2011,569844,23510,20,"0,42",12626.0,papeterie
15/08/2011,563353,20998,6,"2,95 EUR",15480.0, jardin
10/11/2011,575493,22274,6,"2,95 EUR",18210.0,JOUET
09-09-2011,566200,21985,12,"0,39",16910.0,deco
22/11/2011,578038,23154,12,"2,08",14251.0,CUISINE
11/08/2011,563024,23044,2,"4,15",14639.0,PAPETERIE
23/10/2011,572307,21819,36,"0,39",16905.0,DECO
04/04/2011,548745,22859,6,"1,65",12471.0, cuisine
12-10-2011,570706,22423,2,"12,75 EUR",14911.0,cuisine
07-12-2010,537463,84692,25,"0,42",12681.0, jardin
07-04-2011,549291,22669,2,"2,95",16261.0,cuisine
29/03/2011,547985,85049G,12,"1,25 EUR",16455.0,deco
05/08/2011,562537,22367,8,"1,95",12517.0, cuisine
18/10/2011,571701,21378,6,"1,65",14639.0, divers
23-09-2011,568103,22220,2,"9,95",12518.0,CUISINE
16/12/2010,539320,20679,6,"5,95",14911.0,jardin
06/11/2011,574682,22197,25,"0,85 EUR",14963.0,deco
01/04/2011,548664,21441,12,"0,85 EUR",14911.0,JARDIN
07/10/2011,570016,23323,6,"2,10",14911.0,DECO
03/10/2011,569332,22652,2,"1,65",12637.0, divers
15/09/2011,566912,21929,10,"2,08",14367.0,sac
19/05/2011,553741,22549,12,"1,45",12520.0, divers
27/04/2011,551278,20726,10,"1,65",12483.0,SAC
10/06/2011,556455,82484,12,"6,75 EUR",15856.0,DIVERS
21/10/2011,572134,21277,1,"21,95",12500.0, deco
11/10/2011,570674,22307,12,"1,06",14911.0,cuisine
13-10-2011,571053,23307,24,"0,55",12631.0,CUISINE
14/09/2011,566625,84879,8,"1,69",, jardin
27/11/2011,578926,85185B,1,"2,95",18156.0, jouet
23/11/2011,578277,21731,3,"1,65 EUR",12723.0,deco
02/08/2011,562046,22846,1,"16,95",12378.0,divers
19/09/2011,567306,21973,16,"1,45",12752.0,papeterie
07/12/2011,581003,23355,4,"4,95",14911.0,CUISINE
05-07-2011,559015,20914,32,"2,55",13098.0,CUISINE
24/06/2011,557972,85099B,10,"2,08",12500.0,SAC
09/12/2010,538170,22110,10,"2,55",13969.0,CUISINE
17-02-2011,544210,22457,6,"2,95",14911.0,papeterie
08/05/2011,552277,21327,1,"1,65",13642.0,CUISINE
05/12/2010,C537132,22788,-2,"8,50",15221.0,divers
19-01-2011,541569,22431,12,"1,95",,bijou
23/06/2011,557957,22925,2,"5,95",13969.0, jardin
21/06/2011,557525,22324,12,"1,95",12759.0, sac
19-10-2011,571923,POST,2,"18,00",12685.0,divers
29/09/2011,568782,22579,24,"0,29",,JARDIN
28/03/2011,547892,22907,12,"0,85",12669.0, cuisine
28/03/2011,547947,20717,10,"1,25",, sac
08-04-2011,549325,22169,2,"8,50",,deco
02/08/2011,562046,23229,6,"3,75",12378.0, jouet
09-06-2011,556241,22990,2,"4,95",12597.0, cuisine
25/09/2011,568145,22910,12,"2,95",12388.0,PAPETERIE
15/11/2011,576593,72351B,1,"2,10",15720.0,DECO
18/10/2011,571562,23559,12,"2,08 EUR",14156.0, divers
07/12/2011,581193,22464,1,"0,79 EUR",17097.0, deco
22/02/2011,544657,85014B,3,"5,95",14895.0,JARDIN
08-12-2011,581218,23582,10,"2,08",14191.0, sac
14/07/2011,560104,82483,2,"6,95",17921.0,divers
12-06-2011,556494,85049E,3,"1,25",17802.0,divers
07-12-2011,581034,23203,10,"2,08",17049.0, sac
19-04-2011,550606,20726,20,"1,65",12594.0,sac
13/11/2011,576019,23389,4,"4,15 EUR",12865.0,jouet
07-12-2011,581098,22090,6,"2,95",14911.0, papeterie
25-08-2011,564483,21080,12,"0,85",14050.0, papeterie
18/01/2011,541434,37475,6,"8,49",14911.0, cuisine
17/01/2011,541405,84375,12,"2,10",12683.0,divers
11-11-2011,575886,22621,6,"1,65",12517.0,cuisine
07-01-2011,540469,21955,1,"7,95 EUR",12484.0,jardin
14/09/2011,566734,22428,1,"6,95",16910.0,divers
29-09-2011,568800,22633,12,"2,10",14868.0, divers
17-11-2011,576910,21706,4,"4,95",12477.0, jardin
14-11-2011,576083,22045,25,"0,42",17404.0,papeterie
11-05-2011,552710,22378,15,"2,10",13098.0, divers
07/11/2011,574844,23108,4,"6,25",12783.0,jouet
19/07/2011,560590,22704,25,"0,42",12560.0,papeterie
12-08-2011,563184,82482,4,"2,55 EUR",17516.0,DECO
13-11-2011,576051,21154,10,"1,25",14911.0, divers
23-03-2011,547493,22699,6,"2,95",12818.0,cuisine
23/08/2011,564181,22961,12,"1,45",13862.0, divers
10/11/2011,575729,23148,12,"0,83",17932.0,JARDIN
17/11/2011,576909,23158,12,"2,08",12471.0,divers
27-11-2011,578941,84991,2,"0,55",16024.0,CUISINE
14-11-2011,576246,23084,4,"2,08",17566.0, jouet
10/10/2011,570255,23020,1,"12,50",17648.0,CUISINE
19/01/2011,541518,22027,24,"0,42",12451.0,PAPETERIE
08-09-2011,566054,22629,12,"1,95",12592.0, jouet
28/11/2011,579152,21217,3,"9,95",12479.0,cuisine
11-11-2011,575767,20669,1,"1,25",17348.0,deco
22/05/2011,554083,22621,4,"1,65 EUR",, cuisine
17/07/2011,560251,22469,2,"1,65",17774.0, deco
17/10/2011,571312,20761,4,"3,75",12474.0, divers
06/10/2011,569737,22909,12,"0,85",16295.0,cuisine
28-01-2011,542425,22854,4,"4,95",12574.0, cuisine
06-12-2010,537368,22210,12,"1,65",14911.0,divers
19/07/2011,560534,22028,12,"0,42",14911.0,PAPETERIE
21/01/2011,541793,21931,10,"1,95",,sac
15/03/2011,546635,84992,2,"0,55",16392.0, cuisine
09/12/2011,581494,22551,12,"1,65",12518.0, cuisine
10/11/2011,575504,23175,4,"3,25 EUR",14895.0,divers
22/08/2011,563982,84946,24,"1,25",14397.0, cuisine
01/03/2011,545314,22376,4,"4,25",12866.0,sac
21/11/2011,577698,21592,1,"1,25",14963.0,deco
06/06/2011,555644,23041,3,"4,15 EUR",16520.0,PAPETERIE
02/12/2010,C536817,71477,-1,"3,25",,divers
27-05-2011,554861,21394,48,"0,39",12633.0, divers
17-07-2011,560252,23146,4,"3,29 EUR",13468.0,JARDIN
25/10/2011,572567,21982,24,"0,39",12398.0,DIVERS
19/01/2011,541569,22029,12,"0,42",13520.0,PAPETERIE
25/07/2011,561093,84879,40,"1,69",12540.0,JARDIN
16/06/2011,556953,23171,24,"1,65",,CUISINE
11/10/2011,570672,22866,12,"2,10",12536.0,DECO
29/03/2011,548160,21640,24,"0,85",16253.0, papeterie
21/07/2011,560916,23166,48,"1,04",14911.0,cuisine
09-06-2011,556206,22699,24,"2,55",14911.0,cuisine
08/03/2011,545937,21165,12,"1,69",12758.0, deco
12-01-2011,540976,22900,6,"2,95",12652.0,CUISINE
16/05/2011,553206,22088,12,"2,95",, papeterie
14/01/2011,541138,22750,4,"3,75 EUR",12553.0,JOUET
30/03/2011,548212,21672,12,"1,25",12456.0,DECO
15/08/2011,563288,22382,20,"1,65",12656.0, sac
01-09-2011,565213,21888,144,"3,75",14911.0, divers
10/12/2010,538174,21787,24,"0,85 EUR",12471.0, divers
17/05/2011,553405,22672,12,"1,65",14952.0,DECO
04/05/2011,551868,21770,12,"4,95",12540.0,PAPETERIE
31-05-2011,555109,22470,1,"2,95",16023.0,deco
01/12/2011,580092,22597,10,"0,85",13969.0, deco
20-11-2011,577429,90057,24,"1,25",14881.0,bijou
21/11/2011,577785,23319,5,"2,49",16369.0,DECO
10/03/2011,546213,23010,36,"14,95",14156.0, divers
25-05-2011,554556,21936,15,"2,95",13098.0, sac
11-11-2011,575886,22621,6,"1,65",12517.0,cuisine
01/03/2011,545312,22819,12,"0,42",15456.0, papeterie
19/07/2011,560545,22055,8,"1,65",12569.0, cuisine
23/10/2011,572307,23491,12,"8,25",16905.0,DECO
07/04/2011,549291,37342,4,"0,79",,cuisine
08/03/2011,545996,22625,1,"8,50",14367.0,cuisine
29/03/2011,548160,21791,24,"1,25",16253.0,papeterie
23/02/2011,544790,21156,4,"1,95",16940.0,cuisine
06/05/2011,552192,21216,4,"4,95",15258.0,CUISINE
08-12-2011,581218,20725,10,"1,65",14191.0,sac
13/10/2011,571030,20719,20,"0,85 EUR",12876.0,SAC
18-09-2011,567180,82494L,6,"2,95",17802.0,deco
14-07-2011,559987,21210,12,"1,45",12619.0, papeterie
08/06/2011,556071,22470,99999,"2,95",15974.0,DECO
21/09/2011,567530,22555,12,"1,65",12390.0,cuisine
14-12-2010,538826,72741,18,"1,45",12370.0,deco
20/12/2010,539551,20726,10,"1,65",12721.0,sac
09/09/2011,566076,22815,12,"0,42",, papeterie
30/09/2011,569028,22818,12,"0,42",14911.0,papeterie
03/10/2011,569336,22086,12,"2,95",15088.0,papeterie
24/07/2011,561027,20725,100,"1,45",13802.0,SAC
31/05/2011,555025,22607,2,"9,95",17648.0,jardin
11/10/2011,570672,23275,12,"1,25",12536.0,DECO
06/04/2011,549118,21891,12,"1,45",14911.0, jouet
09-12-2010,538053,21843,4,"10,95",15856.0,cuisine
22-02-2011,544657,22568,4,"3,75",14895.0,DECO
08-12-2011,581377,21481,4,"3,75",14138.0,cuisine
25-09-2011,568137,22779,8,"4,25",12488.0, deco
29-11-2011,579419,23576,8,"1,95 EUR",12471.0,DECO
02-06-2011,555383,20711,2,"2,08",12517.0, sac
08-11-2011,575078,23318,6,"2,49",17633.0,deco
28/01/2011,542586,21206,12,"1,65",12377.0,DECO
18/11/2011,577308,22113,4,"4,25",15088.0,cuisine
19/12/2010,539473,85036A,4,"4,25",14911.0,jardin
27/06/2011,558200,22211,8,"0,83",15976.0,JARDIN
15/11/2011,576593,22181,5,"0,85",,DECO
24/10/2011,572499,22734,6,"2,89",15786.0,deco
11-10-2011,570672,22659,12,"1,95",12536.0,deco
16-06-2011,557007,22693,24,"1,25",12484.0,cuisine
29/09/2011,568901,21136,24,"1,69",15050.0,DIVERS
09/01/2011,540547,84913B,4,"4,65",14911.0, jardin
04/09/2011,565426,22563,1,"1,25 EUR",12851.0,divers
22-05-2011,554083,22714,12,"0,42",18125.0,papeterie
15/03/2011,546660,21889,12,"1,25",14156.0,DECO
09/06/2011,556125,15034,48,"0,14",12947.0,papeterie
09-12-2010,538053,22941,6,"8,50",15856.0,DECO
14/09/2011,566734,20984,1,"0,29",16910.0,papeterie
12-06-2011,556463,23100,12,"1,25",12583.0, deco
10-03-2011,546212,21668,96,"1,06",14156.0,deco
30-11-2011,579741,90164B,1,"1,95",16910.0,BIJOU
22-09-2011,567928,20713,10,"2,08",12380.0, sac
20/05/2011,553935,35809A,1,"0,83",15856.0,CUISINE
09/12/2010,538145,22098,12,"1,25",15211.0,deco
26/01/2011,542233,22723,24,"3,45",13098.0,CUISINE
14-10-2011,571231,22659,6,"1,95",15856.0,DECO
18-10-2011,571690,22386,10,"2,08",14191.0, sac
12/04/2011,549906,21926,2,"1,25 EUR",14998.0, deco
19-09-2011,567293,22467,6,"2,55",12640.0,divers
25/07/2011,561085,21980,24,"0,29",14367.0,divers
04-03-2011,545579,21936,5,"2,95 EUR",17508.0,sac
05/01/2011,540178,22504,3,"12,75",12681.0, sac
15-03-2011,546580,22262,24,"0,85",14911.0,cuisine
03-05-2011,551652,21213,48,"0,42",12643.0, cuisine
18/05/2011,553686,20679,12,"5,95",14911.0,jardin
20/05/2011,553935,37446,1,"1,45 EUR",15856.0,cuisine
20-06-2011,557499,23240,6,"4,15",16320.0,CUISINE
04/11/2011,574351,22563,1,"1,25",17348.0,divers
16/06/2011,557067,22983,12,"0,42 EUR",13098.0,PAPETERIE
17-03-2011,546910,37482P,2,"0,39",13969.0,CUISINE
31/05/2011,555095,22629,12,"1,95",12540.0,JOUET
19/05/2011,553838,22637,4,"2,55",12620.0,DIVERS
19/10/2011,571745,21770,2,"4,95",14911.0,PAPETERIE
09-03-2011,546027,22254,12,"1,25",12759.0,divers
14/11/2011,576141,22589,6,"2,89",14911.0,PAPETERIE
23/09/2011,568001,22922,24,"0,85",12540.0,DIVERS
03/02/2011,543048,22474,3,"4,95",12600.0,JOUET
19/07/2011,560451,21422,16,"0,85",14911.0, jardin
28/08/2011,564745,22886,2,"1,95",16806.0, deco
20-05-2011,553935,37450,1,"2,95",15856.0, cuisine
08-12-2010,537855,21690,1,"3,75 EUR",15996.0, cuisine
30/03/2011,548212,22423,4,"12,75",12456.0, cuisine
18-08-2011,563709,22297,6,"1,25",15472.0,deco
11/07/2011,559665,23306,1,"1,45",12556.0,CUISINE
07/10/2011,569998,22374,4,"4,25",,SAC
10-11-2011,575728,23397,2,"9,95",14911.0,DIVERS
23/12/2010,539984,22961,12,"1,45 EUR",14911.0, divers
21/10/2011,572218,23115,3,"4,95",16311.0,divers
15-06-2011,556928,23028,144,"1,45",14156.0, deco
13/10/2011,570964,21210,12,"1,45",12766.0,papeterie
14/09/2011,566625,23427,1,"12,50",14911.0, divers
14/10/2011,571188,22394,6,"2,55",12783.0,PAPETERIE
02/12/2010,536698,22745,12,"2,10 EUR",15363.0,JOUET
30/11/2011,579553,17012D,24,"0,85 EUR",14156.0,jardin
04/05/2011,551869,22025,36,"0,42",16767.0, papeterie
20/10/2011,571937,22427,3,"5,95",14911.0, jardin
17/11/2011,576910,21217,3,"9,95 EUR",12477.0, cuisine
04-03-2011,545657,22197,12,"0,85",, deco
25/07/2011,561093,22399,12,"1,25",,divers
11/08/2011,563037,21981,24,"0,29",12362.0,DIVERS
08-12-2011,581214,22086,40,"2,55",14251.0,papeterie
06-10-2011,569893,21679,24,"0,85",12627.0,PAPETERIE
15-02-2011,544074,84380,2,"1,25",14156.0, divers
14/10/2011,571227,20750,10,"7,95",,DIVERS
28-08-2011,564745,22099,1,"0,39",16806.0,DECO
11/10/2011,570672,22636,2,"8,50",12536.0,DIVERS
21-04-2011,550822,22087,12,"2,95",, papeterie
07/02/2011,543349,21535,1,"2,55",17774.0, divers
03/10/2011,569332,23353,1,"0,83",12637.0,papeterie
02/12/2010,C536758,21314,-1,"2,10",13767.0,divers
06/11/2011,574591,23415,24,"1,65 EUR",,DECO
13/06/2011,556579,22986,25,"0,42 EUR",15069.0,papeterie
23-05-2011,554139,84584,6,"2,55",14911.0,divers
09-06-2011,556198,21428,2,"4,25",14963.0,jardin
15/08/2011,563288,23291,16,"1,25",12656.0,cuisine
20/04/2011,550778,22728,4,"3,75",14868.0,DECO
04-02-2011,543179,22558,1,"1,49",12754.0,divers
04-11-2011,574329,22659,12,"1,95",12362.0, deco
20-10-2011,571937,46000M,12,"1,55",,DIVERS
18-01-2011,541491,79321,4,"4,95",12510.0,DECO
19-08-2011,563852,84816,1,"39,95",12395.0,jardin
01/12/2011,580092,22728,5,"3,75 EUR",13969.0,deco
31/08/2011,564853,20981,12,"0,85 EUR",12423.0, papeterie
14/09/2011,566734,22991,1,"1,95",16910.0,DIVERS
27/05/2011,554938,21976,48,"0,55",12876.0, cuisine
26/05/2011,554770,22749,4,"3,75 EUR",14911.0,jouet
14/04/2011,550185,23051,2,"8,25",17142.0,DIVERS
03-05-2011,551657,23201,10,"1,95",14911.0, sac
25/10/2011,572559,23356,6,"5,95",12476.0,cuisine
01/12/2010,C536548,21218,-3,"3,75",,divers
07-11-2011,574874,23314,2,"12,50",14911.0,deco
08-06-2011,555947,17091J,36,"0,38",14911.0,cuisine
09/03/2011,546027,85093,12,"1,25",12759.0,CUISINE
04-10-2011,569527,23240,1,"4,15 EUR",12512.0,CUISINE
15-11-2011,576593,22944,30,"0,39",15720.0,papeterie
09/09/2011,566213,22572,12,"0,85 EUR",14895.0,jouet
28/11/2011,579134,16161U,25,"0,42",,PAPETERIE
25/10/2011,572567,22544,24,"0,42",12398.0,JOUET
10/10/2011,570268,23012,12,"3,45",13098.0,CUISINE
21-09-2011,567530,22540,24,"0,42",12390.0, jouet
24/10/2011,572399,23284,4,"8,25",15628.0,deco
09/12/2010,538009,22804,18,"2,95",14911.0,DECO
01/11/2011,573892,22727,4,"3,75",14911.0,DECO
10-10-2011,570448,21181,12,"2,10",13224.0, deco
30-10-2011,573362,22579,24,"0,29",12597.0,jardin
19-09-2011,567306,22587,48,"0,85",12752.0,BIJOU
22-02-2011,544656,22150,6,"1,95",17442.0,divers
25-09-2011,568137,22747,6,"2,10",12488.0,JOUET
05-12-2011,580640,21899,1,"0,65",16910.0,deco
08/12/2011,581424,84978,12,"1,25",13890.0,CUISINE
28-09-2011,568645,22662,20,"1,65",12656.0,sac
19-10-2011,571724,22915,12,"0,42",12572.0, cuisine
13/10/2011,571030,23201,10,"2,08",12876.0,sac
18/10/2011,571665,21679,12,"0,85",,PAPETERIE
28-08-2011,564745,22171,1,"8,50 EUR",16806.0, deco
02/12/2010,C536734,22780,-4,"4,25",16042.0,divers
14/01/2011,541138,22355,20,"0,85 EUR",12553.0,sac
11/07/2011,559665,22342,2,"0,75",,DECO
10-05-2011,552547,23171,12,"1,65",13098.0, cuisine
19-07-2011,560451,23154,12,"2,08",14911.0,cuisine
14/04/2011,550183,22973,6,"1,65 EUR",14105.0, cuisine
25/08/2011,564483,22898,8,"1,95",, cuisine
04/07/2011,558881,21558,6,"2,55",, cuisine
17-06-2011,557136,21984,24,"0,29",14911.0,divers
11/05/2011,552844,22326,18,"2,95",, deco
11/10/2011,570511,20956,12,"1,25",14397.0,deco
20/11/2011,577551,23390,4,"4,15",12395.0, jouet
21-10-2011,572127,21744,18,"2,95 EUR",14911.0,DECO
31/05/2011,555147,84563B,4,"2,95",13505.0,DIVERS
14/07/2011,559928,21981,48,"0,29",12405.0,DIVERS
02-10-2011,569220,23403,2,"3,75",16007.0,DECO
07/12/2011,581098,35970,24,"1,69",14911.0, divers
15/11/2011,576371,22186,12,"1,95",, papeterie
14/12/2010,538707,82482,3,"2,55",17894.0,DECO
05/09/2011,565665,82583,12,"2,10",,DECO
08/03/2011,545937,22472,3,"4,95",12758.0, jouet
02-12-2011,580306,22666,6,"2,95",14250.0, cuisine
18/10/2011,571676,21934,1,"1,65",16910.0, sac
01/12/2011,580137,23527,1,"3,75",17566.0,JOUET
23-09-2011,568095,16014,20,"0,42",14911.0, divers
08-09-2011,565930,POST,5,"18,00 EUR",12685.0,divers
22-11-2011,578082,35970,12,"1,69",12775.0,DIVERS
15/08/2011,563345,23309,48,"0,55",12619.0,CUISINE
10/08/2011,562882,POST,2,"40,00 EUR",12384.0, divers
11/11/2011,575886,22112,1,"4,95",12517.0,CUISINE
11-10-2011,570666,23515,6,"2,08",13919.0, jardin
09-06-2011,556247,85066,1,"12,75",,deco
13/09/2011,566576,79321,48,"4,95",13098.0,deco
24/11/2011,578331,22698,6,"2,95",14911.0, cuisine
10/05/2011,552575,84946,12,"1,25",14397.0,CUISINE
23/06/2011,557957,82551,2,"1,45 EUR",13969.0, deco
05/07/2011,559011,23245,4,"4,95",17049.0,CUISINE
18/02/2011,544399,22582,6,"2,55",12594.0,deco
01-12-2011,580120,22385,10,"2,08",12553.0,sac
18/08/2011,563709,23265,3,"1,25",15472.0, jardin
09/01/2011,540546,21232,12,"1,25 EUR",12766.0,deco
22/02/2011,544656,22616,24,"0,29 EUR",17442.0,DIVERS
08/11/2011,575169,21175,12,"2,55",14367.0,DECO
24-10-2011,572472,21980,24,"0,39",14139.0,divers
12-06-2011,556474,22851,2,"0,85",16007.0,CUISINE
30/09/2011,569010,23245,48,"4,15",,CUISINE
08/07/2011,559372,48187,6,"7,95",12461.0,DECO
07/12/2011,581003,23358,18,"1,25",14911.0,CUISINE
04/09/2011,565426,21034,1,"0,95",12851.0, sac
21/08/2011,563926,POST,2,"18,00",12553.0,DIVERS
20-10-2011,572061,21915,12,"1,25",12474.0, deco
11/05/2011,552826,21162,24,"1,45",14277.0, divers
31-01-2011,542713,22064,24,"1,65",12668.0,divers
15/11/2011,576593,21864,1,"2,10 EUR",15720.0,DIVERS
08/08/2011,562602,23032,12,"1,65",12865.0,DECO
10/05/2011,552649,22382,20,"1,65",12592.0,SAC
21/10/2011,572134,23427,60,"10,40",,divers
09-09-2011,566163,23291,8,"1,25",12637.0,CUISINE
12-10-2011,570703,21428,4,"4,25",14911.0, jardin
29/09/2011,569001,20674,8,"1,25",12703.0,cuisine
25-07-2011,561085,85099F,10,"2,08",14367.0,sac
27-10-2011,573143,23167,96,"0,69",13098.0,cuisine
04-11-2011,574550,47590B,2,"5,45",12484.0, cuisine
19-08-2011,563848,23148,12,"0,83",14911.0,jardin
06/04/2011,549118,23126,4,"4,95 EUR",14911.0, divers
25/03/2011,547815,84997B,8,"4,15",13520.0,CUISINE
07-01-2011,540469,22113,2,"3,75",12484.0, cuisine
11-08-2011,563071,20728,10,"1,65",17633.0,sac
08-06-2011,556102,23206,10,"1,65",13115.0, sac
02/10/2011,569220,23196,2,"1,45",16007.0,DECO
08/08/2011,562602,22028,12,"0,42 EUR",12865.0,PAPETERIE
18/08/2011,563688,21983,24,"0,29 EUR",16767.0,DIVERS
26-09-2011,568310,22720,3,"4,95 EUR",14911.0,CUISINE
02/12/2011,580289,22596,16,"0,39",15856.0,PAPETERIE
22-03-2011,547327,22748,6,"2,10",12681.0, cuisine
17-12-2010,539351,85099B,10,"1,95",12551.0,SAC
29-11-2011,579269,72741,72,"1,25",14601.0,deco
30/10/2011,573392,82494L,6,"2,95",15376.0,deco
13-07-2011,559889,23285,96,"0,72",12678.0,deco
12/10/2011,570840,21523,2,"8,25",13468.0,deco
20/11/2011,577429,22549,12,"1,45",14881.0, divers
26/10/2011,572896,85054,6,"2,95",12456.0,divers
11-01-2011,540801,21498,25,"0,42",12540.0,papeterie
20/10/2011,571937,35471D,24,"0,39",14911.0,JARDIN
17/03/2011,546861,20996,24,"0,42",14911.0,DECO
14/03/2011,546541,22767,2,"9,95",14911.0,deco
27/01/2011,542393,22722,2,"3,95",,cuisine
14/11/2011,576269,22419,12,"0,42",,PAPETERIE
25/11/2011,578736,23084,120,"1,79",12681.0,jouet
02/08/2011,562046,23288,16,"0,85",12378.0,DECO
18/08/2011,563709,22151,3,"0,42",15472.0,cuisine
20/11/2011,577502,21731,12,"1,65 EUR",12598.0,deco
05/12/2011,580685,22633,12,"2,10",17676.0,divers
21/07/2011,560781,23300,48,"1,45",13969.0, cuisine
02/12/2011,580140,23110,2,"5,75",14895.0,divers
08-07-2011,559418,84212,24,"0,65",12681.0,jardin
14/07/2011,560041,22192,2,"8,50 EUR",14156.0,deco
28/07/2011,561528,22028,12,"0,42",13098.0,PAPETERIE
03/05/2011,551539,21559,6,"2,55",12598.0,cuisine
24/08/2011,564317,22569,4,"3,75",13890.0,DECO
19/07/2011,560534,21523,2,"7,95",14911.0,deco
17/10/2011,571308,22556,12,"1,65 EUR",12475.0,cuisine
14-08-2011,563230,22367,2,"1,95 EUR",15376.0,cuisine
24/06/2011,558045,22621,12,"1,65 EUR",12615.0, cuisine
17-05-2011,553415,22326,6,"2,95",12463.0,DECO
06-06-2011,555650,22849,2,"16,95",14156.0,divers
22-05-2011,554104,22355,10,"0,85",12705.0,sac
14/11/2011,576245,POST,3,"18,00",12553.0, divers
20-03-2011,547079,21955,2,"7,95",15408.0,JARDIN
28/09/2011,568651,21936,5,"2,95",12362.0,SAC
19/09/2011,567206,20685,2,"8,25",13562.0,DECO
28/01/2011,542586,21094,12,"0,85 EUR",12377.0,PAPETERIE
25/11/2011,578794,22867,4,"2,10",17232.0, jardin
25/08/2011,564531,21429,8,"1,95",,bijou
23-09-2011,568095,84616,2,"29,95",,DIVERS
18-07-2011,560300,21906,2,"6,75",14911.0,cuisine
11/02/2011,543774,79190A,15,"0,42",15856.0,divers
04-12-2011,580527,84997D,1,"4,15",13736.0, cuisine
11-02-2011,543774,82583,72,"1,85",15856.0,deco
18/01/2011,541491,22904,6,"2,95",12510.0,papeterie
23/06/2011,557878,23285,8,"0,85",16940.0,deco
15/08/2011,563241,23208,30,"1,65",12758.0,SAC
01/06/2011,555161,POST,1,"15,00",,divers
28-09-2011,568670,21955,2,"8,25",,jardin
29/09/2011,568953,21242,16,"1,69",12728.0,CUISINE
26/04/2011,551054,22544,24,"0,42 EUR",12429.0,jouet
07-10-2011,570095,16156S,25,"0,42",12528.0, papeterie
20-12-2010,539551,22333,8,"1,65",12721.0,SAC
09/09/2011,566076,22374,4,"4,25",12449.0, sac
18/05/2011,553686,22693,48,"1,25",14911.0,cuisine
21/11/2011,577776,22220,1,"9,95",12504.0,CUISINE
05/05/2011,552028,20725,10,"1,65",13969.0, sac
28-08-2011,564734,22283,1,"7,95",12484.0, cuisine
01/05/2011,551531,21868,12,"1,25",, cuisine
10-12-2010,538174,21577,18,"2,25",12471.0,SAC
11-09-2011,566250,22041,48,"2,10",15587.0,DECO
08/07/2011,559362,22326,12,"2,95",12635.0,deco
11/08/2011,563024,23169,3,"4,15",14639.0,cuisine
20-10-2011,572069,23274,12,"1,65",14911.0, deco
31-08-2011,565067,21640,12,"0,85",,PAPETERIE
17-08-2011,563557,22744,6,"2,95",,PAPETERIE
08-12-2011,581218,22061,8,"2,95",14191.0,CUISINE
15/08/2011,563239,84596B,5,"0,42",15048.0, cuisine
11-03-2011,546365,21156,8,"1,95",12520.0,CUISINE
18/08/2011,563613,22609,36,"0,19",12688.0,divers
11/10/2011,570672,23546,25,"0,42",, papeterie
18-11-2011,577308,21172,12,"1,45",15088.0,deco
07/07/2011,559300,23308,24,"0,55",12471.0, cuisine
03-12-2010,536860,22158,13,"2,95",16905.0, deco
12/05/2011,552978,22195,24,"1,65",, cuisine
04/03/2011,545657,22975,12,"1,25",14911.0, cuisine
05-04-2011,548968,84997B,12,"4,15",12744.0,cuisine
13-10-2011,570983,22940,4,"4,25",14963.0,divers
09/06/2011,556259,22556,12,"1,65",12721.0,CUISINE
23/02/2011,544790,22723,1,"3,95",16940.0, cuisine
17-11-2011,577067,23084,24,"1,79",12704.0, jouet
01/12/2010,536540,85071C,6,"2,55",14911.0, deco
09/12/2010,538040,22386,3,"1,95",16520.0,sac
25/09/2011,568156,22086,6,"2,95",14367.0,papeterie
16-02-2011,544097,20702,6,"4,25 EUR",12455.0,DIVERS
16/10/2011,571296,23319,1,"2,49",13760.0, deco
06/10/2011,569901,84659A,3,"2,55",12923.0,DECO
08/04/2011,549316,21424,6,"2,95",12705.0,DECO
13-04-2011,549953,23128,4,"4,95 EUR",12766.0,jouet
12/06/2011,556474,84992,2,"0,55",16007.0, cuisine
30-11-2011,579527,23080,4,"8,25",18210.0,DECO
18/08/2011,563737,22818,12,"0,42",16261.0,PAPETERIE
25-10-2011,572567,20983,12,"0,85",12398.0,PAPETERIE
07/01/2011,540469,20754,2,"2,10 EUR",12484.0,DIVERS
02/12/2011,580357,22510,4,"0,79",15856.0, divers
23/06/2011,557878,21174,3,"2,08",16940.0, bijou
15-12-2010,539007,22080,1,"1,65",17894.0,DIVERS
11/10/2011,570555,21181,12,"2,10",17119.0,deco
28/08/2011,564745,22963,6,"0,85",16806.0, cuisine
28/04/2011,551398,84509B,4,"3,75 EUR",12417.0,CUISINE
03-12-2010,536943,22733,2,"1,25",17884.0, papeterie
07-09-2011,565802,22138,3,"4,95 EUR",17573.0, cuisine
31/05/2011,555095,21715,8,"2,55",12540.0, cuisine
23-09-2011,568095,90166,3,"4,25",14911.0,BIJOU
02-10-2011,569220,23188,1,"1,65",16007.0,deco
19/01/2011,541518,22411,10,"1,95",12451.0,SAC
19/05/2011,553829,22773,12,"1,25 EUR",, deco
03/12/2010,536975,22086,6,"2,95",14911.0,PAPETERIE
27/05/2011,554861,23204,10,"0,85",12633.0,sac
27/07/2011,561507,22489,24,"0,42",12397.0,DIVERS
14/11/2011,576345,84992,24,"0,55 EUR",12374.0,CUISINE
19/08/2011,563852,POST,2,"15,00",12395.0,divers
25-10-2011,572742,22187,12,"1,95",14341.0,PAPETERIE
07-01-2011,540469,48129,1,"7,95",12484.0,deco
15-11-2011,576593,23103,1,"1,65",15720.0,deco
20/09/2011,567428,23035,6,"1,45",14911.0, deco
28/10/2011,573173,23320,12,"2,89",12362.0, divers
27/06/2011,558113,23152,4,"3,75",14911.0,deco
01-04-2011,548664,84968A,2,"12,75",14911.0,cuisine
04/08/2011,562418,23243,4,"4,95",,CUISINE
07-01-2011,540420,22795,2,"6,75 EUR",,deco
26-01-2011,542221,22720,2,"4,95",14978.0, cuisine
01/07/2011,558647,21935,10,"1,65",14868.0, sac
17-11-2011,577039,22619,4,"3,75",12539.0, jouet
14-11-2011,576269,22139,24,"4,25",12762.0,cuisine
21/11/2011,577785,23295,8,"0,83",16369.0,cuisine
10/01/2011,540642,22385,10,"1,95 EUR",12681.0,SAC
08-08-2011,562605,21829,72,"0,21",,bijou
09-03-2011,546027,22661,10,"0,85",12759.0, sac
03/12/2010,C536850,22689,-50,"6,75",14213.0,divers
29/11/2011,579345,22553,99999,"1,65",, cuisine
23/09/2011,568061,21430,1,"3,75",16910.0,jardin
08/12/2011,581410,23209,20,"1,65",13098.0,sac
29/09/2011,568800,22940,4,"4,25",14868.0, divers
06-10-2011,569917,22698,24,"2,55",17453.0,CUISINE
13/10/2011,570964,21210,12,"1,45",12766.0,papeterie
02/12/2010,C536642,21463,-1,"5,95",14390.0,divers
20/09/2011,567428,22943,6,"4,95",14911.0,DECO
08/11/2011,575169,23343,10,"2,08",14367.0,SAC
25/08/2011,564378,90018C,2,"4,25",12417.0,BIJOU
27-11-2011,578926,22909,1,"0,85",18156.0, cuisine
07/07/2011,559173,21877,12,"1,25 EUR",,cuisine
28/01/2011,542425,22721,3,"4,95",12574.0,CUISINE
23/09/2011,568104,22575,8,"1,95",16485.0,deco
18/01/2011,541427,48187,10,"6,75",17018.0,DECO
05-05-2011,552013,20724,30,"0,85",12451.0,sac
13/01/2011,541018,85066,2,"12,75",14978.0, deco
12/10/2011,570703,22169,2,"8,50",14911.0,deco
24/08/2011,564316,85099B,10,"2,08",13985.0,sac
22/03/2011,547387,21906,2,"6,75",12539.0,CUISINE
16-06-2011,556953,21470,6,"3,75",14911.0,jardin
01/12/2011,579901,POST,3,"18,00",12569.0, divers
22/03/2011,547387,22961,12,"1,45",12539.0, divers
24/10/2011,572321,23119,12,"0,62",15592.0,divers
28/11/2011,579153,22654,3,"5,95",12660.0,DIVERS
17-11-2011,577050,22572,12,"0,85",14191.0,JOUET
19-09-2011,567340,84828,12,"1,25",12540.0, deco
25/07/2011,561093,22746,6,"2,10",,JOUET
02/08/2011,562107,21642,96,"0,29",13805.0,DIVERS
16/06/2011,557067,22046,25,"0,42",13098.0, papeterie
15-08-2011,563239,22099,1,"0,39",15048.0,DECO
11-10-2011,570657,22629,12,"1,95",14911.0, jouet
14-02-2011,543828,22257,24,"1,25",14156.0,JOUET
31-08-2011,564856,22896,12,"2,55",12477.0,SAC
03/05/2011,551724,21164,1,"2,95",15976.0, deco
23-09-2011,568103,22328,12,"2,95",12518.0,deco
10/08/2011,562893,23201,10,"2,08",17442.0, sac
08/08/2011,562670,22792,12,"0,85",,DECO
31/10/2011,573545,22617,3,"4,95",16969.0,CUISINE
17-04-2011,550310,22700,6,"2,95",15985.0,cuisine
07-07-2011,559298,22556,12,"1,65",12471.0,cuisine
03/05/2011,551656,21936,5,"2,95 EUR",14911.0,SAC
14-07-2011,560033,23294,24,"0,83 EUR",12388.0,CUISINE
01-12-2011,579927,22726,4,"3,75",12572.0, deco
31/05/2011,555109,22697,3,"2,95",16023.0,cuisine
04/10/2011,569406,22603,24,"0,85",16253.0,jardin
01-08-2011,561905,21716,8,"2,55",14947.0,CUISINE
01/12/2011,579910,21212,24,"0,55",14911.0,CUISINE
24/11/2011,578362,35953,48,"0,39",12913.0, deco
11/07/2011,559684,47566,8,"4,95",,cuisine
11/10/2011,570640,22551,12,"1,65",12474.0,cuisine
19/04/2011,550618,23204,10,"0,85",14156.0, sac
04/05/2011,551868,22620,12,"1,45",12540.0,DIVERS
01/11/2011,573901,20724,10,"0,85",14191.0,SAC
05/09/2011,565587,POST,6,"18,00 EUR",12727.0,DIVERS
10/06/2011,556318,23206,10,"1,65",16767.0, sac
16-11-2011,576653,23236,48,"2,49 EUR",14156.0,cuisine
06-09-2011,565777,POST,1,"18,00",12569.0, divers
30-10-2011,573392,22131,6,"1,95",15376.0,deco
02-10-2011,569220,22472,1,"4,95",16007.0,JOUET
08/06/2011,555947,85159B,12,"1,95",14911.0,CUISINE
18/10/2011,571697,22720,3,"4,95",12759.0,cuisine
17/07/2011,560251,22326,3,"2,95",17774.0, deco
08/03/2011,545996,47590B,2,"5,45",14367.0,cuisine
19-09-2011,567293,23174,4,"4,15",,cuisine
20/12/2010,539647,21872,1,"1,25",15460.0, cuisine
05-04-2011,548968,22557,24,"1,65",12744.0,CUISINE
03/05/2011,551616,20992,1,"0,85 EUR",15048.0, sac
19-01-2011,541518,22326,96,"2,55",12451.0, deco
10-06-2011,556434,82494L,6,"2,95",14895.0,deco
17/12/2010,539447,22740,48,"0,85",12395.0,divers
06/10/2011,569844,22940,4,"4,25",12626.0, divers
17-08-2011,563518,21519,24,"0,42 EUR",12421.0, papeterie
14-11-2011,576246,22197,10,"0,85",17566.0,deco
08/12/2010,537831,82494L,3,"2,95",17894.0,deco
22-03-2011,547387,22400,12,"1,25",12539.0,divers
06/12/2011,580986,22037,12,"0,42",12650.0,PAPETERIE
07/01/2011,540455,22367,8,"1,95",12583.0,cuisine
01-11-2011,573748,22507,8,"4,95",14911.0,DECO
05/05/2011,552025,23149,3,"2,49 EUR",13969.0,cuisine
07-10-2011,570016,22840,2,"7,95",14911.0,CUISINE
22-03-2011,547387,23010,6,"14,95",12539.0,DIVERS
28-07-2011,561601,23336,6,"2,08",18151.0, cuisine
25/07/2011,561194,84378,12,"1,25",13814.0, deco
01-02-2011,542779,84380,12,"1,25 EUR",17147.0, divers
20/09/2011,567378,22327,6,"2,95 EUR",14911.0, deco
22-09-2011,567928,22328,6,"2,95",12380.0, deco
26/01/2011,542213,22801,10,"3,75",13837.0, cuisine
08/06/2011,556102,22273,6,"2,95",13115.0,JOUET
12/10/2011,570719,22623,4,"5,95",17913.0, jouet
08-11-2011,575067,20724,20,"0,85",12583.0,sac
10/05/2011,552559,22193,2,"8,50",15865.0, deco
16-08-2011,563500,21770,12,"4,95 EUR",15856.0,papeterie
20/09/2011,567428,22795,4,"6,75",14911.0,deco
16-12-2010,539112,22795,4,"6,75",13468.0,DECO
22-11-2011,578084,22326,6,"2,95",12465.0, deco
16-11-2011,576863,23157,12,"2,08",12626.0, divers
14/11/2011,576141,21403,24,"0,12",14911.0,cuisine
01/07/2011,558687,POST,1,"18,00",12598.0,DIVERS
20/12/2010,539607,21213,24,"0,55",12681.0,CUISINE
24/08/2011,564356,79149B,1,"0,42 EUR",13969.0, deco
15-04-2011,550277,84375,12,"2,10",12639.0, divers
21-06-2011,557525,84378,12,"1,25 EUR",12759.0,DECO
08/12/2010,537818,22378,5,"2,10",12766.0,divers
07-12-2011,581182,22692,2,"8,25 EUR",12783.0,deco
01/12/2010,C536391,21484,-12,"3,45",17548.0,divers
20/04/2011,550661,22384,20,"1,65",,SAC
03/12/2010,537031,22772,12,"1,25",16455.0, deco
07/01/2011,540410,20681,6,"3,25",12530.0,jardin
31-07-2011,561870,23243,4,"4,95",14911.0,cuisine
07/11/2011,574745,C2,1,"50,00 EUR",14911.0, divers
14-07-2011,560036,23209,10,"1,65",14911.0,SAC
08/06/2011,555931,21447,12,"1,25",,cuisine
08-06-2011,556042,23133,2,"8,25",14367.0,deco
02/12/2011,580360,20979,16,"1,25",14493.0,PAPETERIE
17/11/2011,576897,37449,2,"9,95",, cuisine
08-03-2011,545937,22996,48,"0,42",12758.0, sac
25/11/2011,578811,21426,12,"2,10",12438.0, deco
17/11/2011,577029,21917,8,"0,42",15563.0, papeterie
22/02/2011,544657,22907,12,"0,85",14895.0,CUISINE
24-11-2011,578459,22340,24,"0,39 EUR",12388.0,DECO
16/12/2010,539318,22951,72,"0,55",12348.0,cuisine
02-08-2011,562046,48138,2,"7,95",12378.0,deco
18/11/2011,577357,23084,72,"1,79",13098.0,JOUET
20/09/2011,567505,37495,4,"3,75",12352.0,cuisine
20/10/2011,572065,35649,1,"3,35",,sac
11-10-2011,570513,23020,8,"11,15",14952.0,CUISINE
23/08/2011,564181,21936,5,"2,95",13862.0,SAC
17/01/2011,541271,22960,12,"3,75",12388.0, cuisine
02/08/2011,562032,47559B,10,"1,25 EUR",12347.0, cuisine
03-05-2011,551656,21937,5,"2,95 EUR",14911.0,sac
14/08/2011,563227,23077,40,"1,25",14301.0,divers
22/05/2011,554083,22274,1,"2,95",18125.0,jouet
10-03-2011,546236,21056,6,"8,95",12370.0,SAC
01-07-2011,558699,23079,2,"8,95",12494.0, deco
04/07/2011,558881,20725,10,"1,65",, sac
27/01/2011,542393,85038,2,"2,10",18125.0, deco
10/10/2011,570388,22771,12,"1,25",14911.0, deco
08/12/2010,537818,22378,5,"2,10",12766.0,divers
11-08-2011,563036,20727,10,"1,65 EUR",14868.0, sac
07/02/2011,543349,22970,6,"2,55",17774.0,CUISINE
01/12/2010,C536548,22245,-2,"0,85",12472.0,divers
05-12-2011,580559,21181,12,"2,10",15628.0, deco
12/10/2011,570842,23208,20,"1,65",17676.0, sac
23/09/2011,568103,22331,8,"1,65",12518.0, sac
23-02-2011,544790,85202,1,"0,42",16940.0,deco
05/12/2010,C537132,22184,-1,"8,50",,divers
10-01-2011,540550,22690,2,"7,95",12539.0,DECO
15-11-2011,576593,22141,1,"2,10",15720.0, jardin
04/08/2011,562445,23548,25,"0,42 EUR",12417.0, papeterie
05/12/2010,C537132,22769,-8,"21,95",15221.0,divers
10/06/2011,556415,21976,120,"0,42",12409.0, cuisine
22/11/2011,578024,21242,8,"1,69",12705.0,CUISINE
07/12/2011,581034,23343,10,"2,08",17049.0,sac
12/08/2011,563184,85123A,4,"2,95",17516.0,deco
15-03-2011,546678,21080,12,"0,85",12681.0, papeterie
08-12-2010,537815,20725,10,"1,65",17676.0,SAC
22/11/2011,577813,23265,24,"1,25",14297.0, jardin
31-05-2011,555147,84707A,2,"9,95 EUR",13505.0,bijou
21/11/2011,577698,23078,24,"1,25",14963.0,papeterie
31-10-2011,573511,21976,24,"0,55",12347.0,CUISINE
07-12-2011,581034,23583,10,"1,65",, sac
28/09/2011,568650,21676,12,"0,85",13505.0, papeterie
21/04/2011,550899,21746,12,"1,25",13505.0, jardin
11-08-2011,562960,23244,6,"1,95",14911.0, cuisine
14-04-2011,550183,22974,6,"1,65",,CUISINE
28/10/2011,573173,21481,4,"3,75",12362.0, cuisine
15/11/2011,576575,22120,3,"9,95",16295.0, divers
30/11/2011,579741,22469,2,"1,65",16910.0,DECO
22/09/2011,567915,21498,25,"0,42",12579.0, papeterie
01/06/2011,555201,22128,12,"1,25 EUR",16969.0, divers
18/03/2011,546917,79403,12,"0,85 EUR",14911.0,divers
14/04/2011,550183,22371,6,"4,25",14105.0, sac
07/11/2011,574920,23569,8,"4,95",13985.0,divers
20/10/2011,572087,21947,12,"1,25",12683.0, deco
18-11-2011,577157,23346,12,"1,25",12451.0, jouet
05/06/2011,555531,22846,4,"14,95",12678.0, divers
28/03/2011,547919,22292,2,"1,45",13760.0,DECO
15/03/2011,546580,21754,9,"5,95",14911.0, divers
28/09/2011,568645,23206,10,"1,65",12656.0, sac
17-11-2011,577050,23581,10,"2,08",14191.0,sac
10-11-2011,575504,22961,12,"1,45",14895.0,divers
19-10-2011,571745,22943,6,"4,95",14911.0,deco
09/05/2011,552321,20685,4,"7,95",,DECO
24/10/2011,572544,84879,8,"1,69",16023.0,jardin
03-02-2011,543114,22668,5,"2,95",14156.0,CUISINE
09/11/2011,575352,22236,12,"10,95",12504.0,CUISINE
12/09/2011,566395,22698,12,"2,95",14952.0,CUISINE
05/12/2011,580723,85150,12,"2,55",15856.0,DECO
24/08/2011,564337,POST,1,"18,00",12649.0,divers
05-08-2011,562560,22742,6,"2,95",14156.0,PAPETERIE
01/12/2010,C536543,22355,-2,"0,85",17841.0,divers
02/08/2011,562046,22965,6,"2,10",12378.0,divers
31-01-2011,542692,22749,1,"3,75",14467.0,JOUET
13-06-2011,556510,23240,6,"4,15 EUR",14911.0, cuisine
22-05-2011,554106,22534,24,"0,42",12710.0,jouet
09/09/2011,566076,22630,12,"1,95",12449.0,jouet
04/03/2011,545579,35912B,12,"1,25",17508.0, deco
03/12/2010,536975,22113,8,"3,75 EUR",14911.0, cuisine
13/11/2011,576051,22951,24,"0,55",14911.0,cuisine
28/08/2011,564745,22489,1,"0,42",16806.0,divers
09/12/2010,538040,84754,2,"1,25",,sac
23/05/2011,554132,22554,12,"1,65",12360.0,CUISINE
26-06-2011,558108,84380,12,"1,25",12548.0,divers
18/10/2011,571701,22065,48,"0,39",14639.0, divers
15-11-2011,576593,22196,1,"0,85 EUR",15720.0,CUISINE
27/07/2011,561398,21981,24,"0,29",16767.0,DIVERS
02/12/2010,C536814,72799E,-6,"2,95",13958.0,divers
10/10/2011,570448,23266,6,"1,25 EUR",13224.0,deco
14-10-2011,571239,84997A,4,"4,15",12744.0, cuisine
27/05/2011,554938,85019B,24,"1,25",12876.0,PAPETERIE
02/10/2011,569220,72800D,1,"2,55",16007.0,DECO
26/01/2011,542229,22212,6,"2,10",12474.0,JARDIN
04/11/2011,574502,23301,2,"1,65",17274.0,jardin
15/03/2011,546638,22383,10,"1,65",15106.0,SAC
07-07-2011,559173,22842,2,"6,75",12540.0,cuisine
17/08/2011,563557,22558,12,"1,65",15786.0,DIVERS
09/05/2011,552320,20725,10,"1,65",13985.0,SAC
19/10/2011,571913,22509,1,"16,95",18210.0, deco
09/06/2011,556258,23309,24,"0,55 EUR",,CUISINE
27-02-2011,545071,84792,1,"4,65 EUR",15996.0, jardin
11/07/2011,559674,82600,12,"2,10",15856.0, deco
02-11-2011,573927,21257,2,"7,95",13890.0, deco
04/04/2011,548733,22698,6,"2,95",17648.0, cuisine
07/01/2011,540404,21495,25,"0,42",12947.0,papeterie
11/10/2011,570680,22080,3,"1,65 EUR",,divers
18-08-2011,563686,21498,25,"0,42",13098.0,PAPETERIE
13-11-2011,576051,23423,12,"3,75",14911.0,cuisine
12-07-2011,559704,21244,8,"1,69",12669.0,cuisine
17/11/2011,577039,23174,8,"4,15",12539.0,cuisine
09/11/2011,575194,23202,10,"2,08",16767.0,sac
01/12/2011,580137,85034C,1,"4,25",17566.0,jardin
03/12/2010,537030,22566,12,"0,85",16455.0, bijou
22-06-2011,557669,21883,12,"0,65",12674.0,DECO
26/10/2011,572887,21577,6,"2,25",12362.0,sac
08/06/2011,556042,22624,1,"8,50",14367.0,cuisine
06/10/2011,569901,22728,1,"3,75",12923.0,DECO
17/11/2011,577029,84508B,3,"2,55",15563.0,jouet
10/03/2011,546172,22939,2,"4,95",14156.0,cuisine
21/08/2011,563931,22191,2,"8,50",, deco
04/09/2011,565442,21843,2,"10,95",12627.0,CUISINE
31-10-2011,573546,23212,12,"1,25 EUR",15974.0, deco
21/09/2011,567666,22329,12,"1,65",12520.0,divers
31/08/2011,564856,20767,36,"2,10",, papeterie
21/01/2011,541793,21928,10,"1,95",13969.0, sac
04/09/2011,565416,22716,12,"0,42",12710.0,PAPETERIE
04-02-2011,543179,22492,1,"0,65",12754.0,deco
20/10/2011,572061,23388,4,"4,15",12474.0,DIVERS
21-11-2011,577785,23293,16,"0,83",16369.0,CUISINE
02/12/2010,C536807,22778,-1,"3,95",15834.0,divers
09/03/2011,546100,22151,24,"0,42",16572.0,CUISINE
30/09/2011,569028,23374,10,"0,82 EUR",14911.0,sac
23-05-2011,554139,22296,12,"1,65",14911.0,deco
08/11/2011,575154,POST,2,"18,00",12395.0, divers
13-07-2011,559888,85123A,24,"2,95",16450.0,deco
06-06-2011,555728,21207,2,"1,65",17252.0,DECO
28/09/2011,568698,21251,6,"2,95",14911.0, papeterie
09/12/2010,538011,21899,25,"0,65 EUR",,DECO
08/11/2011,575067,21976,24,"0,55 EUR",12583.0, cuisine
24/10/2011,572472,22537,24,"0,42 EUR",14139.0,divers
21/11/2011,577613,22605,3,"14,95",14911.0,jardin
06/01/2011,540351,10125,20,"0,42",12735.0,DECO
07-07-2011,559298,23264,12,"1,25 EUR",12471.0,DECO
04/02/2011,543179,22364,1,"2,95",12754.0,cuisine
24-08-2011,564316,23345,12,"1,25",13985.0, jouet
15-02-2011,543997,20986,6,"1,25",17348.0, divers
27-01-2011,542278,22796,2,"9,95",14911.0,deco
10-10-2011,570255,22077,12,"1,95",17648.0, divers
12/10/2011,570806,22757,12,"1,25",13115.0, papeterie
14/04/2011,550191,22178,6,"1,25 EUR",16806.0,CUISINE
13/01/2011,541115,22301,12,"2,55",12578.0,CUISINE
07-10-2011,570000,85204,96,"0,12",,JARDIN
25/03/2011,547789,21086,12,"0,65",,papeterie
12-10-2011,570841,23206,10,"1,65",12553.0,sac
05-04-2011,548968,23181,8,"7,50 EUR",,cuisine
01/12/2011,579927,23406,2,"6,25",12572.0,deco
08-11-2011,575078,21164,6,"2,95",17633.0,deco
06/10/2011,569893,23254,4,"4,15",12627.0,CUISINE
29/09/2011,568782,23129,8,"4,15",13985.0,deco
07/11/2011,574874,20712,10,"2,08 EUR",14911.0, sac
05/05/2011,552013,23007,3,"16,95",12451.0, jouet
15/03/2011,546635,21912,2,"3,75",16392.0, deco
17/11/2011,577067,22597,72,"0,29",12704.0, deco
08/05/2011,552290,21901,1,"0,65",16007.0, divers
14-04-2011,550185,23053,2,"8,25 EUR",17142.0, divers
18/03/2011,546993,22898,2,"1,95",17921.0,CUISINE
02/12/2011,580153,22466,12,"1,95",12762.0,DECO
19-12-2010,539473,85049E,12,"1,25",14911.0,divers
02/08/2011,562042,23344,30,"2,08",13075.0, sac
10-11-2011,575504,22456,3,"4,95",14895.0,papeterie
31/08/2011,564912,21731,12,"1,65",12490.0,DECO
17/11/2011,577071,84879,20,"1,69",, jardin
10-12-2010,538174,22472,12,"4,95",12471.0,JOUET
15-02-2011,544074,21931,2,"1,95",14156.0,sac
17/11/2011,577061,22940,4,"4,25",14911.0,DIVERS
27/01/2011,542373,22091,72,"1,06",16767.0,deco
12/10/2011,570841,22090,6,"2,95",12553.0,papeterie
20-01-2011,541670,22960,72,"3,75",14911.0,CUISINE
06-11-2011,574737,20969,4,"3,75",14868.0,SAC
14-11-2011,576222,21912,8,"3,75 EUR",12490.0,deco
01/11/2011,573867,23076,48,"1,25",12674.0,divers
14/01/2011,541120,21080,12,"0,85",12490.0,papeterie
17/11/2011,577050,22595,12,"0,85",14191.0,deco
28/09/2011,568651,23389,4,"4,15",12362.0,jouet
07-09-2011,565800,21155,6,"2,55",14911.0,sac
31/01/2011,542713,20963,10,"1,25",12668.0,divers
27/01/2011,542276,21272,12,"1,25",12764.0, deco
11-09-2011,566271,22749,4,"3,75",14250.0,JOUET
14-02-2011,543828,22662,10,"1,65",14156.0, sac
11/11/2011,575787,22302,6,"2,55",12518.0, cuisine
29-09-2011,568803,23085,12,"8,25",15030.0, deco
10-03-2011,546236,22780,4,"4,25",12370.0, deco
07-10-2011,570126,23322,1,"2,95",, deco
12/10/2011,570776,23311,6,"2,55",13985.0, deco
19/08/2011,563749,20674,8,"1,25",12360.0,CUISINE
27/10/2011,573028,22749,4,"3,75",16847.0, jouet
12-08-2011,563169,23243,4,"4,95",14911.0,cuisine
20/10/2011,571937,35923,240,"0,39",14911.0,deco
21/11/2011,577785,22551,1,"1,65",16369.0,CUISINE
14/07/2011,559928,22951,24,"0,55",12405.0,cuisine
08/04/2011,549325,22727,4,"3,75",12717.0,DECO
26/01/2011,542216,22025,12,"0,42",14911.0, papeterie
08/05/2011,552277,22488,2,"1,65 EUR",13642.0,papeterie
09/12/2010,538040,22557,3,"1,65",16520.0, cuisine
17-12-2010,539338,22721,3,"4,95",17404.0, cuisine
01/03/2011,545235,22129,24,"0,85",12683.0, jardin
23-11-2011,578108,23506,20,"0,42",14912.0,papeterie
31/07/2011,561870,23293,8,"0,83",, cuisine
11/10/2011,570680,23052,1,"8,25",13969.0,divers
25/05/2011,554556,22399,12,"1,25 EUR",13098.0,divers
05-09-2011,565470,22761,1,"24,95",12576.0, divers
22-11-2011,577850,22142,12,"1,45",14911.0,divers
11/11/2011,575886,22055,3,"1,65",12517.0, cuisine
19/07/2011,560445,21485,72,"4,25",14156.0, cuisine
29/09/2011,568782,22381,15,"2,10",13985.0,jouet
24/11/2011,578362,23202,20,"2,08",, sac
24-07-2011,561029,23204,10,"0,85",12490.0,SAC
03/05/2011,551616,21244,4,"1,69",15048.0,cuisine
08/04/2011,549325,22730,4,"3,75 EUR",12717.0,DECO
15/08/2011,563353,20998,6,"2,95 EUR",15480.0, jardin
12/01/2011,540976,21452,6,"2,95",12652.0,DECO
17-02-2011,544203,POST,3,"15,00",12362.0, divers
17/11/2011,576899,84926A,24,"0,29",14911.0, divers
28/07/2011,561624,22419,24,"0,42",16969.0,PAPETERIE
20/10/2011,571937,21530,18,"0,79",14911.0, divers
07/12/2011,581179,23319,12,"2,49",12471.0,deco
05/04/2011,548968,22961,12,"1,45 EUR",, divers
23/09/2011,568056,22666,6,"2,95 EUR",12705.0,cuisine
27/01/2011,542303,85132B,1,"9,95",12539.0,cuisine
25/09/2011,568171,85049A,12,"1,25",15312.0,DIVERS
18/03/2011,547005,21746,12,"1,25",12474.0, jardin
18/10/2011,571671,85049A,6,"1,25",16940.0, divers
05/01/2011,540183,21519,12,"0,42",15093.0, papeterie
24/03/2011,547703,22985,25,"0,42 EUR",12540.0,papeterie
25-02-2011,544996,22326,12,"2,95 EUR",12474.0,DECO
23/02/2011,544790,21042,3,"5,95",16940.0,cuisine
23/10/2011,572307,22779,2,"4,25",16905.0,deco
15-03-2011,546580,22262,24,"0,85",14911.0,cuisine
20/10/2011,571937,23170,24,"1,65 EUR",14911.0,cuisine
11/09/2011,566271,21975,24,"0,55",14250.0, cuisine
21/11/2011,577733,21790,12,"0,85",15163.0, papeterie
06/12/2010,C537333,22636,-4,"8,50",12474.0,divers
24-07-2011,561029,23203,10,"2,08 EUR",,sac
27/06/2011,558200,22317,1,"2,95",15976.0,DECO
13/07/2011,559889,23306,72,"1,45",12678.0,cuisine
25-10-2011,572560,48184,6,"8,25",12476.0, jardin
04-03-2011,545657,22614,24,"0,29",14911.0, jouet
05-12-2010,537133,84029E,1,"3,75 EUR",18156.0, deco
13/10/2011,570881,22320,3,"5,95",12498.0,JARDIN
10-10-2011,570418,23393,4,"3,75",15211.0,DECO
23/02/2011,544790,22754,6,"0,85",16940.0,papeterie
04/12/2011,580514,22801,1,"3,75",16905.0, cuisine
14/11/2011,576318,22749,2,"3,75",15058.0,jouet
19-10-2011,571737,21166,12,"2,08",14367.0,DECO
02/08/2011,562034,22759,12,"1,65",12449.0,papeterie
10/10/2011,570448,22081,5,"1,65",13224.0,divers
06/10/2011,569893,84997D,4,"4,15",12627.0,cuisine
31/10/2011,573428,21977,24,"0,55",12571.0,cuisine
17-06-2011,557136,82484,2,"7,95",14911.0,divers
18/08/2011,563712,22555,12,"1,65",12680.0,cuisine
13/06/2011,556510,22899,6,"2,10",14911.0,CUISINE
04-12-2011,580527,21181,2,"2,10",,DECO
09-03-2011,546135,22083,6,"2,95",12388.0,PAPETERIE
13/11/2011,576051,22899,6,"2,10",14911.0, cuisine
11/09/2011,566271,21888,4,"3,75",14250.0,divers
08-11-2011,575144,22943,3,"4,95 EUR",12540.0,DECO
10-08-2011,562893,23245,4,"4,95",17442.0,cuisine
24/10/2011,572483,22966,1,"1,25",16444.0, divers
19-08-2011,563749,21561,6,"2,55",12360.0,CUISINE
17-03-2011,546875,22922,12,"0,85",12514.0,divers
07/12/2011,581098,23103,24,"1,65",14911.0, deco
13-11-2011,576051,47559B,10,"1,25 EUR",14911.0,CUISINE
26/08/2011,564654,23264,12,"1,25 EUR",14911.0, deco
30-10-2011,573333,22865,12,"2,10 EUR",12483.0,DECO
26-09-2011,568350,POST,2,"18,00 EUR",12612.0, divers
17/11/2011,577029,84508B,3,"2,55",15563.0,jouet
20/12/2010,539647,21034,1,"0,95",15460.0,SAC
25/01/2011,542081,22380,1,"2,10",15213.0,jouet
06/07/2011,559145,84077,576,"0,29 EUR",17404.0,DECO
03/06/2011,555413,21675,6,"0,85 EUR",17994.0, papeterie
19/05/2011,553829,22147,12,"1,45 EUR",16455.0,DECO
11-10-2011,570680,23507,4,"0,42 EUR",13969.0, papeterie
14-07-2011,560033,22600,12,"0,85",12388.0,deco
17/11/2011,576923,23084,120,"1,79",12753.0,jouet
22-09-2011,567899,22110,6,"2,55",14911.0,cuisine
11-10-2011,570499,84806B,24,"1,45",12772.0,JARDIN
07-04-2011,549222,22699,6,"2,95",12347.0,CUISINE
27-11-2011,578926,20724,10,"0,85",, sac
31-10-2011,573428,85032A,12,"0,65",12571.0,papeterie
10-11-2011,575725,21498,25,"0,42",13098.0,papeterie
07/12/2011,581116,20761,1,"3,75",17232.0,divers
24/02/2011,544833,22854,4,"4,95",15974.0,cuisine
30-10-2011,573388,22712,12,"0,42",14895.0,papeterie
17-10-2011,571318,23368,384,"0,65",17404.0,papeterie
03/12/2010,537031,22772,12,"1,25",16455.0, deco
15/02/2011,543997,21509,12,"0,42",17348.0, papeterie
08-06-2011,555931,22767,2,"9,95 EUR",17828.0,DECO
08-05-2011,552290,22068,2,"1,65",16007.0,divers
05-10-2011,569699,21470,1,"3,75",12723.0,JARDIN
19/09/2011,567306,22558,48,"1,45",12752.0,DIVERS
31-01-2011,542737,84970S,12,"0,85",15058.0,DECO
17/10/2011,571425,23271,16,"0,83",14911.0,deco
30-10-2011,573362,22465,12,"1,65",12597.0, deco
25/10/2011,572560,22847,8,"14,95",12476.0,DIVERS
20/03/2011,547048,22362,6,"2,95",14911.0,CUISINE
07/10/2011,570102,22736,10,"1,65 EUR",16455.0, divers
02-08-2011,562046,22313,6,"2,95",,CUISINE
11-11-2011,575733,22505,4,"4,95",13810.0,deco
17-10-2011,571409,22049,25,"0,19",14911.0,papeterie
28/01/2011,542535,22620,12,"1,25 EUR",12735.0, divers
28-09-2011,568698,22593,12,"0,85",, deco
05/05/2011,552025,23052,1,"8,25",13969.0,DIVERS
05/12/2011,580640,23499,1,"0,42",16910.0,papeterie
13/09/2011,566576,23199,100,"1,79",, sac
08-11-2011,575169,23319,6,"2,49 EUR",14367.0, deco
20-11-2011,577479,22282,8,"10,95",14911.0,CUISINE
15/11/2011,576607,22940,8,"4,25",, divers
02-10-2011,569220,23404,2,"4,95 EUR",16007.0, divers
27/05/2011,554861,21539,3,"4,95",12633.0,DIVERS
13-04-2011,549988,22840,1,"7,95 EUR",14367.0, cuisine
12/10/2011,570875,22340,24,"0,39",12667.0,DECO
10-04-2011,549558,22638,1,"2,55",15058.0, cuisine
11-01-2011,540801,22423,16,"10,95",12540.0,cuisine
10-05-2011,552547,23173,12,"8,15 EUR",13098.0,jardin
04-04-2011,548733,20685,2,"7,95",17648.0,deco
06-10-2011,569968,23372,2,"1,25",17921.0,PAPETERIE
15-02-2011,544074,85059,1,"3,75",14156.0,DIVERS
06-04-2011,549115,22630,12,"1,95",13098.0,jouet
30-10-2011,573362,22553,12,"1,65 EUR",12597.0,cuisine
09-06-2011,556241,20914,6,"2,95 EUR",12597.0,cuisine
02/12/2010,C536814,21527,-2,"7,95",13958.0,divers
14-04-2011,550144,84974,1,"9,95",16520.0, jardin
14/07/2011,560104,22939,2,"4,95",17921.0,CUISINE
07-01-2011,540458,21499,25,"0,42",12501.0, papeterie
07-09-2011,565865,22398,12,"0,39",12637.0,divers
18-05-2011,553674,22467,36,"2,10",12483.0, divers
06/01/2011,540365,22504,1,"29,95",12413.0,SAC
11/10/2011,570667,22629,12,"1,95",12362.0,jouet
05-09-2011,565618,22670,12,"1,25",15974.0,deco
11-01-2011,540801,84800L,24,"1,69 EUR",12540.0,jardin
26-01-2011,542233,84050,72,"1,25",, cuisine
09/05/2011,552329,23206,10,"1,65",13492.0,sac
14-09-2011,566625,15036,12,"0,83",14911.0,DIVERS
10/03/2011,546172,22488,12,"1,65",14156.0,PAPETERIE
17/10/2011,571409,23118,2,"7,50",14911.0, bijou
26-05-2011,554770,22384,10,"1,65",14911.0,sac
24/08/2011,564231,20828,6,"2,55",13468.0, bijou
27/10/2011,573143,23346,12,"1,25",13098.0, jouet
19/04/2011,550618,84880,3,"7,50",14156.0,cuisine
24-10-2011,572499,23546,25,"0,42",15786.0,papeterie
13/11/2011,576051,22573,36,"0,85",14911.0, deco
13/06/2011,556510,23175,8,"3,25",14911.0,divers
20/07/2011,560728,22669,5,"2,95",12520.0,CUISINE
14/12/2010,538826,20707,1,"1,25",, jardin
25-10-2011,572567,22138,6,"4,95",12398.0, cuisine
07/06/2011,555739,85099F,10,"2,08",12380.0,SAC
22/09/2011,567910,21124,24,"1,25",12437.0, deco
28/08/2011,564734,47591D,4,"1,95",12484.0,CUISINE
04/10/2011,569423,22294,24,"1,25",16882.0,deco
14/03/2011,546520,22128,12,"1,25",14911.0,DIVERS
31/05/2011,555109,85049G,2,"1,25",16023.0,deco
02/12/2010,536698,21913,4,"3,75",15363.0, jouet
20-05-2011,553931,22852,4,"4,25",14911.0,CUISINE
21-10-2011,572134,21615,12,"1,25",12500.0, deco
14/09/2011,566734,21975,2,"0,55 EUR",16910.0,cuisine
09-09-2011,566076,21908,12,"2,10",12449.0,deco
16/10/2011,571296,22560,1,"1,25",13760.0,divers
21-11-2011,577784,21212,24,"0,55",13862.0,CUISINE
08/06/2011,555943,22556,12,"1,65",13520.0,cuisine
22-05-2011,554104,22113,12,"3,75",12705.0,cuisine
25/11/2011,578719,23349,1,"1,25",17348.0, papeterie
20/05/2011,553935,21088,18,"0,19",,papeterie
04/09/2011,565442,21577,6,"2,25",,SAC
10/12/2010,538311,22383,10,"1,65",12785.0, sac
01/06/2011,555263,47599B,12,"2,10",15192.0,SAC
23-06-2011,557878,22507,4,"4,95 EUR",,DECO
06/10/2011,569893,85099B,20,"2,08 EUR",12627.0, sac
02-10-2011,569220,21990,2,"1,25",16007.0, divers
29/07/2011,561697,22167,2,"9,95",18127.0,deco
23-03-2011,547493,22699,6,"2,95",12818.0,cuisine
02/12/2010,C536826,35004B,-2,"4,65",17924.0,divers
23/11/2011,578277,22971,12,"2,55 EUR",12723.0,CUISINE
22-09-2011,567929,22628,4,"4,95",12425.0,DECO
29/09/2011,568782,20728,10,"1,65",13985.0, sac
22-02-2011,544634,21156,1,"1,95",17994.0,CUISINE
07/04/2011,549291,21530,1,"0,79 EUR",16261.0, divers
18/10/2011,571701,22065,48,"0,39",14639.0, divers
21-10-2011,572133,21217,3,"9,95",12407.0,CUISINE
10/10/2011,570388,23029,6,"1,65",14911.0, deco
23/02/2011,544688,15056P,4,"5,95",18151.0,jardin
05/07/2011,559011,82482,6,"2,55",17049.0,DECO
29/07/2011,561798,22423,4,"12,75",14911.0,cuisine
27-02-2011,545053,22035,12,"0,42 EUR",17516.0, papeterie
20/12/2010,539607,POST,5,"18,00",12681.0,divers
16/06/2011,557007,22743,6,"2,95",12484.0,papeterie
08-03-2011,545996,22138,2,"4,95",14367.0, cuisine
09-06-2011,556125,22431,6,"1,95",12947.0,bijou
20-07-2011,560635,23025,6,"2,08",12521.0,cuisine
18/08/2011,563613,21754,3,"5,95",12688.0, divers
16-12-2010,539112,84823,2,"7,95",,BIJOU
18-01-2011,541439,21080,12,"0,85 EUR",16948.0,PAPETERIE
06/11/2011,574682,21429,6,"1,95",14963.0, bijou
17-11-2011,577071,21208,5,"0,39",13969.0, divers
01/12/2010,C536543,22632,-1,"2,10",17841.0,divers
31-07-2011,561898,84832,12,"0,85 EUR",12456.0,deco
24/08/2011,564316,85099B,10,"2,08",13985.0,sac
31-05-2011,555107,22273,12,"2,95",12594.0,jouet
21-12-2010,539676,20685,2,"7,95",12423.0, deco
08-06-2011,555931,21984,24,"0,29",17828.0, divers
09-12-2010,538095,22500,2,"4,95",17097.0, cuisine
10-06-2011,556415,22138,24,"4,25",12409.0, cuisine
28/09/2011,568651,23170,12,"1,65 EUR",12362.0,CUISINE
14-08-2011,563230,21156,2,"1,95",15376.0, cuisine
19-07-2011,560534,21704,12,"0,85",14911.0,SAC
09/06/2011,556259,23231,25,"0,42",12721.0, papeterie
12/08/2011,563098,21523,4,"7,95",14911.0, deco
14-07-2011,560104,22384,2,"1,65 EUR",17921.0,SAC
16/12/2010,539318,21725,48,"0,85",12348.0, papeterie
19/07/2011,560445,21035,200,"2,75",14156.0, cuisine
28-11-2011,579152,21558,12,"2,55",12479.0, cuisine
28/07/2011,561528,23049,2,"8,25",13098.0,DIVERS
22/11/2011,578043,22352,6,"2,55",, cuisine
23/11/2011,578298,21210,12,"1,45 EUR",12619.0,papeterie
07/09/2011,565790,20725,10,"1,65",16767.0,SAC
31/10/2011,573656,21673,12,"1,45 EUR",12417.0,DECO
11/11/2011,575871,20973,24,"0,65",14911.0,papeterie
23-10-2011,572307,23058,12,"0,79",,deco
07-07-2011,559300,23240,6,"4,15",12471.0,cuisine
27/05/2011,554938,21843,2,"10,95",12876.0, cuisine
07-09-2011,565851,C2,1,"50,00 EUR",14911.0, divers
30-09-2011,569010,21165,192,"1,45",14156.0, deco
10/01/2011,540550,22700,6,"2,95",12539.0,cuisine
23-05-2011,554139,22699,6,"2,95",14911.0, cuisine
16/10/2011,571296,22562,1,"1,25",13760.0,jouet
14-04-2011,550191,84879,16,"1,69",16806.0,JARDIN
17/05/2011,553547,22704,25,"0,42",12474.0,papeterie
16/06/2011,557007,22989,4,"3,25",12484.0,cuisine
14/10/2011,571227,23396,4,"3,75",12477.0,CUISINE
18-11-2011,577333,21914,12,"1,25",14868.0,DECO
19-08-2011,563848,23127,4,"4,95",14911.0,JOUET
04-04-2011,548808,22089,3,"2,95 EUR",17774.0,papeterie
22-11-2011,577856,20725,10,"1,65",12490.0,sac
05/06/2011,555574,23173,2,"9,95 EUR",12417.0,jardin
28-10-2011,573289,22704,25,"0,42",12705.0, papeterie
10-06-2011,556434,22084,6,"2,95",14895.0, papeterie
21-11-2011,577687,23598,24,"2,95",12583.0,papeterie
25/01/2011,542102,21755,18,"5,45",12744.0, divers
11/05/2011,552842,22979,1,"1,45",17888.0,cuisine
15/09/2011,566776,23245,4,"4,95",14911.0, cuisine
05/12/2010,C537039,85175,-1,"0,42",,divers
12-10-2011,570703,23133,2,"8,25",14911.0,DECO
06-04-2011,549115,22037,12,"0,42",13098.0, papeterie
09-12-2010,538095,22912,1,"4,95",17097.0,divers
04-09-2011,565442,22326,18,"2,95",12627.0, deco
14/03/2011,546520,85032B,6,"2,10",14911.0, papeterie
03-11-2011,574275,22982,12,"1,25 EUR",12352.0, cuisine
30/11/2011,579881,22725,8,"3,75",12429.0, deco
11/11/2011,575734,23480,4,"3,75",, deco
20/10/2011,572086,23213,12,"1,25",13897.0,deco
08/03/2011,545996,22964,6,"2,10",14367.0,JOUET
18/11/2011,577142,21559,12,"2,55",13985.0, cuisine
12/10/2011,570806,22144,18,"2,10",13115.0,divers
09-12-2010,538040,20961,2,"1,25",16520.0,DIVERS
21/07/2011,560781,23284,10,"6,75",13969.0, deco
06/10/2011,569893,20712,20,"2,08",12627.0,SAC
27-11-2011,578926,21481,4,"3,75",18156.0,CUISINE
12/01/2011,540851,21210,12,"1,45",,PAPETERIE
23-06-2011,557878,20728,6,"1,65",16940.0, sac
09/05/2011,552448,22515,1,"2,10",18120.0, jardin
07/01/2011,540469,21679,6,"0,85",12484.0, papeterie
22/09/2011,567899,21481,8,"3,75",14911.0,cuisine
04/03/2011,545634,22489,24,"0,42",14911.0,divers
06/12/2010,537433,22910,40,"2,55",12913.0,papeterie
14-03-2011,546541,21363,3,"4,95 EUR",14911.0,divers
04/09/2011,565426,85204,2,"0,12",,JARDIN
14/10/2011,571129,23508,20,"0,42",14156.0,papeterie
15/09/2011,566912,22962,12,"0,85",14367.0, cuisine
07/09/2011,565865,22730,8,"3,75",12637.0, deco
17-10-2011,571442,23532,2,"4,95",17049.0,JOUET
21/11/2011,577607,22947,12,"7,95",,DIVERS
18/04/2011,550440,21212,48,"0,55",, cuisine
19-10-2011,571737,22952,24,"0,55",14367.0,CUISINE
12/06/2011,556474,22663,1,"2,08 EUR",,SAC
05/12/2010,C537039,22854,-1,"4,95",15708.0,divers
14/01/2011,541121,21218,6,"3,75",12672.0, cuisine
20/09/2011,567428,23035,6,"1,45",14911.0, deco
07-06-2011,555853,85049G,1,"1,25",14375.0, deco
07/01/2011,540458,20675,8,"1,25",12501.0,cuisine
05/12/2010,C537132,71279,-2,"2,95",15221.0,divers
07/12/2011,581006,84991,24,"0,55 EUR",14911.0,CUISINE
28/03/2011,547947,20711,100,"1,65",15032.0,sac
10/10/2011,570275,23353,72,"0,83",13098.0,PAPETERIE
03/12/2010,C536850,22186,-48,"2,55",14213.0,divers
08-11-2011,575169,23319,6,"2,49 EUR",14367.0, deco
18/08/2011,563688,20725,10,"1,65",16767.0, sac
08-12-2010,537818,22073,4,"3,75",12766.0, cuisine
25/11/2011,578811,22645,12,"1,45",12438.0,cuisine
13-07-2011,559907,21933,10,"1,65",12766.0,SAC
31/03/2011,548496,22551,96,"1,45",12678.0,cuisine
07/11/2011,574745,22043,24,"0,19",14911.0, papeterie
09-12-2010,538095,22469,1,"1,65",17097.0,DECO
08-07-2011,559418,21224,10,"1,25",12681.0,divers
06/10/2011,569893,20725,10,"1,65",12627.0,SAC
11/10/2011,570674,22336,96,"0,19",,deco
10/10/2011,570268,23013,12,"3,45",13098.0, cuisine
24-03-2011,547658,82583,1,"2,10",13736.0,DECO
13/11/2011,576051,22898,16,"1,95",,cuisine
17-08-2011,563557,22796,4,"9,95",15786.0,DECO
06-05-2011,552192,48187,2,"7,95",15258.0, deco
22/11/2011,578094,22121,2,"5,95 EUR",16261.0, divers
02/08/2011,562046,22737,10,"1,65",12378.0,divers
18/08/2011,563709,23263,3,"1,25 EUR",15472.0,deco
20-05-2011,553997,15058B,2,"7,95",12656.0,jardin
15/11/2011,576607,23349,12,"1,25",12474.0,papeterie
08-05-2011,552277,22371,2,"4,25",13642.0, sac
02-08-2011,562046,21731,12,"1,65 EUR",12378.0,DECO
25-01-2011,542102,21936,25,"2,95",12744.0,SAC
15/09/2011,566776,C2,1,"50,00 EUR",14911.0,DIVERS
31/05/2011,555109,21471,2,"3,75",16023.0,divers
08/05/2011,552262,22278,3,"4,95 EUR",14911.0,SAC
07-06-2011,555853,85049G,1,"1,25",14375.0, deco
05-09-2011,565596,23320,11,"2,89",16444.0,DIVERS
04-10-2011,569527,23432,12,"0,83",12512.0,DECO
31/10/2011,573581,23247,6,"2,89",14911.0,CUISINE
04/10/2011,569527,90099,1,"2,55 EUR",12512.0,bijou
19/08/2011,563749,20677,8,"1,25",12360.0, cuisine
10-06-2011,556415,23170,48,"1,45",12409.0,cuisine
09/09/2011,566076,23236,6,"2,89",12449.0,cuisine
10/01/2011,540550,22630,12,"1,95",12539.0,jouet
07-01-2011,540469,21355,3,"1,25",12484.0, divers
02/12/2011,580140,22625,2,"8,50",14895.0,CUISINE
09/02/2011,543484,22859,6,"1,65",12721.0,cuisine
12-10-2011,570714,22555,24,"1,65",13520.0,cuisine
26-01-2011,542229,84997B,6,"3,75",12474.0,CUISINE
04-08-2011,562287,21242,8,"1,69",12455.0, cuisine
17-06-2011,557136,21441,12,"0,85",, jardin
14-11-2011,576300,22756,1,"1,25 EUR",15058.0, papeterie
09/11/2011,575193,22328,6,"2,95",12681.0, deco
11/05/2011,552839,23132,6,"5,75",14367.0,deco
21-11-2011,577785,84077,48,"0,29",16369.0,deco
26/04/2011,551054,23052,4,"8,25",12429.0,DIVERS
24-10-2011,572544,22983,12,"0,42",16023.0,papeterie
20-11-2011,577551,22661,10,"0,85",12395.0,SAC
09-09-2011,566115,23256,8,"4,15 EUR",12674.0,CUISINE
24-08-2011,564316,23287,8,"0,85",13985.0,deco
07/07/2011,559313,23080,2,"8,25",16325.0,deco
25-11-2011,578705,22195,1,"1,65",12531.0, cuisine
29/07/2011,561698,23096,12,"1,65",,divers
07/12/2011,581171,22966,24,"1,25 EUR",,DIVERS
20-01-2011,541631,22634,4,"9,95 EUR",12637.0,jouet
08/03/2011,545937,22995,48,"0,42 EUR",12758.0,SAC
21/11/2011,577733,22489,10,"0,42",15163.0,divers
15-08-2011,563333,23106,2,"2,89",15996.0,jardin
27-10-2011,573036,23480,8,"3,75",12437.0,DECO
31-08-2011,564853,21680,12,"0,85",,papeterie
09-12-2010,538008,POST,5,"18,00",12683.0, divers
20/10/2011,572069,23220,12,"0,83",14911.0,DECO
04/08/2011,562370,23275,12,"1,25 EUR",12626.0,DECO
05/06/2011,555547,47566,4,"4,95",12681.0, cuisine
13-10-2011,571033,22568,12,"3,75",14251.0, deco
22-03-2011,547360,84987,12,"1,45",,PAPETERIE
10/10/2011,570268,23343,20,"2,08",13098.0,SAC
28/09/2011,568698,22739,10,"1,65",14911.0,DECO
02-09-2011,565287,22326,12,"2,95",, deco
25-11-2011,578698,22043,24,"0,19",12620.0, papeterie
13-03-2011,546428,22620,12,"1,25",12681.0,divers
24-11-2011,578349,22262,12,"0,85",14539.0,cuisine
16/09/2011,566984,23375,10,"0,82",12471.0,sac
21/07/2011,560901,22423,6,"12,75",12476.0,cuisine
22/11/2011,577856,POST,4,"18,00 EUR",12490.0,divers
12/04/2011,549906,21535,1,"2,55",14998.0, divers
19/08/2011,563756,21524,2,"7,95",12418.0,DECO
20-04-2011,550778,20977,16,"1,25",14868.0, papeterie
22/11/2011,578024,23568,12,"1,25",12705.0,cuisine
07-12-2011,581006,21843,6,"10,95",14911.0, cuisine
18-10-2011,571701,23284,2,"8,25",14639.0,DECO
05-05-2011,552028,22383,10,"1,65",13969.0,sac
11-07-2011,559674,22035,12,"0,42",15856.0, papeterie
05/09/2011,565466,23344,10,"2,08",12422.0,sac
29/05/2011,554985,20963,10,"1,25",12426.0,DIVERS
21-02-2011,544470,22971,6,"2,55",, cuisine
21-01-2011,541703,71270,24,"1,25",12594.0,divers
08/05/2011,552290,71459,12,"0,85",16007.0,CUISINE
17-03-2011,546910,22999,2,"0,42",13969.0,sac
03/12/2010,536975,22246,12,"1,95",14911.0,JARDIN
23/02/2011,544688,22350,6,"2,55",18151.0, cuisine
05/12/2011,580705,84997D,4,"4,15",,cuisine
18-11-2011,577178,23480,4,"3,75",12618.0, deco
09/12/2010,537897,21481,6,"2,95",12683.0,cuisine
24/10/2011,572544,22557,3,"1,65",16023.0,CUISINE
09/06/2011,556263,23237,2,"4,15",13969.0, cuisine
05/09/2011,565475,21984,96,"0,29 EUR",14156.0,divers
09/09/2011,566076,22715,12,"0,42",12449.0,PAPETERIE
20/11/2011,577528,84509A,4,"3,75",15745.0,jardin
17-10-2011,571477,22961,12,"1,45 EUR",12794.0,divers
06/12/2010,C537406,22927,-4,"5,95",15502.0,divers
07/11/2011,574844,90162B,6,"2,95",12783.0,bijou
03-12-2010,536975,22560,24,"1,25",14911.0,divers
07-09-2011,565851,23374,10,"0,82",14911.0,SAC
18/10/2011,571665,22592,8,"3,75",12540.0, papeterie
22/11/2011,578082,23144,12,"0,83",12775.0,deco
21-04-2011,550899,POST,4,"40,00",13505.0,DIVERS
15/08/2011,563288,47367B,4,"3,75",12656.0,DIVERS
10-10-2011,570255,22784,6,"4,95",17648.0,DECO
26/09/2011,568350,90201A,18,"2,95",12612.0,BIJOU
11/11/2011,575886,22059,8,"1,49",12517.0, cuisine
21/07/2011,560876,22558,12,"1,65",12626.0,DIVERS
28/04/2011,551349,22621,12,"1,65",14740.0, cuisine
30-09-2011,569120,21559,6,"2,55",,cuisine
28/11/2011,579102,22423,6,"12,75 EUR",14911.0, cuisine
20/11/2011,577543,20728,10,"1,65",,SAC
22/09/2011,567929,21155,6,"2,55",12425.0,SAC
05-05-2011,552013,22634,4,"9,95",12451.0,jouet
29-09-2011,568800,23493,10,"1,95",14868.0,DECO
11/08/2011,562973,22623,72,"4,95",14911.0, jouet
08/12/2011,581433,84817,48,"0,39",14911.0,cuisine
21/03/2011,547109,22248,16,"0,85",12423.0, jardin
10/02/2011,543625,22551,12,"1,65",12583.0, cuisine
22/05/2011,554106,22434,8,"1,95",12710.0, jouet
31/08/2011,564975,21774,6,"1,25 EUR",17097.0,CUISINE
31/07/2011,561898,20984,24,"0,29 EUR",12456.0,PAPETERIE
24/10/2011,572528,84032B,2,"2,95",13176.0, cuisine
02/08/2011,562035,21058,12,"0,85 EUR",12627.0,DIVERS
12/10/2011,570724,23505,12,"1,25",12602.0,papeterie
19/05/2011,553741,51014A,12,"0,85 EUR",12520.0,DIVERS
18/11/2011,577178,21499,25,"0,42",12618.0, papeterie
25-01-2011,542111,85099F,10,"1,95",14341.0, sac
02/06/2011,555383,22112,1,"4,95",12517.0,CUISINE
31/07/2011,561870,22625,2,"8,50 EUR",14911.0, cuisine
22-11-2011,577814,21098,12,"1,25",15106.0, divers
25/08/2011,564378,23240,6,"4,15",12417.0, cuisine
06/12/2010,C537383,22371,-1,"4,25",16550.0,divers
02/12/2010,C536820,22869,-1,"1,95",18168.0,divers
05-10-2011,569715,21232,4,"1,25",15856.0,deco
18-11-2011,577316,22423,1,"12,75",12578.0,cuisine
05-10-2011,569653,16161U,25,"0,42",12451.0, papeterie
09-09-2011,566200,84725,1,"0,75 EUR",16910.0,DIVERS
02/10/2011,569220,18097C,1,"2,55",16007.0,deco
07/12/2011,581003,22483,6,"2,95",14911.0, jouet
14/10/2011,571129,22355,99999,"0,85",14156.0, sac
11/10/2011,570640,23433,12,"0,83 EUR",12474.0, deco
03/05/2011,551616,84378,1,"1,25",15048.0, deco
25/02/2011,545017,22382,10,"1,65 EUR",12361.0,SAC
17/11/2011,576909,23082,6,"3,75",12471.0,PAPETERIE
20/11/2011,577528,22403,12,"0,39",15745.0, deco
04/11/2011,574336,22727,8,"3,75",12397.0,DECO
07/07/2011,559342,47566,12,"4,95",14493.0,cuisine
05/08/2011,562560,84519A,3,"1,25",14156.0,DIVERS
07-10-2011,570095,22423,1,"12,75",12528.0,CUISINE
02-10-2011,569220,23323,4,"2,10",16007.0, deco
01-03-2011,545314,21394,6,"1,95",12866.0,divers
15/02/2011,544045,22807,12,"2,95",13941.0, deco
09/06/2011,556241,22960,6,"4,25 EUR",12597.0,cuisine
25/03/2011,547715,22423,2,"12,75",12520.0,cuisine
17/02/2011,544302,22431,6,"1,95",12654.0, bijou
04-05-2011,551736,37370,504,"1,06",17443.0,CUISINE
25/11/2011,578811,22554,12,"1,65",12438.0, cuisine
03/11/2011,574100,23505,1,"1,25",14098.0, papeterie
10/04/2011,549559,20674,8,"1,25",12447.0, cuisine
21-11-2011,577785,23188,4,"1,65",, deco
02-06-2011,555383,21828,2,"1,25",12517.0,DIVERS
14/09/2011,566756,23208,10,"1,65",12457.0, sac
31/03/2011,548450,22033,12,"0,42",15856.0,PAPETERIE
24-01-2011,541932,22366,10,"6,75",14439.0,DECO
11/10/2011,570672,84050,6,"1,65",12536.0,cuisine
12-01-2011,540976,22557,12,"1,65",12652.0, cuisine
12-05-2011,552952,71459,24,"0,85",13837.0, cuisine
08-06-2011,555943,21914,12,"1,25",13520.0, deco
21/04/2011,550822,84755,64,"0,65",14001.0,cuisine
22/11/2011,578078,22720,3,"4,95",12586.0,cuisine
14/07/2011,560104,23004,1,"0,42",17921.0, sac
25/08/2011,564378,22986,25,"0,42",12417.0,PAPETERIE
24/11/2011,578662,23458,1,"14,95",17516.0,jouet
09/12/2010,538008,22897,10,"1,45 EUR",,deco
17-10-2011,571461,21155,1,"2,55 EUR",16932.0,SAC
25-09-2011,568174,84029E,2,"4,25",16261.0,deco
30-06-2011,558626,POST,1,"18,00",12569.0,DIVERS
08/12/2010,537855,85129B,6,"1,25",15996.0,bijou
09-01-2011,540520,22973,2,"1,65 EUR",17555.0, cuisine
11/11/2011,575886,20974,4,"0,65",12517.0,PAPETERIE
02/08/2011,562046,21981,24,"0,29",12378.0,divers
02/12/2010,C536812,22593,-144,"0,72",16546.0,divers
25/02/2011,544933,10135,200,"1,06 EUR",12633.0,papeterie
27/01/2011,542373,21985,24,"0,29",,DECO
10-11-2011,575728,21219,10,"1,25 EUR",14911.0,jouet
24/03/2011,547712,22193,1,"8,50",16905.0,deco
20/07/2011,560635,23202,10,"2,08",12521.0, sac
26-01-2011,542233,20725,10,"1,65",13098.0,SAC
15/02/2011,544074,22449,2,"3,35 EUR",14156.0,sac
13-01-2011,541115,22444,24,"1,25",12578.0,jardin
06/11/2011,574682,23247,1,"2,89",14963.0,cuisine
24/03/2011,547658,22173,1,"2,95",13736.0,deco
27/07/2011,561507,22646,12,"1,45 EUR",12397.0,CUISINE
10/06/2011,556455,84596B,72,"0,42",15856.0, cuisine
17/10/2011,571409,22959,25,"0,42",14911.0, papeterie
19/08/2011,563848,23269,12,"1,45",14911.0,JARDIN
13-01-2011,541018,21166,2,"1,95",14978.0,deco
11/07/2011,559662,21889,12,"1,25",16572.0,DECO
01/12/2010,C536548,22168,-2,"8,50",12472.0,divers
24-03-2011,547703,16161P,25,"0,42",12540.0,PAPETERIE
13-11-2011,576019,22029,12,"0,42",, papeterie
21/07/2011,560876,22816,12,"0,42 EUR",12626.0,papeterie
22-05-2011,554102,22964,2,"2,10",14647.0,jouet
23-05-2011,554147,21705,12,"1,65",12423.0, sac
18/10/2011,571697,23296,8,"1,25",12759.0, cuisine
25-11-2011,578698,22814,12,"0,42",12620.0, papeterie
11-03-2011,546373,22729,4,"3,75",12583.0, deco
16-09-2011,567095,23344,10,"2,08",17049.0,sac
14/10/2011,571227,23393,4,"3,75 EUR",12477.0, deco
28/08/2011,564745,22171,1,"8,50",16806.0, deco
28-01-2011,542535,21888,4,"3,75",12735.0,divers
05-10-2011,569699,23501,10,"1,25",12723.0,BIJOU
06/06/2011,555728,22076,1,"1,65",17252.0,DIVERS
11-10-2011,570672,22610,36,"0,19",12536.0, divers
07/11/2011,574874,22593,12,"0,85",14911.0,deco
19/10/2011,571745,21175,12,"2,55",, deco
24-03-2011,547658,22666,1,"2,95",13736.0,CUISINE
22/09/2011,567793,23169,6,"4,15 EUR",12657.0,cuisine
03/05/2011,551556,20749,2,"7,95 EUR",14191.0, divers
29/07/2011,561698,84879,8,"1,69",15974.0,JARDIN
21/07/2011,560901,23192,12,"1,65",12476.0,DIVERS
26/07/2011,561332,22692,6,"7,95",13492.0, deco
25-05-2011,554556,71459,192,"0,72",13098.0, cuisine
08/12/2011,581427,22273,6,"2,95",13890.0, jouet
26/10/2011,572763,23307,24,"0,55",12812.0, cuisine
21-10-2011,572127,21479,4,"4,25",14911.0,CUISINE
24/10/2011,572528,84950,36,"0,65",13176.0,deco
01/12/2010,C536391,22553,-24,"1,65",17548.0,divers
28/09/2011,568651,85014B,3,"5,95",12362.0,JARDIN
11/01/2011,540789,POST,2,"18,00",12643.0,divers
10/08/2011,562922,21306,72,"0,29",12594.0, jardin
18/08/2011,563613,23307,24,"0,55",12688.0,cuisine
23-03-2011,547508,21210,12,"1,45",12683.0, papeterie
31-07-2011,561870,84875B,24,"1,25",14911.0,DECO
28/02/2011,545086,22138,9,"4,95",12678.0,CUISINE
03/05/2011,551656,22083,6,"2,95",,PAPETERIE
14-07-2011,560036,22424,1,"12,75",14911.0,DIVERS
27-01-2011,542393,85039A,1,"1,65",18125.0,cuisine
28/09/2011,568670,84030E,2,"4,25",14978.0,cuisine
22/05/2011,554083,21158,2,"1,45",18125.0,divers
24-10-2011,572504,22722,4,"3,95",,CUISINE
17/04/2011,550302,22699,6,"2,95",14156.0, cuisine
30/09/2011,569010,22989,100,"2,75",14156.0,cuisine
17/12/2010,539379,82578,12,"0,55",15780.0,CUISINE
12/07/2011,559704,POST,4,"18,00",12669.0, divers
24/10/2011,572511,23113,3,"4,95",14895.0, cuisine
06-04-2011,549118,22287,12,"1,65 EUR",14911.0,DECO
01/02/2011,542894,POST,2,"15,00",12775.0,divers
05-05-2011,552013,21094,24,"0,85",12451.0,papeterie
07/01/2011,540469,85123A,6,"2,95",12484.0,DECO
07-12-2011,581098,23419,12,"2,08",14911.0,cuisine
15-08-2011,563288,22326,18,"2,95",12656.0,DECO
01/12/2011,580137,23371,3,"1,25",17566.0, papeterie
12-10-2011,570703,21430,4,"3,75 EUR",14911.0, jardin
26/05/2011,554788,23064,1,"49,95",12987.0,divers
22/02/2011,544607,84992,24,"0,55",13862.0,CUISINE
18/10/2011,571665,22186,12,"1,95",12540.0,PAPETERIE
06-11-2011,574737,22632,12,"2,10",14868.0,DIVERS
28-11-2011,579069,23472,2,"14,95",14911.0, divers
14/12/2010,538707,20750,1,"7,95",17894.0,divers
11-10-2011,570499,23020,1,"12,50 EUR",12772.0,cuisine
11/03/2011,546365,22472,3,"4,95",12520.0,JOUET
16/02/2011,544097,21948,12,"1,25",12455.0,cuisine
23-05-2011,554158,21498,25,"0,42",15563.0, papeterie
18-03-2011,546993,22082,1,"1,65",17921.0,deco
17-01-2011,541405,22704,25,"0,42",12683.0, papeterie
04-08-2011,562370,22969,12,"1,45",12626.0, deco
09-03-2011,546028,48194,2,"7,95",17049.0, deco
10/06/2011,556415,23079,24,"8,25",12409.0, deco
29/11/2011,579503,22573,10,"0,85",17097.0, deco
21-08-2011,563926,22750,4,"3,75 EUR",12553.0,JOUET
04/08/2011,562374,22192,12,"7,65",14911.0,DECO
11/10/2011,570667,22629,12,"1,95",12362.0,jouet
06-01-2011,540365,22138,6,"4,95",12413.0,CUISINE
13/10/2011,571033,21791,12,"1,25",14251.0,PAPETERIE
05-01-2011,540178,21989,12,"0,85",12681.0,papeterie
06-06-2011,555728,22063,1,"2,95 EUR",, cuisine
11/09/2011,566271,22029,12,"0,42",14250.0,PAPETERIE
29-09-2011,568803,85048,12,"7,95",, cuisine
30/03/2011,548257,20726,100,"1,45",13802.0,sac
05-08-2011,562537,23297,6,"1,65 EUR",12517.0, deco
18/10/2011,571671,22667,2,"2,95",16940.0, deco
13/05/2011,553045,20725,50,"1,65",12770.0,sac
05/05/2011,552025,23149,3,"2,49 EUR",13969.0,cuisine
11-10-2011,570499,23020,1,"12,50 EUR",12772.0,cuisine
28/11/2011,579094,22419,12,"0,42",,papeterie
17/08/2011,563557,21982,24,"0,29",,DIVERS
18/08/2011,563686,23206,40,"1,65 EUR",13098.0,SAC
03/12/2010,536975,22299,24,"1,25",14911.0,bijou
05-04-2011,549021,22055,8,"1,65",13468.0,cuisine
03-06-2011,555470,20725,10,"1,65",,sac
06/12/2010,C537398,22430,-1,"4,95",15426.0,divers
10-03-2011,546236,35913B,12,"0,85",12370.0, deco
05-10-2011,569679,23536,12,"5,35 EUR",16160.0,divers
10-04-2011,549558,21592,1,"1,25",15058.0, deco
17-11-2011,576909,23392,12,"2,08",12471.0,jouet
09/09/2011,566076,22117,99999,"2,95",12449.0,DECO
18-11-2011,577344,22236,3,"12,75",12437.0,cuisine
29/03/2011,548160,23000,24,"0,42 EUR",16253.0,SAC
05/10/2011,569653,23377,24,"0,39 EUR",12451.0,jouet
11/07/2011,559674,21165,24,"1,69",15856.0, deco
26/07/2011,561257,21714,36,"1,25",14911.0,JARDIN
19/10/2011,571737,22413,6,"2,95",14367.0,DECO
02/12/2010,C536817,22187,-1,"4,25",14156.0,divers
05/09/2011,565583,22176,6,"2,95",12816.0,JOUET
21/10/2011,572184,21770,2,"4,95",12403.0,papeterie
03/12/2010,536975,22946,2,"16,95",14911.0, divers
24-03-2011,547712,22849,1,"16,95 EUR",16905.0, divers
28/04/2011,551349,20971,12,"1,25",14740.0,deco
13-11-2011,576019,22845,2,"6,35",12865.0,DECO
20-11-2011,577479,23486,1,"16,65",, deco
29/11/2011,579503,23211,10,"1,25",17097.0,JOUET
10/11/2011,575729,23275,12,"1,25",17932.0, deco
12/12/2010,538397,22858,42,"1,65 EUR",12753.0,CUISINE
25/09/2011,568156,22386,10,"2,08",14367.0,sac
19-09-2011,567340,21213,24,"0,55",12540.0,CUISINE
20/10/2011,572069,22578,24,"0,29",14911.0,DECO
17-11-2011,577020,22697,6,"2,95 EUR",17147.0, cuisine
23/09/2011,568104,23298,2,"4,95",16485.0,CUISINE
14-12-2010,538826,21380,12,"2,95",12370.0, deco
13-10-2011,570881,22175,6,"2,95",12498.0,jouet
29/09/2011,568833,23318,5,"2,49",17348.0,DECO
20-05-2011,553931,21132,4,"4,25",14911.0,jouet
26/10/2011,572880,20757,3,"0,85 EUR",16415.0, jardin
27/10/2011,572986,23534,3,"5,95 EUR",12681.0, cuisine
24/11/2011,578541,21672,6,"1,45 EUR",14277.0,deco
31/05/2011,555147,23174,6,"4,15",13505.0,cuisine
18/11/2011,577355,22698,6,"2,95",14911.0, cuisine
12-05-2011,552952,71459,24,"0,85",13837.0, cuisine
06-10-2011,569893,23290,16,"1,25",12627.0, cuisine
25-03-2011,547815,POST,1,"40,00",,divers
10/12/2010,538174,22859,12,"1,65",12471.0, cuisine
06/12/2010,C537373,22423,-1,"12,75",14487.0,divers
31-08-2011,565067,22644,2,"1,45",15856.0,cuisine
08-06-2011,555931,22767,2,"9,95 EUR",17828.0,DECO
22/11/2011,577850,22966,12,"1,25",14911.0, divers
15-11-2011,576371,85123A,12,"2,95",14911.0, deco
21/02/2011,544470,22139,6,"4,95",12707.0,cuisine
24/11/2011,578541,21257,2,"7,95",14277.0, deco
06/12/2010,C537314,21349,-4,"6,75",13497.0,divers
04-05-2011,551869,20727,1,"1,65",16767.0,SAC
02/10/2011,569220,21380,4,"2,95",,deco
09/03/2011,546100,22666,6,"2,95",16572.0,CUISINE
08/03/2011,545996,21523,2,"7,95",14367.0,DECO
26/08/2011,564565,84926A,24,"0,29",14911.0,divers
18-05-2011,553686,22197,72,"0,85",14911.0, deco
04/09/2011,565423,21581,6,"2,25",12569.0,SAC
12-12-2010,538397,22664,30,"2,10",12753.0,jouet
13-11-2011,576051,22722,12,"3,95",14911.0,CUISINE
02/02/2011,543027,20974,24,"0,65",12414.0,papeterie
25/08/2011,564378,84030E,4,"4,25 EUR",12417.0,cuisine
28/04/2011,551467,20679,12,"5,95",,jardin
30/06/2011,558628,21716,16,"2,55 EUR",12626.0,CUISINE
15/02/2011,543997,21644,3,"1,25",17348.0, deco
15-04-2011,550255,48185,4,"7,95",13468.0,cuisine
18/11/2011,577157,21615,12,"1,25",12451.0, deco
05-10-2011,569715,22420,5,"0,42",15856.0,papeterie
10-01-2011,540550,85144,2,"7,25 EUR",12539.0,CUISINE
08/05/2011,552290,21929,1,"2,08 EUR",16007.0,sac
22-11-2011,577814,22111,3,"4,95",15106.0,CUISINE
09/12/2011,581578,84997B,8,"4,15",,cuisine
20/10/2011,571937,21528,12,"5,95",14911.0,divers
01-11-2011,573910,22631,12,"1,95",,DECO
29-09-2011,568901,22429,6,"4,25",15050.0, bijou
15/11/2011,576603,22623,3,"5,95",14911.0, jouet
16-06-2011,556953,48185,2,"7,95",14911.0,CUISINE
14-04-2011,550137,84356,12,"5,95",12477.0, divers
08/12/2010,537831,22900,5,"2,95",17894.0,CUISINE
11-09-2011,566271,22816,12,"0,42",14250.0,PAPETERIE
19/08/2011,563776,22211,12,"0,83",12600.0,jardin
17-08-2011,563557,22457,6,"2,95",15786.0,papeterie
17/05/2011,553547,20724,10,"0,85",12474.0,sac
09/12/2010,538009,22842,2,"6,75",14911.0, cuisine
22-02-2011,544657,22699,6,"2,95",14895.0, cuisine
02/08/2011,562046,21078,12,"0,85",12378.0, papeterie
30/06/2011,558628,23203,10,"2,08 EUR",12626.0,SAC
31/10/2011,573656,22720,3,"4,95",12417.0, cuisine
17-07-2011,560251,22423,1,"12,75",17774.0,CUISINE
25-09-2011,568137,21090,12,"0,39",12488.0,PAPETERIE
18/08/2011,563686,22704,25,"0,42",13098.0,PAPETERIE
18-11-2011,577161,21704,12,"0,85",18210.0,sac
07-10-2011,570016,85123A,6,"2,95",14911.0, deco
17-03-2011,546875,22405,12,"1,25 EUR",12514.0,deco
25/11/2011,578696,20725,10,"1,65",13985.0,sac
19/09/2011,567293,22730,4,"3,75 EUR",12640.0,deco
23/06/2011,557872,21977,24,"0,55",14911.0, cuisine
01/09/2011,565218,23245,4,"4,95",12739.0, cuisine
05-12-2011,580640,85034C,4,"1,25",16910.0,JARDIN
19/09/2011,567293,22645,12,"1,45",,CUISINE
20/05/2011,553935,21096,12,"0,39 EUR",15856.0,papeterie
06/05/2011,552176,20914,2,"2,95",17516.0,CUISINE
05/12/2010,537081,22940,16,"4,25",15332.0,divers
17/08/2011,563518,POST,2,"28,00 EUR",,DIVERS
28-10-2011,573153,20725,80,"1,65",12678.0, sac
05/05/2011,552025,22998,24,"0,42 EUR",13969.0, sac
08/06/2011,556105,22562,12,"1,25",13466.0,jouet
23/06/2011,557855,22884,2,"1,95",16806.0,deco
07-09-2011,565865,22726,12,"3,75",,deco
20/11/2011,577512,22294,24,"1,25 EUR",12523.0,DECO
27/01/2011,542303,35810A,6,"2,10",12539.0, cuisine
23-09-2011,568061,21260,1,"3,25",16910.0, cuisine
12/06/2011,556474,22467,1,"2,55",16007.0,DIVERS
27/02/2011,545053,22273,1,"2,95",17516.0,jouet
19/10/2011,571923,22663,10,"2,08",12685.0,sac
17-10-2011,571313,22061,8,"9,95",14156.0,CUISINE
28/03/2011,547892,22197,12,"0,85",12669.0, deco
26/05/2011,554842,22514,6,"2,10 EUR",14740.0,jardin
19/05/2011,553741,51014L,12,"0,85",12520.0,deco
25-05-2011,554650,23078,24,"1,25",12681.0,papeterie
09/01/2011,540519,20718,20,"1,25",12793.0, sac
23-06-2011,557885,22371,4,"4,25",12465.0,sac
11/10/2011,570666,23511,6,"2,08",13919.0, divers
18/02/2011,544390,22283,2,"7,95",14911.0, cuisine
19-07-2011,560590,23196,12,"1,45",12560.0,DECO
25/11/2011,578698,22816,12,"0,42",12620.0,papeterie
16-08-2011,563477,22726,1,"3,75",17097.0, deco
28/02/2011,545073,22423,1,"12,75",14036.0,cuisine
15-11-2011,576520,22910,4,"2,95",14467.0,papeterie
14/04/2011,550144,85099C,1,"2,08",16520.0, sac
24-11-2011,578541,23079,8,"8,95",14277.0, deco
18/02/2011,544399,22380,10,"2,10",12594.0,jouet
01-06-2011,555201,22955,6,"2,10",16969.0,cuisine
17/10/2011,571409,22540,24,"0,42",14911.0, jouet
23-09-2011,567968,23263,12,"1,25",12546.0,deco
22-09-2011,567929,21932,10,"1,65",12425.0, sac
20/07/2011,560635,23286,8,"0,85",12521.0,DECO
23/02/2011,544778,72351A,2,"2,10",14978.0,DECO
22/07/2011,560991,21788,24,"0,85",,DIVERS
29/09/2011,568833,16012,24,"0,21",17348.0,PAPETERIE
17/10/2011,571318,21704,72,"0,85",17404.0,SAC
27-09-2011,568493,23039,6,"1,95",12987.0, deco
15/08/2011,563239,22898,1,"1,95",15048.0,CUISINE
31/08/2011,564912,20685,2,"7,95 EUR",12490.0, deco
16/08/2011,563500,82578,15,"0,55",15856.0, cuisine
18/10/2011,571665,22163,24,"0,79",12540.0,bijou
04/09/2011,565444,23438,3,"1,25",17894.0,sac
29-09-2011,568829,23312,4,"4,15",17633.0, deco
21/11/2011,577733,23367,6,"0,65",15163.0, papeterie
12/05/2011,552957,84991,240,"0,55",17404.0, cuisine
24/11/2011,578541,22620,6,"1,45",14277.0,divers
20-09-2011,567424,23319,4,"2,49",16369.0,DECO
19/12/2010,539466,84509G,12,"1,25",,cuisine
05-06-2011,555569,84987,12,"1,45",12727.0,papeterie
03/06/2011,555410,22433,6,"1,95",16239.0,bijou
02/08/2011,562042,23319,12,"2,49 EUR",,DECO
04/12/2011,580511,22865,24,"2,10",12560.0,DECO
14/07/2011,560104,23198,1,"1,45 EUR",17921.0, cuisine
07-01-2011,540458,22333,8,"1,65",12501.0, sac
15/09/2011,566817,84879,160,"1,45",16160.0,jardin
28/08/2011,564735,82600,12,"2,10",15856.0, deco
25-01-2011,542102,21469,6,"3,75 EUR",12744.0, divers
18-11-2011,577157,21209,24,"0,39",,divers
18-11-2011,577316,47591D,8,"1,95",12578.0,CUISINE
24/10/2011,572499,23538,6,"4,95",15786.0,DECO
04-12-2011,580394,23145,36,"0,95",14397.0,DECO
29/09/2011,568953,22319,24,"0,65",12728.0,bijou
03/12/2010,536943,22738,1,"1,65 EUR",17884.0, divers
17-02-2011,544304,22421,6,"0,42 EUR",18125.0,papeterie
03/03/2011,545536,POST,3,"15,00",, divers
14/09/2011,566625,48187,2,"8,25",14911.0,DECO
25-11-2011,578811,22326,12,"2,95",12438.0,deco
14/03/2011,546520,21790,12,"0,85",14911.0, papeterie
17/10/2011,571318,22720,96,"4,95",17404.0,CUISINE
25-09-2011,568137,22746,6,"2,10",12488.0,JOUET
28-10-2011,573173,23319,12,"2,49",12362.0,DECO
23-09-2011,567968,22750,4,"3,75",12546.0, jouet
11-08-2011,563037,22554,12,"1,65",12362.0,CUISINE
07/10/2011,570009,23373,12,"0,82",14138.0,SAC
20/10/2011,572061,21094,24,"0,85",12474.0, papeterie
23-06-2011,557878,85049D,4,"1,25",16940.0,divers
14-07-2011,559986,21238,8,"0,85",15256.0, cuisine
02/09/2011,565289,21755,3,"5,95",14911.0,divers
02-08-2011,562045,23293,8,"0,83",12644.0,cuisine
25-02-2011,545019,22030,36,"0,42",15093.0,PAPETERIE
20-09-2011,567424,22082,25,"1,65",16369.0, deco
18/10/2011,571705,84997A,8,"4,15",12360.0,CUISINE
12/06/2011,556474,23110,2,"5,75",16007.0,DIVERS
20/11/2011,577524,22573,1,"0,85",16905.0, deco
17-10-2011,571461,21034,3,"0,95",16932.0,sac
17/11/2011,576910,22189,4,"3,95",12477.0,papeterie
30/11/2011,579629,23321,2,"1,65",14963.0, deco
25/05/2011,554556,22402,12,"1,25",13098.0,deco
29/09/2011,568953,22109,4,"3,75 EUR",12728.0,CUISINE
08-09-2011,565930,21710,4,"4,95",12685.0,JARDIN
29-09-2011,568901,21034,1,"0,95",15050.0,sac
16/05/2011,553344,84997C,18,"4,15",14952.0,cuisine
13/10/2011,570964,22578,12,"0,29",12766.0, deco
07-06-2011,555858,21471,6,"3,75",14911.0,DIVERS
15-08-2011,563241,20728,30,"1,65",12758.0, sac
16/05/2011,553375,84968E,6,"12,75",14911.0,cuisine
01/12/2010,C536379,D,-1,"27,50",14527.0,divers
17/04/2011,550313,22427,3,"5,95",12681.0, jardin
03/10/2011,569332,23388,1,"4,15",12637.0,divers
17-04-2011,550314,22191,1,"8,50",16905.0,deco
23/06/2011,557803,POST,1,"40,00 EUR",12704.0,divers
25/10/2011,572742,22909,12,"0,85",14341.0, cuisine
27-05-2011,554854,21592,24,"1,25",16369.0,DECO
11/05/2011,552844,21731,24,"1,65 EUR",12649.0, deco
09/11/2011,575334,23084,6,"2,08",14493.0, jouet
18/07/2011,560360,23100,24,"1,25",12744.0,deco
05/12/2010,C537164,D,-1,"29,29",14527.0,divers
22-09-2011,567701,21352,12,"2,95 EUR",17172.0,DECO
27-04-2011,551187,22379,50,"1,85",14911.0,SAC
23-05-2011,554134,22434,8,"1,95",,jouet
07/07/2011,559298,23320,12,"2,89",12471.0,DIVERS
23-09-2011,568095,90166,3,"4,25",14911.0,BIJOU
09/09/2011,566200,21916,2,"0,42",16910.0,PAPETERIE
02/10/2011,569220,23379,12,"0,39",16007.0, divers
01-11-2011,573901,22578,24,"0,29",14191.0,deco
26/08/2011,564670,22974,12,"1,65",12683.0,CUISINE
19/10/2011,571737,22947,6,"7,95 EUR",14367.0,DIVERS
14/11/2011,576246,23300,1,"1,65",17566.0,cuisine
12-05-2011,552975,22423,2,"12,75",17932.0, cuisine
02-06-2011,555383,20723,3,"0,85",12517.0, sac
31-01-2011,542713,37447,12,"1,49",12668.0,CUISINE
04-12-2011,580514,23482,12,"1,65",16905.0, deco
19-05-2011,553739,82484,6,"7,95",14895.0,DIVERS
05-09-2011,565665,21165,48,"1,45",15856.0,deco
02-08-2011,562045,23198,12,"1,45",12644.0,cuisine
30/10/2011,573362,22669,5,"2,95",12597.0, cuisine
20-01-2011,541631,21509,12,"0,42",12637.0,PAPETERIE
04-12-2011,580514,22865,3,"2,10 EUR",16905.0,deco
28-11-2011,579069,23025,6,"2,08",, cuisine
19/05/2011,553901,22652,10,"1,65",14911.0,DIVERS
28/07/2011,561669,23294,128,"0,72",12507.0, cuisine
09-01-2011,540520,22983,12,"0,42 EUR",17555.0, papeterie
01/12/2010,C536391,21984,-24,"0,29",17548.0,divers
18/11/2011,577152,22352,6,"2,55",14277.0, cuisine
23/09/2011,568095,22181,12,"0,85",14911.0,deco
19-01-2011,541518,22859,24,"1,65",12451.0,cuisine
02-09-2011,565295,47559B,10,"1,25",,CUISINE
03/05/2011,551556,23050,2,"8,25",14191.0,DIVERS
10/01/2011,540642,22661,10,"0,85",12681.0,sac
22/09/2011,567846,21485,3,"4,95",13486.0, cuisine
21/11/2011,577793,48111,2,"8,25",13468.0, deco
01-05-2011,551531,22135,12,"0,42",15376.0,DECO
11/08/2011,563023,48187,2,"7,95 EUR",14639.0,deco
12-10-2011,570839,84978,12,"1,25",14911.0,CUISINE
17/10/2011,571409,22541,24,"0,42 EUR",14911.0,jouet
09-09-2011,566076,84086C,6,"2,95",12449.0, divers
15-12-2010,539007,22111,4,"4,95",17894.0,cuisine
27-01-2011,542393,85039A,1,"1,65",18125.0,cuisine
30/11/2011,579629,23240,1,"4,15",14963.0,CUISINE
24/06/2011,558045,23256,4,"4,15",12615.0,cuisine
31-01-2011,542713,22449,6,"3,35 EUR",12668.0,sac
03/03/2011,545515,22027,12,"0,42",12727.0,PAPETERIE
26-09-2011,568310,23180,4,"4,95",14911.0,CUISINE
20-10-2011,572065,22557,5,"1,65",12556.0,cuisine
11-10-2011,570637,23344,20,"2,08 EUR",12530.0,SAC
17-03-2011,546910,20725,4,"1,65",13969.0,sac
08-06-2011,556102,21989,12,"0,85",13115.0, papeterie
18-11-2011,577316,23295,16,"0,83",12578.0, cuisine
26-09-2011,568221,22991,12,"1,95",14911.0,divers
21/02/2011,544495,21844,6,"2,95",12766.0, cuisine
04/05/2011,551820,20726,10,"1,65",12645.0,SAC
06-12-2010,537378,22119,6,"6,95",,DIVERS
14-12-2010,538707,21429,1,"1,65",17894.0,bijou
18/08/2011,563712,22712,12,"0,42",12680.0,papeterie
02/12/2010,C536817,71477,-1,"3,25",,divers
17-08-2011,563557,23308,24,"0,55",15786.0,CUISINE
07/04/2011,549249,23004,24,"0,42",12423.0,SAC
24/07/2011,561067,23144,12,"0,83",14397.0,deco
11/10/2011,570674,22469,12,"1,65",14911.0,deco
29/09/2011,568782,22380,15,"2,10",13985.0,jouet
17/08/2011,563558,22086,12,"2,95",14156.0,PAPETERIE
13-10-2011,570964,22411,10,"2,08 EUR",12766.0,sac
01-11-2011,573901,22579,24,"0,29",14191.0,JARDIN
08-03-2011,545937,23187,12,"1,25",12758.0, cuisine
31/07/2011,561870,20754,6,"2,10",14911.0,divers
16/02/2011,544115,21086,12,"0,65",,papeterie
03/03/2011,545536,POST,3,"15,00",, divers
22/09/2011,567899,21892,12,"1,25",14911.0,cuisine
05/10/2011,569715,22059,2,"1,49 EUR",15856.0,cuisine
09-12-2010,538040,22577,6,"0,85",16520.0,DECO
19-05-2011,553741,22712,12,"0,42",12520.0, papeterie
19/10/2011,571913,84378,12,"1,45",18210.0,DECO
03-12-2010,536943,22739,1,"1,65 EUR",17884.0, deco
07/09/2011,565857,22550,6,"3,75",14911.0,DIVERS
31-03-2011,548489,72760B,4,"9,95 EUR",12619.0,cuisine
08/06/2011,555947,20840,12,"0,85 EUR",14911.0,DECO
11-10-2011,570672,21555,6,"2,55",12536.0,DIVERS
27/07/2011,561471,23302,24,"1,65",14911.0,DECO
02/12/2011,580140,21232,12,"1,25",14895.0, deco
08/06/2011,555945,22849,4,"14,95",17409.0,DIVERS
20-09-2011,567370,22952,24,"0,55",14236.0,cuisine
23/09/2011,568095,22065,12,"1,45",14911.0, divers
10/06/2011,556434,22423,6,"12,75",14895.0,cuisine
09/09/2011,566213,23013,4,"3,95",14895.0,CUISINE
20/10/2011,572087,21946,12,"0,85",12683.0,deco
04/10/2011,569496,23390,4,"4,15",12395.0,JOUET
11-10-2011,570672,21164,6,"2,95",12536.0,deco
20/10/2011,572092,21379,6,"1,25 EUR",17125.0,divers
03/05/2011,551544,POST,4,"18,00",12683.0, divers
27/06/2011,558200,82582,2,"2,10",15976.0, deco
02-10-2011,569220,23403,2,"3,75",16007.0,DECO
03/05/2011,551539,84997D,8,"4,15 EUR",12598.0,cuisine
07/12/2011,581006,22114,8,"4,25",14911.0, cuisine
11-10-2011,570672,22530,24,"0,42",12536.0,jouet
17/10/2011,571328,22044,48,"0,19 EUR",12473.0,PAPETERIE
22-03-2011,547387,22904,6,"2,95",12539.0, papeterie
17/10/2011,571328,22376,4,"4,25",12473.0, sac
26/05/2011,554770,22407,12,"1,25 EUR",14911.0,deco
31-05-2011,555095,21918,24,"0,42",12540.0,PAPETERIE
28-09-2011,568654,23413,3,"4,95",14911.0,cuisine
08/03/2011,545937,22472,3,"4,95",12758.0, jouet
24/11/2011,578472,22440,20,"0,42 EUR",, jouet
20/10/2011,572069,72817,24,"0,79",14911.0, deco
02/08/2011,562046,23252,4,"3,75",12378.0, deco
18-11-2011,577152,22908,12,"0,85",14277.0,CUISINE
01-03-2011,545310,21650,7,"0,65",15456.0,BIJOU
06-01-2011,540365,20679,3,"5,95",12413.0, jardin
03-05-2011,551616,22523,1,"0,85",15048.0,JARDIN
24/02/2011,544833,22854,4,"4,95",15974.0,cuisine
25-07-2011,561194,23308,24,"0,55",13814.0,cuisine
01/07/2011,558644,C2,1,"50,00",14156.0,DIVERS
15/08/2011,563241,23350,12,"1,25",, papeterie
14/11/2011,576141,22110,6,"2,55",14911.0, cuisine
12-06-2011,556469,22385,30,"2,08",12516.0,sac
17/11/2011,577061,21484,4,"4,25",14911.0, cuisine
01/06/2011,555162,21499,25,"0,42 EUR",12473.0,PAPETERIE
18/11/2011,577152,21080,12,"0,85",14277.0, papeterie
23-11-2011,578120,22865,24,"2,10",14493.0,DECO
22/09/2011,567924,22556,12,"1,65",12471.0,cuisine
09-06-2011,556201,51014C,12,"0,85",12347.0,divers
26-10-2011,572880,22579,5,"0,29 EUR",16415.0,jardin
18/08/2011,563709,23144,3,"0,83 EUR",,DECO
13/12/2010,538525,22023,12,"0,42",12540.0, papeterie
09-12-2010,538008,22976,12,"1,25",12683.0, cuisine
28-06-2011,558335,22726,4,"3,75",17442.0,DECO
08-03-2011,545918,22919,24,"0,65",16917.0,DIVERS
30-10-2011,573391,22759,12,"1,65",,papeterie
27/09/2011,568472,21680,12,"0,85",12517.0, papeterie
20/12/2010,539488,22713,12,"0,42",12377.0,PAPETERIE
22/03/2011,547387,22692,2,"7,95",12539.0,DECO
24-08-2011,564360,POST,3,"18,00 EUR",12471.0,divers
07-12-2011,581006,22283,4,"7,95",14911.0,CUISINE
15/03/2011,546678,21239,8,"0,85",12681.0,cuisine
09-12-2010,538095,22914,1,"4,95",17097.0,DIVERS
04/05/2011,551820,22554,12,"1,65",12645.0,cuisine
14/08/2011,563230,84356,2,"6,95",15376.0, divers
02/08/2011,562032,22374,4,"4,25",12347.0, sac
07-04-2011,549242,22178,12,"1,25",14911.0, cuisine
09/03/2011,546135,22957,6,"2,95 EUR",12388.0,PAPETERIE
04-04-2011,548743,22087,12,"2,95",14895.0,papeterie
10/06/2011,556318,22326,6,"2,95",16767.0,deco
10/11/2011,575603,23265,2,"1,25 EUR",18125.0,JARDIN
04-09-2011,565416,47590A,3,"5,45",12710.0,CUISINE
08-07-2011,559418,22976,12,"1,25",12681.0,cuisine
21/08/2011,563926,21221,10,"1,25",12553.0,DIVERS
11-10-2011,570672,84879,8,"1,69",12536.0,JARDIN
28-08-2011,564746,23084,24,"1,79",17633.0,JOUET
19-10-2011,571745,22835,4,"4,95",14911.0, cuisine
14-12-2010,538826,22568,2,"3,75",12370.0,deco
02/12/2010,536617,79321,24,"4,25",13941.0,DECO
31/03/2011,548496,22431,1,"1,95",, bijou
31/08/2011,564856,22377,5,"2,10",12477.0,sac
18/03/2011,547005,22570,4,"3,75",12474.0, jouet
24-08-2011,564337,10125,20,"0,85 EUR",12649.0,deco
31-01-2011,542621,37501,3,"6,95",, cuisine
08-06-2011,555937,23159,24,"2,08",12683.0,cuisine
17-02-2011,544302,22326,6,"2,95",12654.0,DECO
17-03-2011,546875,22634,4,"9,95",12514.0, jouet
19/05/2011,553739,23165,12,"1,65",14895.0,CUISINE
23-05-2011,554134,22090,40,"2,55",12583.0, papeterie
14/11/2011,576246,22818,12,"0,42",17566.0,papeterie
11-10-2011,570637,22077,99999,"1,95",12530.0,DIVERS
03/05/2011,551724,23131,2,"4,15",15976.0,DECO
22/08/2011,564039,22534,24,"0,42 EUR",12645.0,JOUET
04/12/2011,580511,22692,4,"8,25",12560.0, deco
01/02/2011,542777,84992,24,"0,55",14911.0, cuisine
18-03-2011,546993,22296,4,"1,65 EUR",17921.0,DECO
06/12/2010,C537232,84840,-2,"8,50",12586.0,divers
13-05-2011,553143,21955,2,"7,95",12695.0, jardin
14/10/2011,571215,20682,6,"3,25",13810.0,jardin
13-04-2011,549953,21981,24,"0,29",12766.0, divers
04-10-2011,569406,22531,24,"0,42 EUR",16253.0,DIVERS
11/10/2011,570680,22080,3,"1,65 EUR",,divers
22/11/2011,578079,21930,10,"2,08",13985.0,SAC
18-03-2011,546993,85123A,5,"2,95 EUR",17921.0,DECO
03-11-2011,574093,21212,24,"0,55",12437.0,CUISINE
08/07/2011,559362,21576,6,"2,25 EUR",12635.0,sac
22/02/2011,544657,21531,6,"2,55",14895.0,cuisine
08-07-2011,559418,22894,2,"9,95",12681.0,DECO
09/09/2011,566213,23359,12,"1,95",14895.0, deco
15/11/2011,576593,22639,4,"2,55",15720.0, cuisine
27/01/2011,542303,85144,2,"7,25 EUR",12539.0,cuisine
17/10/2011,571442,23355,2,"4,95",17049.0,CUISINE
19/07/2011,560590,22963,12,"0,85",,CUISINE
24/11/2011,578472,22080,10,"1,65",12476.0, divers
15-06-2011,556822,21212,24,"0,55",17155.0, cuisine
04-04-2011,548743,22087,12,"2,95",14895.0,papeterie
13/06/2011,556500,23174,4,"4,15",13468.0,cuisine
18/03/2011,546924,22262,60,"0,85",14059.0,cuisine
22/09/2011,567929,22139,3,"4,95",12425.0, cuisine
23-09-2011,568056,23207,10,"1,65 EUR",12705.0,sac
03/12/2010,536975,22299,24,"1,25",14911.0,bijou
06/12/2010,C537379,22865,-10,"2,10",15882.0,divers
31/01/2011,542621,21232,12,"1,25",12528.0, deco
22/09/2011,567846,82482,6,"2,95",13486.0,DECO
07/09/2011,565802,22673,12,"1,25",17573.0,JARDIN
15/09/2011,566817,21313,96,"0,64",16160.0,cuisine
18/01/2011,541491,21914,12,"1,25",12510.0,deco
21-06-2011,557525,22435,12,"1,25 EUR",12759.0,jouet
17/11/2011,577065,46000S,4,"1,45",13890.0,DIVERS
19-07-2011,560445,21984,96,"0,29",14156.0, divers
01/12/2010,C536548,20914,-1,"2,95",12472.0,divers
07/06/2011,555739,20724,10,"0,85",12380.0,sac
01-07-2011,558639,23206,10,"1,65",13492.0,SAC
23-06-2011,557878,20726,6,"1,65",16940.0,sac
23/09/2011,568048,23311,6,"2,55 EUR",14911.0,DECO
07-09-2011,565844,23191,12,"1,65",17442.0,divers
05/12/2010,537133,22480,1,"1,25",18156.0,CUISINE
22-08-2011,564058,23205,10,"0,85 EUR",17676.0,sac
20/10/2011,572065,21349,1,"6,75",, deco
14/04/2011,550162,37450,12,"2,95",12569.0,CUISINE
18/10/2011,571559,22773,12,"1,25",14911.0, deco
07/04/2011,549233,51014A,96,"0,85",14912.0,DIVERS
09/02/2011,543484,21746,12,"1,25 EUR",12721.0,JARDIN
06/12/2010,C537402,22849,-4,"14,95",15502.0,divers
01-07-2011,558647,21934,10,"1,65 EUR",14868.0,sac
26/04/2011,551054,22041,6,"2,55",12429.0,DECO
19-09-2011,567206,48184,2,"8,25",13562.0, jardin
22/08/2011,564079,21930,10,"2,08",12627.0,sac
30/03/2011,548257,48184,10,"6,75",13802.0, jardin
03/08/2011,562163,85123A,12,"2,95",, deco
10/06/2011,556283,23227,24,"1,25",15628.0,deco
18/08/2011,563709,23129,4,"4,15",15472.0,deco
11/02/2011,543737,21216,20,"4,95",12477.0,CUISINE
23/10/2011,572280,23307,2,"0,55",16007.0,cuisine
11/10/2011,570672,21915,12,"1,25",12536.0,deco
04/05/2011,551868,22620,12,"1,45",12540.0,DIVERS
21-07-2011,560875,48138,4,"7,95",13562.0,DECO
19-01-2011,541567,20750,4,"7,95 EUR",12681.0, divers
29/03/2011,548185,22138,3,"4,95",15628.0,cuisine
28/11/2011,579134,16161U,25,"0,42",,PAPETERIE
28/04/2011,551467,20726,10,"1,65",12600.0,sac
13-12-2010,538636,21671,12,"1,25",14639.0,deco
27/10/2011,573036,POST,2,"18,00",12437.0,divers
19/09/2011,567306,20970,36,"3,39",12752.0, sac
14/02/2011,543911,22112,6,"4,95",17829.0,CUISINE
23-05-2011,554147,21746,12,"1,25",12423.0,JARDIN
03-06-2011,555413,21680,6,"0,85",17994.0,papeterie
21/08/2011,563913,85099B,20,"2,08",14911.0,SAC
07-01-2011,540458,22319,12,"0,65",12501.0, bijou
22/11/2011,578054,C2,1,"50,00 EUR",14911.0, divers
07-01-2011,540469,21289,16,"1,25",12484.0,sac
05-12-2011,580685,23583,10,"1,65 EUR",17676.0, sac
01/12/2011,579927,22698,6,"2,95",12572.0, cuisine
09/12/2010,538053,82580,25,"0,55",15856.0,deco
04-08-2011,562370,23240,6,"4,15",12626.0, cuisine
06/12/2011,580979,23255,4,"4,15",12362.0,CUISINE
05-05-2011,552013,85049D,12,"1,25 EUR",12451.0,divers
21-10-2011,572188,22112,48,"4,25",14967.0,CUISINE
08/06/2011,556102,22492,36,"0,65",13115.0,deco
07/01/2011,540410,84078A,4,"34,95",12530.0, divers
19/07/2011,560590,22999,24,"0,42",12560.0, sac
24/10/2011,572528,23004,48,"0,42 EUR",13176.0, sac
22/03/2011,547327,22976,12,"1,25",12681.0,cuisine
17/10/2011,571318,22492,576,"0,65",17404.0, deco
18/10/2011,571698,84535B,144,"0,42",13805.0,PAPETERIE
22-11-2011,578004,23479,1,"7,85",17155.0,CUISINE
05-10-2011,569715,22419,5,"0,42 EUR",15856.0, papeterie
27-07-2011,561471,23209,20,"1,65 EUR",14911.0,SAC
10/11/2011,575493,22941,4,"8,50",18210.0,deco
03/12/2010,536975,84559B,12,"0,85",14911.0,PAPETERIE
20-01-2011,541649,84508B,6,"2,55",17418.0,jouet
04-02-2011,543179,22544,1,"0,42",12754.0,jouet
31-05-2011,555095,23190,12,"1,65",12540.0, divers
03-10-2011,569336,23245,4,"4,95",15088.0, cuisine
27/10/2011,572925,23511,6,"2,08",12523.0,DIVERS
20/09/2011,567428,84029E,4,"4,25",14911.0, deco
06/12/2011,580734,23582,20,"2,08 EUR",12766.0,SAC
15/08/2011,563241,20725,20,"1,65",12758.0,sac
07/09/2011,565865,20979,16,"1,25",12637.0, papeterie
08/05/2011,552277,21327,1,"1,65",13642.0,CUISINE
27-02-2011,545071,85036A,1,"4,25",15996.0,jardin
14-04-2011,550148,18097C,6,"2,55 EUR",16882.0, deco
26/05/2011,554770,22749,4,"3,75 EUR",14911.0,jouet
13-01-2011,541003,22271,6,"2,95 EUR",15835.0,JOUET
27/01/2011,542393,85039A,1,"1,65",18125.0,cuisine
02/12/2010,C536814,85066,-2,"12,75",13958.0,divers
14-01-2011,541139,22132,12,"0,85",15213.0,CUISINE
21/12/2010,539722,20752,18,"2,10",14911.0,DIVERS
28/04/2011,551346,37495,4,"3,75",12362.0,CUISINE
08/12/2011,581218,23552,6,"2,08",14191.0,divers
24/10/2011,572442,48194,2,"8,25",,DECO
11/11/2011,575845,22610,36,"0,19",12598.0,DIVERS
18/08/2011,563709,84879,8,"1,69 EUR",15472.0, jardin
19-05-2011,553739,82484,6,"7,95",14895.0,DIVERS
11/11/2011,575767,84199,1,"0,21",17348.0, divers
14-11-2011,576245,22941,2,"8,50",,deco
02-08-2011,562045,22961,12,"1,45",12644.0, divers
06-10-2011,569799,22562,12,"1,25",13602.0,jouet
20/11/2011,577502,23390,4,"4,15 EUR",12598.0,JOUET
18/10/2011,571671,20726,4,"1,65 EUR",16940.0, sac
11/11/2011,575886,23581,3,"2,08",12517.0, sac
22/03/2011,547387,22675,12,"1,25",12539.0,cuisine
07/12/2011,581003,21912,12,"3,75",14911.0, deco
11/10/2011,570555,21523,2,"8,25",17119.0,DECO
17-10-2011,571409,22669,5,"2,95",14911.0,CUISINE
05-04-2011,548968,22557,24,"1,65",12744.0,CUISINE
02/12/2011,580153,22923,120,"0,72 EUR",12762.0,divers
28/04/2011,551462,22151,24,"0,42",15210.0,cuisine
06/12/2010,C537383,21658,-1,"3,95",16550.0,divers
04/12/2011,580511,22692,4,"8,25",12560.0, deco
11-11-2011,575750,72817,24,"0,79",12600.0, deco
15-08-2011,563353,23289,8,"1,25",15480.0, cuisine
29/07/2011,561798,22423,4,"12,75",14911.0,cuisine
07/01/2011,540404,21509,12,"0,42",12947.0,papeterie
02/08/2011,562046,21537,4,"4,25",12378.0,CUISINE
20/12/2010,539607,21883,24,"0,19",,DECO
23-09-2011,567968,85204,96,"0,12",12546.0,jardin
20/11/2011,577429,21287,72,"0,38",14881.0, deco
30/10/2011,573337,48188,10,"7,08",17018.0,DECO
24/10/2011,572544,20969,1,"3,75",16023.0, sac
06/01/2011,540365,21055,3,"8,95",12413.0, jouet
22/11/2011,578043,23388,4,"4,15 EUR",12474.0,divers
28-10-2011,573153,22326,96,"2,55",12678.0, deco
02-10-2011,569220,20723,1,"0,85",16007.0, sac
08-06-2011,556042,21985,12,"0,29 EUR",14367.0,deco
15/02/2011,544075,23232,200,"0,34",14156.0, papeterie
28/09/2011,568650,22489,24,"0,42",13505.0,divers
06/12/2010,C537320,35400,-1,"8,95",14867.0,divers
07/09/2011,565916,22697,6,"2,95",14156.0, cuisine
01/12/2011,580092,22338,18,"0,65",13969.0,deco
28/09/2011,568699,POST,1,"40,00",12352.0,DIVERS
22/05/2011,554106,21058,12,"0,85",12710.0,DIVERS
08/07/2011,559362,23290,8,"1,25",12635.0, cuisine
20/09/2011,567368,22799,2,"8,50",17147.0,cuisine
29/03/2011,548178,84991,24,"0,55",14367.0,cuisine
26/08/2011,564670,23231,25,"0,42",12683.0, papeterie
22-12-2010,539829,22223,24,"1,95",12734.0,cuisine
26/10/2011,572911,22578,20,"0,29 EUR",,deco
14-11-2011,576245,22379,10,"2,10",12553.0, sac
27-11-2011,578926,22866,1,"2,10",18156.0, deco
02/12/2010,C536825,22617,-1,"4,95",15384.0,divers
02/06/2011,555383,21933,4,"1,65",12517.0, sac
01-12-2011,580137,22464,2,"1,65",17566.0,DECO
23/06/2011,557957,22925,2,"5,95",13969.0, jardin
01/07/2011,558687,20723,30,"0,85",12598.0,sac
02/12/2011,580140,22846,1,"16,95",14895.0,divers
14/02/2011,543911,85150,24,"2,55",17829.0,deco
23/10/2011,572307,23131,18,"4,15",16905.0,deco
14-04-2011,550137,48184,6,"7,95",12477.0, jardin
19-01-2011,541567,22437,20,"0,85",12681.0,jouet
20/07/2011,560635,22839,1,"14,95",12521.0,cuisine
19-07-2011,560445,71459,144,"0,72",14156.0,CUISINE
09-09-2011,566163,23201,10,"2,08",12637.0,sac
13-04-2011,549988,21485,2,"4,95",14367.0,cuisine
07-12-2011,581182,23108,4,"6,25",12783.0,JOUET
05-05-2011,552013,22634,4,"9,95",12451.0,jouet
21-02-2011,544572,22171,2,"8,50 EUR",14639.0,DECO
18/08/2011,563688,21932,10,"1,65",16767.0,SAC
06/07/2011,559135,21086,12,"0,65",12455.0,PAPETERIE
29/11/2011,579401,82494L,6,"2,95 EUR",,DECO
24/03/2011,547712,22699,1,"2,95 EUR",16905.0, cuisine
12/04/2011,549825,21791,12,"1,25",12463.0,PAPETERIE
09/05/2011,552325,POST,2,"18,00 EUR",12490.0,DIVERS
28-02-2011,545086,POST,1,"18,00",12678.0,divers
25/01/2011,541991,22962,12,"0,85",12417.0,CUISINE
29/09/2011,568994,23390,4,"4,15",12598.0,JOUET
29/09/2011,568994,22610,36,"0,19",12598.0, divers
27-05-2011,554854,22456,6,"4,95 EUR",16369.0, papeterie
17/10/2011,571461,72807B,1,"4,25",16932.0,BIJOU
19-07-2011,560454,22568,4,"3,75",12947.0,DECO
01-05-2011,551531,85159B,4,"1,95",15376.0, cuisine
05/12/2011,580630,23444,1,"15,00",12913.0, divers
09-11-2011,575486,21189,12,"1,65",14911.0,papeterie
18-07-2011,560300,21497,25,"0,42",14911.0,PAPETERIE
23-05-2011,554132,23256,4,"4,15",12360.0, cuisine
31/03/2011,548450,21165,24,"1,69",15856.0, deco
16/02/2011,544097,84843,2,"5,95",12455.0,CUISINE
24-03-2011,547712,22697,1,"2,95",,CUISINE
11-05-2011,552839,23298,6,"4,95",14367.0, cuisine
03/12/2010,C536979,84685,-1,"3,75",17841.0,divers
19/05/2011,553749,22469,36,"1,65",13468.0, deco
10/10/2011,570448,22571,12,"0,85 EUR",13224.0,jouet
31-10-2011,573581,23198,12,"1,45",,cuisine
28/11/2011,579094,22419,12,"0,42",,papeterie
04/12/2011,580527,22230,2,"0,29",13736.0,JOUET
27-01-2011,542278,84692,25,"0,42",,jardin
26/07/2011,561332,48187,8,"7,95",13492.0, deco
21/07/2011,560891,22287,24,"0,39",15106.0,DECO
24/11/2011,578469,84012,72,"0,85",12471.0,papeterie
10-10-2011,570388,22960,6,"4,25",14911.0,cuisine
23-09-2011,568061,82483,1,"6,95",, divers
01/12/2011,580092,21810,11,"1,25",13969.0, deco
22-02-2011,544657,21843,4,"10,95 EUR",14895.0,CUISINE
12-06-2011,556494,22417,1,"0,55",17802.0,cuisine
27/07/2011,561388,22899,50,"1,85 EUR",12753.0,CUISINE
09-09-2011,566115,22326,12,"2,95",12674.0, deco
17/01/2011,541271,22262,12,"0,85",12388.0, cuisine
02/12/2010,C536737,22798,-2,"2,95",15922.0,divers
30-03-2011,548212,22492,36,"0,65",12456.0,deco
07-11-2011,574745,35953,48,"0,39 EUR",14911.0,DECO
07-10-2011,570007,23273,12,"1,65",12519.0, deco
09/11/2011,575193,23208,10,"1,65",12681.0,SAC
02/11/2011,574068,22619,4,"3,75",12490.0,JOUET
27-01-2011,542373,22621,12,"1,45 EUR",16767.0, cuisine
05-10-2011,569652,22470,6,"2,95",15628.0, deco
11/05/2011,552710,22819,12,"0,42",,papeterie
06/12/2010,C537383,22197,-1,"0,85",16550.0,divers
10/11/2011,575728,16161G,25,"0,10",14911.0,PAPETERIE
28-01-2011,542586,22449,6,"3,35",12377.0,SAC
21/11/2011,577732,22684,10,"1,25",15093.0,DECO
13/10/2011,571030,22303,12,"2,55",12876.0,CUISINE
04-08-2011,562340,21033,10,"2,08",, sac
18/10/2011,571676,85032B,1,"0,65",16910.0, papeterie
08-12-2010,537855,22968,1,"9,95",15996.0, jardin
05/01/2011,540178,20975,24,"0,65 EUR",12681.0, papeterie
19/08/2011,563749,22814,12,"0,42 EUR",12360.0,PAPETERIE
07/08/2011,562589,22457,12,"2,95",15198.0, papeterie
24-08-2011,564356,22356,3,"0,85",13969.0,SAC
25-07-2011,561085,20728,10,"1,65",14367.0, sac
03-11-2011,574090,21918,24,"0,42 EUR",17442.0,PAPETERIE
02-12-2010,536839,22027,12,"0,42 EUR",15093.0,papeterie
31-07-2011,561902,23242,48,"2,08 EUR",17404.0,CUISINE
14/08/2011,563227,22067,36,"1,45",14301.0,DIVERS
23/06/2011,557855,22883,2,"1,95",16806.0,DECO
12/10/2011,570718,22530,24,"0,42",12518.0,JOUET
04/12/2011,580512,22555,12,"1,65 EUR",,CUISINE
24/11/2011,578662,23171,1,"1,65",17516.0,cuisine
17-11-2011,577039,21591,24,"1,25",12539.0,DECO
14/10/2011,571227,21257,6,"7,95",12477.0,deco
20/07/2011,560728,22378,5,"2,10",12520.0, divers
29/09/2011,568788,85123A,2,"2,95 EUR",17894.0,deco
17/10/2011,571409,20679,3,"5,95",14911.0,jardin
01/06/2011,555263,21240,8,"0,85",,CUISINE
03-12-2010,537030,22570,8,"3,75",16455.0, jouet
01/09/2011,565218,22963,24,"0,85",12739.0, cuisine
17/04/2011,550314,21878,1,"0,85",16905.0, divers
09/12/2011,581578,22549,24,"1,45",12713.0,divers
07/10/2011,570126,51014C,12,"0,39",16910.0,divers
28/07/2011,561631,84991,24,"0,55",14911.0, cuisine
30/11/2011,579545,22384,20,"1,65",13098.0,SAC
25-07-2011,561085,22079,10,"1,65 EUR",14367.0,deco
01-12-2010,536540,85135B,2,"7,95 EUR",14911.0,DIVERS
01-06-2011,555162,22740,48,"0,85",12473.0, divers
11-07-2011,559680,22928,2,"5,95",12717.0,JARDIN
19/10/2011,571913,22215,4,"8,50",18210.0,cuisine
04/05/2011,551869,22713,12,"0,42",16767.0,papeterie
24/11/2011,578349,22593,24,"0,85",14539.0, deco
08-06-2011,556060,22720,48,"4,25",14911.0, cuisine
13/11/2011,576051,20674,8,"1,25 EUR",14911.0, cuisine
11-08-2011,562960,21993,12,"1,25",14911.0,DIVERS
24-07-2011,561077,23245,4,"4,95",17649.0,CUISINE
09-06-2011,556214,21212,24,"0,55",14913.0,CUISINE
07/10/2011,570002,82580,36,"0,55",12477.0,deco
09/12/2011,581494,23367,24,"0,65",12518.0, papeterie
30-06-2011,558623,23307,24,"0,55",12395.0,cuisine
01/12/2011,580137,21733,5,"2,95",17566.0, deco
02/12/2010,C536814,21586,-12,"2,55",13958.0,divers
25/10/2011,572567,22492,36,"0,65",12398.0,deco
19/07/2011,560590,85053,6,"2,10 EUR",12560.0,DECO
11-10-2011,570638,21191,4,"2,10",,PAPETERIE
11/01/2011,540838,21873,12,"1,25",13862.0,CUISINE
10/01/2011,540642,16236,28,"0,21 EUR",12681.0,PAPETERIE
05/12/2010,C537143,20685,-1,"7,95",12748.0,divers
28/02/2011,545086,22736,10,"1,65",12678.0, divers
24-10-2011,572472,23247,6,"2,89",14139.0,CUISINE
31/07/2011,561901,22296,216,"1,65",14156.0,DECO
10/06/2011,556415,22634,8,"8,50",12409.0, jouet
17/11/2011,576909,23294,8,"0,83",12471.0, cuisine
15/09/2011,566817,22614,48,"0,39",,jouet
05-12-2010,537133,21625,1,"6,95",18156.0, cuisine
29-09-2011,568800,23439,12,"2,10",,DECO
07/12/2011,581193,23292,2,"1,25",17097.0, cuisine
11-10-2011,570640,23206,10,"1,65",12474.0,SAC
22/05/2011,554104,22722,4,"3,95",12705.0,cuisine
04/11/2011,574442,23084,72,"1,79 EUR",12704.0,jouet
07/09/2011,565857,84378,12,"1,45",14911.0,DECO
10/08/2011,562894,21124,24,"1,25",,DECO
11/10/2011,570512,48184,10,"7,08",14952.0,JARDIN
24/07/2011,561027,47559B,50,"1,06",13802.0, cuisine
18/08/2011,563613,22180,2,"9,95",12688.0, deco
02-06-2011,555383,21975,6,"0,55",12517.0,cuisine
15-04-2011,550277,22962,12,"0,85",12639.0,cuisine
25/01/2011,542102,21519,72,"0,36",12744.0, papeterie
19-12-2010,539464,22278,2,"4,95 EUR",17913.0,sac
11/08/2011,563023,22072,4,"3,75",14639.0, cuisine
24-07-2011,561077,22550,4,"3,75",17649.0,DIVERS
09/01/2011,540518,22900,6,"2,95",14761.0, cuisine
14-03-2011,546509,22750,4,"3,75",14911.0, jouet
23/05/2011,554134,POST,2,"18,00",12583.0,divers
07-07-2011,559342,23022,12,"2,08",14493.0,cuisine
29/09/2011,568791,21914,12,"1,25",16650.0,DECO
04/10/2011,569527,22200,1,"4,25",12512.0,divers
14-03-2011,546509,21891,12,"1,25",14911.0, jouet
21-04-2011,550899,22554,12,"1,65 EUR",13505.0, cuisine
18/01/2011,541434,85055,20,"2,95",14911.0,DECO
20-11-2011,577479,23197,12,"1,45",14911.0,divers
17/12/2010,539338,84077,576,"0,29",17404.0,DECO
30-11-2011,579553,22139,3,"4,95",14156.0,cuisine
02/12/2011,580357,20676,24,"1,25",15856.0, cuisine
23-09-2011,568061,22952,5,"0,55 EUR",16910.0,cuisine
14-04-2011,550145,22727,8,"3,75",,DECO
12/10/2011,570842,23551,24,"0,39 EUR",17676.0, divers
07/10/2011,570000,22061,4,"9,95",12420.0,cuisine
20/04/2011,550778,22821,12,"0,65",14868.0,sac
22-11-2011,578093,21498,50,"0,42",14911.0,PAPETERIE
18-11-2011,577355,22078,10,"2,10",,deco
11-07-2011,559665,21391,3,"0,75",12556.0,deco
02/09/2011,565295,16156S,25,"0,42",12794.0,papeterie
20-12-2010,539647,22666,1,"2,95",15460.0,cuisine
18/10/2011,571697,23290,8,"1,25",12759.0, cuisine
12-12-2010,538397,21210,60,"1,45",12753.0,papeterie
14-07-2011,560033,23250,12,"1,25",12388.0,cuisine
28-11-2011,579152,22734,6,"2,89",12479.0,DECO
15/02/2011,544074,22113,2,"3,75",14156.0,cuisine
25/10/2011,572753,23500,12,"1,25 EUR",15856.0, bijou
23/10/2011,572307,84360,3,"5,95",16905.0,deco
17/11/2011,576899,72807B,4,"4,25",14911.0,bijou
04-10-2011,569494,23327,192,"0,55",15739.0,CUISINE
25/11/2011,578719,23310,36,"0,42",17348.0, bijou
21/09/2011,567578,22956,6,"2,10",12701.0, cuisine
26/01/2011,542224,40016,24,"0,42",17888.0,PAPETERIE
25/09/2011,568174,22865,2,"2,10",16261.0,DECO
17/02/2011,544302,21559,6,"2,55",12654.0,CUISINE
24-10-2011,572499,23509,20,"0,42",15786.0,PAPETERIE
04/05/2011,551868,21506,24,"0,42",12540.0,PAPETERIE
05/04/2011,549026,85014B,3,"5,95",17409.0,JARDIN
16-03-2011,546760,21578,6,"2,25",,sac
11-08-2011,562960,35967,12,"0,38",14911.0,DECO
18/05/2011,553686,22606,4,"12,75",14911.0,JARDIN
17/04/2011,550325,72741,18,"1,45",, deco
24/10/2011,572511,22572,12,"0,85",14895.0,JOUET
10-11-2011,575603,23275,12,"1,25 EUR",18125.0,DECO
13-01-2011,541018,84997C,1,"3,75",14978.0,cuisine
16/02/2011,544115,21559,6,"2,55",12727.0, cuisine
24-06-2011,558069,23198,12,"1,45",14156.0,cuisine
21/03/2011,547194,20914,3,"2,95",12637.0, cuisine
22-11-2011,578009,22910,4,"2,95",14467.0, papeterie
22/11/2011,578094,22121,2,"5,95 EUR",16261.0, divers
24-11-2011,578541,23129,3,"4,15",, deco
03/03/2011,545515,21210,12,"1,45",12727.0,PAPETERIE
15/02/2011,544075,21756,18,"5,45",14156.0,DIVERS
14/07/2011,560041,22567,12,"1,45",14156.0, jouet
03-05-2011,551714,22496,2,"2,95",16806.0,cuisine
28/09/2011,568614,22835,4,"4,95",, cuisine
15-02-2011,543997,22934,1,"2,95",17348.0, cuisine
10-06-2011,556415,22434,72,"1,95 EUR",12409.0,jouet
08/06/2011,556042,20751,3,"2,10 EUR",14367.0,DIVERS
14/04/2011,550183,22712,12,"0,42",14105.0,papeterie
01-02-2011,542777,22625,2,"8,50",14911.0,CUISINE
21-02-2011,544495,21500,25,"0,42",12766.0, papeterie
29/11/2011,579503,23582,1,"2,08",17097.0,SAC
04-04-2011,548808,84748,3,"3,75 EUR",17774.0,deco
02/12/2010,C536822,22847,-2,"16,95",14625.0,divers
11-02-2011,543737,35810B,6,"2,10",12477.0,cuisine
11/07/2011,559665,22499,1,"5,95",12556.0,cuisine
02/12/2010,C536820,22878,-1,"2,10",,divers
21/09/2011,567530,23126,4,"4,95",12390.0,divers
03/05/2011,551656,22607,2,"9,95",14911.0, jardin
07-04-2011,549222,22375,4,"4,25",12347.0,sac
26/01/2011,542237,84625C,24,"0,85",12347.0,DECO
24-11-2011,578349,21731,12,"1,65",14539.0,DECO
12-05-2011,552975,22919,12,"0,65",17932.0,divers
07/04/2011,549291,22291,3,"1,45",16261.0, deco
22/06/2011,557742,22443,6,"7,95",14911.0, divers
21-07-2011,560781,22629,12,"1,95",13969.0, jouet
13-01-2011,541018,48173C,2,"7,95",14978.0,DECO
10/04/2011,549560,22557,2,"1,65",15058.0, cuisine
25/09/2011,568156,21980,12,"0,39",14367.0,divers
28/09/2011,568650,22080,10,"1,65",13505.0,DIVERS
26-10-2011,572887,22631,12,"1,95",12362.0, deco
19-07-2011,560534,23049,2,"8,25 EUR",14911.0, divers
18-10-2011,571701,23085,2,"10,40",14639.0,DECO
20-11-2011,577508,84879,6,"1,69",18127.0,JARDIN
03/11/2011,574104,23267,12,"1,25",12615.0,cuisine
24/06/2011,558067,22383,10,"1,65",14156.0,sac
27/01/2011,542276,21781,4,"14,95",12764.0, cuisine
11-10-2011,570499,22141,6,"2,10",12772.0, jardin
29/09/2011,568901,23352,6,"1,25",15050.0,PAPETERIE
05-12-2011,580640,22400,3,"0,39",16910.0, divers
04/04/2011,548806,22960,12,"3,75",13098.0,cuisine
27-11-2011,578941,22556,2,"1,65",16024.0, cuisine
17-05-2011,553462,23174,6,"4,15",17147.0,CUISINE
25/03/2011,547789,21124,24,"1,25",14911.0, deco
18/03/2011,546993,21181,4,"2,10",17921.0,DECO
20-10-2011,572069,23225,12,"0,83",,deco
05-06-2011,555547,21731,12,"1,65",12681.0,DECO
05/10/2011,569653,22895,12,"3,25",, cuisine
20/01/2011,541631,22327,6,"2,95",12637.0,deco
04/08/2011,562340,21559,6,"2,55 EUR",,cuisine
24-08-2011,564356,84950,6,"0,65",13969.0,DECO
19/09/2011,567334,23397,2,"9,95",14911.0, divers
01-03-2011,545221,20979,16,"1,25",14740.0,PAPETERIE
26-10-2011,572838,21507,12,"0,42",14539.0, papeterie
09-02-2011,543518,21216,48,"4,25",12753.0,CUISINE
10-10-2011,570388,22413,6,"2,95",14911.0,DECO
07-09-2011,565851,84970L,12,"0,95",14911.0,deco
14-07-2011,560104,23207,1,"1,65",17921.0, sac
16/05/2011,553206,71459,96,"0,72",14156.0, cuisine
23-02-2011,544790,22896,4,"2,55",16940.0,SAC
11-09-2011,566271,22866,12,"2,10",14250.0,deco
27/07/2011,561507,23290,8,"1,25",12397.0,CUISINE
21-07-2011,560901,84663A,10,"0,79",12476.0,DECO
24/03/2011,547674,22568,4,"3,75",15835.0,deco
18/11/2011,577142,21240,8,"0,85",13985.0, cuisine
11-11-2011,575751,23082,18,"3,75 EUR",14911.0, papeterie
07-04-2011,549274,21498,25,"0,42 EUR",12721.0,PAPETERIE
04/11/2011,574336,23291,16,"1,25",12397.0, cuisine
05-07-2011,559015,48184,10,"6,75",13098.0, jardin
29-09-2011,568798,20749,2,"7,95",12615.0,DIVERS
12/10/2011,570703,22131,6,"1,95",14911.0,DECO
01/05/2011,551531,22697,2,"2,95",15376.0,CUISINE
27-11-2011,578926,22909,1,"0,85",18156.0, cuisine
19/10/2011,571745,23342,4,"8,50",14911.0,DECO
09-09-2011,566200,22197,2,"0,85 EUR",16910.0,deco
28/09/2011,568650,20674,16,"1,25",13505.0,cuisine
11/05/2011,552844,21981,24,"0,29",12649.0,divers
18/09/2011,567180,84971S,24,"0,85",,JARDIN
17/08/2011,563558,22720,3,"4,95",14156.0,CUISINE
14/09/2011,566625,35933,10,"0,38",14911.0,DECO
30-11-2011,579524,21523,2,"8,25",16295.0,deco
11/07/2011,559673,23208,10,"1,65",13224.0,sac
19-08-2011,563756,22617,3,"4,95",12418.0,CUISINE
05/12/2010,C537203,37449,-1,"9,95",14606.0,divers
12/08/2011,563184,22384,2,"1,65",,SAC
08/03/2011,545918,22501,2,"9,95",16917.0,deco
07-10-2011,570023,23539,4,"5,95",13876.0,DIVERS
13-01-2011,541115,21906,6,"6,75",12578.0, cuisine
02/12/2010,C536816,21129,-2,"6,95",14443.0,divers
08/08/2011,562602,23198,12,"1,45",12865.0, cuisine
01/04/2011,548686,79190A,15,"0,42 EUR",15856.0,divers
30/11/2011,579529,23084,24,"1,79",12488.0, jouet
06-10-2011,569901,22300,6,"2,55",12923.0,cuisine
05/08/2011,562560,22411,2,"2,08",,sac
13/10/2011,571030,23202,10,"2,08",12876.0,SAC
17-08-2011,563557,22671,12,"1,65",15786.0, deco
05/09/2011,565470,23198,24,"1,45",12576.0, cuisine
22/11/2011,578078,22845,2,"6,35",12586.0, deco
09-06-2011,556214,21704,12,"0,85 EUR",14913.0, sac
17-01-2011,541405,22629,12,"1,95",,jouet
09-01-2011,540520,37501,1,"6,95",, cuisine
01/07/2011,558699,23242,6,"2,08",12494.0, cuisine
06-09-2011,565781,23170,24,"1,65 EUR",13098.0, cuisine
27/07/2011,561472,23198,12,"1,45",14911.0,CUISINE
06/12/2011,580963,23083,12,"3,75",14868.0,PAPETERIE
19/10/2011,571905,23210,24,"1,25",12370.0,jouet
27-01-2011,542276,22957,12,"2,95",12764.0,PAPETERIE
04-08-2011,562418,22151,24,"0,42",16572.0, cuisine
20/12/2010,539488,22029,24,"0,42",12377.0,papeterie
02/12/2010,C536822,21430,-1,"3,75",14625.0,divers
24-08-2011,564360,23293,16,"0,83",12471.0,CUISINE
23-05-2011,554158,23076,24,"1,25",,divers
08/07/2011,559372,22725,4,"3,75 EUR",12461.0,deco
05/09/2011,565596,23102,12,"0,83",16444.0,DECO
18/11/2011,577316,23271,16,"0,83",12578.0,deco
20/11/2011,577524,22154,3,"0,42",16905.0, deco
14/02/2011,543828,21717,24,"2,55",14156.0,cuisine
13/07/2011,559834,22762,1,"14,95",12576.0, cuisine
27/06/2011,558200,22325,1,"4,95",15976.0, deco
13/01/2011,541018,72351B,2,"2,10",14978.0, deco
18/08/2011,563688,21559,6,"2,55",16767.0,CUISINE
18-01-2011,541491,15044B,6,"2,95",12510.0,papeterie
04/03/2011,545657,84380,12,"1,25",14911.0,divers
07-12-2011,581098,22072,12,"1,25",14911.0, cuisine
22/07/2011,560991,23255,4,"4,15",12438.0,cuisine
07-10-2011,570000,22197,12,"0,85",12420.0,DECO
17-11-2011,576909,23289,16,"1,25",12471.0, cuisine
22-08-2011,563936,POST,1,"40,00",17828.0, divers
06/06/2011,555728,79190A,10,"0,42",17252.0,divers
03-02-2011,543114,21232,12,"1,25",14156.0,DECO
04/12/2011,580512,21114,10,"1,25",,DECO
22-02-2011,544657,21916,24,"0,42",14895.0,PAPETERIE
07-06-2011,555853,37489A,1,"0,39",14375.0,CUISINE
30-09-2011,569122,21080,12,"0,85",12694.0, papeterie
28/02/2011,545073,22595,12,"0,85",14036.0,deco
25-07-2011,561095,23296,8,"1,25",17040.0, cuisine
06/10/2011,569968,22866,2,"2,10",17921.0, deco
05-09-2011,565618,21745,4,"3,75",15974.0, jardin
11/08/2011,562944,22327,6,"2,95",,DECO
13-07-2011,559883,23144,12,"0,83",14397.0, deco
08/09/2011,565931,22551,12,"1,65 EUR",12683.0,CUISINE
14-09-2011,566734,23081,1,"8,25",16910.0, deco
29/11/2011,579416,23347,12,"1,25",12471.0,DIVERS
15/11/2011,576607,23354,12,"0,83 EUR",12474.0, papeterie
05/10/2011,569653,22704,75,"0,42",12451.0,PAPETERIE
31/10/2011,573511,21791,12,"1,25",12347.0,PAPETERIE
14/10/2011,571182,21429,8,"1,95",13115.0,bijou
03-10-2011,569336,22714,12,"0,42",15088.0,PAPETERIE
02/10/2011,569220,23308,4,"0,55",16007.0,cuisine
06/12/2010,537378,22336,24,"0,65",14911.0,deco
23-05-2011,554132,20677,8,"1,25 EUR",12360.0,cuisine
08/08/2011,562602,23197,12,"1,45",12865.0, divers
14/04/2011,550188,22243,12,"1,65",12457.0,deco
13-03-2011,546428,22967,6,"2,95",12681.0, papeterie
25/08/2011,564378,22040,25,"0,42",, papeterie
27-07-2011,561507,22727,4,"3,75",12397.0,deco
30-11-2011,579629,23192,1,"1,65",14963.0,divers
20/11/2011,577532,44235,3,"0,42",16666.0,divers
21/07/2011,560876,85014B,6,"5,95",12626.0,JARDIN
30-10-2011,573362,22603,12,"0,85",12597.0,jardin
19/10/2011,571745,21166,12,"2,08",14911.0,deco
07/01/2011,540455,20750,4,"7,95",12583.0, divers
22/09/2011,567878,23198,2,"1,45",16910.0,CUISINE
13/05/2011,553161,22423,2,"12,75",12681.0,cuisine
08-11-2011,575049,22952,24,"0,55",12721.0, cuisine
26/05/2011,554770,21932,10,"1,65",14911.0, sac
14/12/2010,538826,22745,1,"2,10",,JOUET
19/09/2011,567334,22867,12,"2,10",14911.0,JARDIN
09-02-2011,543518,21080,96,"0,64",12753.0,PAPETERIE
19/05/2011,553897,20971,12,"1,25",14911.0,DECO
17/10/2011,571308,22991,12,"1,95",12475.0,DIVERS
27-02-2011,545053,22668,5,"2,95",17516.0,cuisine
23/06/2011,557878,21174,3,"2,08",16940.0, bijou
20-10-2011,572065,22966,2,"1,25",12556.0,divers
14-10-2011,571215,22898,8,"1,95",13810.0,CUISINE
08/12/2010,537810,22415,3,"7,95",15032.0, divers
22/06/2011,557793,22429,1,"4,25",14998.0,BIJOU
09-02-2011,543518,20902,24,"5,55",,DECO
20/11/2011,577528,22113,4,"4,25",15745.0,CUISINE
17-02-2011,544210,21755,3,"5,95",14911.0, divers
31-01-2011,542621,37500,2,"9,95",12528.0,CUISINE
19/05/2011,553843,22090,6,"2,95",12553.0,PAPETERIE
29/07/2011,561798,21259,6,"5,95",14911.0,deco
29/09/2011,568782,23254,8,"4,15",13985.0,CUISINE
06/12/2011,580979,21931,10,"2,08",12362.0,sac
11/01/2011,540770,79302M,6,"2,95 EUR",, deco
08-12-2010,537818,22114,4,"3,95",12766.0,cuisine
24/01/2011,541980,21520,12,"0,42 EUR",12421.0,PAPETERIE
02/10/2011,569220,22411,1,"2,08",16007.0,sac
22/07/2011,560991,20977,16,"1,25",12438.0, papeterie
30/11/2011,579747,21122,24,"1,25",, deco
05/12/2011,580640,23294,1,"0,83 EUR",16910.0, cuisine
21-03-2011,547194,22649,2,"4,95",12637.0,CUISINE
15/11/2011,576373,23534,3,"5,95",12640.0,CUISINE
14-10-2011,571231,22197,100,"0,72",,deco
13/06/2011,556579,90190B,6,"2,95",15069.0,BIJOU
20-04-2011,550661,23052,2,"8,25",12656.0,divers
27/09/2011,568518,22728,4,"3,75",12680.0,DECO
13-01-2011,541018,85152,2,"2,10",14978.0, deco
11-02-2011,543737,22449,6,"3,35",12477.0,SAC
18/07/2011,560360,23108,2,"6,25",12744.0, jouet
17/10/2011,571477,21288,12,"2,95 EUR",12794.0, cuisine
10/03/2011,546172,22558,12,"1,49",14156.0,divers
03/11/2011,574252,22554,12,"1,65",12437.0,CUISINE
04-07-2011,558881,20682,6,"3,25",12705.0,JARDIN
24/06/2011,558067,23271,48,"0,83 EUR",14156.0, deco
08/04/2011,549316,21424,6,"2,95",12705.0,DECO
23/09/2011,568103,21243,8,"1,69",12518.0,CUISINE
16-02-2011,544115,22209,12,"1,65",12727.0,DIVERS
04-08-2011,562282,22382,50,"1,65",13098.0, sac
04/04/2011,548745,22646,12,"1,45",12471.0,cuisine
14/02/2011,543828,84509G,6,"3,75",14156.0, cuisine
17/10/2011,571461,22197,2,"0,85",16932.0, deco
31/01/2011,542692,22770,99999,"14,95",14467.0,DECO
22/09/2011,567915,21746,12,"1,25",12579.0,jardin
07-01-2011,540455,22331,16,"1,65",12583.0, sac
12-04-2011,549906,84970S,12,"0,85",14998.0, deco
25-01-2011,542130,22381,5,"2,10",13468.0,jouet
12/05/2011,552975,23200,10,"2,08 EUR",17932.0,SAC
07/01/2011,540455,22367,8,"1,95",12583.0,cuisine
08-06-2011,556042,21558,6,"2,55",14367.0, cuisine
19/10/2011,571724,22278,3,"4,95",12572.0, sac
03/03/2011,545536,22261,12,"0,85",12417.0,cuisine
22/11/2011,577825,23035,6,"1,45",17453.0, deco
22/07/2011,560997,22327,6,"2,95",12627.0, deco
04/08/2011,562370,21108,9,"2,55",12626.0,cuisine
19/08/2011,563756,22971,6,"2,55",12418.0,CUISINE
18-08-2011,563613,85212,48,"0,29",12688.0, jardin
10-10-2011,570275,23209,20,"1,65",13098.0,SAC
21/04/2011,550899,21245,8,"1,69",13505.0, cuisine
10-05-2011,552695,23126,4,"4,95",16320.0,DIVERS
25/07/2011,561094,22554,12,"1,65",12474.0, cuisine
18/08/2011,563613,22329,12,"1,65",12688.0,divers
11/07/2011,559665,47574A,3,"0,75",12556.0,JARDIN
06/07/2011,559070,21232,12,"1,25",13468.0,deco
30/11/2011,579629,23575,2,"1,95 EUR",,DIVERS
20-09-2011,567424,23013,2,"3,95",, cuisine
05/10/2011,569653,21498,25,"0,42",12451.0,PAPETERIE
31/07/2011,561870,84341B,36,"0,38",,JARDIN
28-09-2011,568651,22728,4,"3,75 EUR",12362.0, deco
19-07-2011,560446,23293,128,"0,72",14156.0, cuisine
12-10-2011,570703,22417,24,"0,55",14911.0, cuisine
11-11-2011,575751,84077,48,"0,29 EUR",14911.0,deco
08/12/2011,581433,21210,12,"1,45",14911.0,papeterie
19-10-2011,571923,22610,36,"0,19",12685.0, divers
09/01/2011,540546,20985,12,"1,25",12766.0, deco
21/03/2011,547109,21156,8,"1,95",12423.0,CUISINE
11/11/2011,575733,22964,12,"2,10",13810.0, jouet
02/12/2011,580306,22779,4,"4,25",14250.0, deco
02/10/2011,569220,22792,6,"0,85",16007.0,deco
08-12-2010,537818,20685,2,"7,95 EUR",12766.0,DECO
29/11/2011,579345,22659,12,"1,95",12727.0,deco
25-08-2011,564378,16161P,25,"0,42",12417.0, papeterie
21-07-2011,560875,23200,10,"2,08 EUR",13562.0, sac
22/09/2011,567938,22694,6,"2,10",12704.0,DECO
19/06/2011,557314,23306,12,"1,45",12541.0, cuisine
04/11/2011,574550,21621,3,"8,50",12484.0,CUISINE
08/12/2010,537855,84706D,2,"8,95 EUR",15996.0, deco
28/08/2011,564734,22645,4,"1,45",12484.0, cuisine
04/03/2011,545634,22492,36,"0,65",14911.0,deco
03/12/2010,C536855,21527,-4,"7,95",18225.0,divers
28/01/2011,542428,21260,48,"3,25",17404.0, cuisine
11-11-2011,575886,20727,2,"1,65",12517.0,SAC
24-10-2011,572442,22445,6,"2,95",12546.0,PAPETERIE
01/08/2011,561905,21755,3,"5,95",14947.0,divers
05-10-2011,569653,22939,4,"4,95 EUR",12451.0, cuisine
06-10-2011,569901,22729,1,"3,75",12923.0,deco
23/09/2011,567968,23275,12,"1,25",12546.0,DECO
12/08/2011,563169,22197,48,"0,85 EUR",14911.0, deco
15-08-2011,563353,23291,8,"1,25",15480.0,CUISINE
28/08/2011,564734,17091J,6,"0,38",12484.0,cuisine
09/12/2011,581587,22629,12,"1,95",12680.0, jouet
07/07/2011,559346,84929,24,"0,19",13486.0,jardin
20-09-2011,567424,21989,2,"0,85",16369.0,PAPETERIE
09/06/2011,556203,POST,1,"15,00",12399.0,divers
25/08/2011,564378,90019A,2,"4,95",12417.0,BIJOU
23/02/2011,544778,22667,1,"2,95 EUR",14978.0,DECO
24-03-2011,547658,84218,1,"1,95",13736.0,cuisine
27/01/2011,542303,21559,6,"2,55",12539.0,cuisine
11/11/2011,575845,20724,30,"0,85",12598.0,SAC
12-10-2011,570714,23256,12,"4,15",13520.0, cuisine
23/09/2011,568095,23360,12,"1,95 EUR",14911.0,DECO
24-02-2011,544931,22851,12,"0,85",13501.0,cuisine
02-09-2011,565261,22907,12,"0,85",12474.0,CUISINE
07/11/2011,574745,22043,24,"0,19",14911.0, papeterie
08/12/2010,537831,22111,4,"4,95",17894.0,cuisine
08/04/2011,549316,21086,12,"0,65",12705.0,papeterie
22/03/2011,547390,84050,12,"1,65",12352.0, cuisine
07-02-2011,543349,22971,6,"2,55",17774.0,cuisine
04-08-2011,562340,23291,8,"1,25",13985.0,cuisine
20/11/2011,577551,23390,4,"4,15",12395.0, jouet
02/11/2011,574071,22423,1,"12,75",12654.0,cuisine
17/10/2011,571442,22690,2,"8,25 EUR",17049.0,deco
08/03/2011,545904,85014B,3,"5,95",13468.0, jardin
06/10/2011,569921,46000S,8,"1,45",12523.0, divers
15/02/2011,544074,22808,4,"2,95",14156.0,deco
24/10/2011,572499,23272,12,"1,65",15786.0,JARDIN
24/10/2011,572499,22734,6,"2,89",15786.0,deco
06/07/2011,559096,21890,100,"2,26",12830.0,SAC
03/12/2010,537030,22438,10,"1,95",16455.0,jouet
18/08/2011,563688,15036,24,"0,83",16767.0, divers
14/01/2011,541220,22957,240,"2,55",14156.0, papeterie
27-06-2011,558113,23243,4,"4,95",14911.0,CUISINE
02/06/2011,555383,23003,8,"0,42",12517.0,SAC
25-07-2011,561094,23549,25,"0,42",12474.0, papeterie
07/12/2011,581034,22086,40,"2,55",,PAPETERIE
06-12-2011,580979,23369,16,"1,25 EUR",, papeterie
02/12/2010,C536812,22595,-144,"0,72",,divers
31-08-2011,565067,21647,6,"2,10 EUR",15856.0, sac
31/03/2011,548449,21035,6,"3,25 EUR",14911.0, cuisine
09/11/2011,575485,23243,4,"4,95",,cuisine
16/09/2011,567095,23391,4,"4,15",17049.0,DIVERS
18-08-2011,563613,85015,24,"0,65",12688.0,papeterie
02/12/2010,C536807,22501,-2,"9,95",15834.0,divers
08-09-2011,565931,20685,4,"8,25 EUR",12683.0, deco
04/10/2011,569423,22573,12,"0,85",,DECO
19-01-2011,541518,22975,12,"1,25",12451.0,cuisine
14/04/2011,550145,22725,8,"3,75",12637.0, deco
27-05-2011,554854,21592,24,"1,25",16369.0,DECO
25/11/2011,578811,23571,12,"1,65",12438.0,DIVERS
24-08-2011,564360,23189,12,"2,89",12471.0,deco
06/06/2011,555726,84380,12,"1,25",12540.0,DIVERS
23/09/2011,568095,90018C,2,"4,25 EUR",14911.0,BIJOU
17-12-2010,539351,85099C,10,"1,95",12551.0, sac
21-07-2011,560891,23207,10,"1,65",15106.0,sac
30-11-2011,579881,22730,24,"3,75",12429.0,deco
24/08/2011,564360,21232,12,"1,25",,DECO
25-07-2011,561095,21340,1,"12,75",17040.0,jardin
06/12/2011,580979,21704,12,"0,85 EUR",12362.0,sac
04/11/2011,574550,22722,3,"3,95",12484.0,CUISINE
28-08-2011,564734,22742,4,"2,95",12484.0, papeterie
29-03-2011,548160,22147,12,"1,45 EUR",16253.0,DECO
20/09/2011,567505,37495,4,"3,75",12352.0,cuisine
17/02/2011,544302,21578,6,"2,25",12654.0, sac
31-03-2011,548496,22562,60,"1,25",12678.0,JOUET
14-12-2010,538826,22274,1,"2,95",12370.0,jouet
07-07-2011,559346,23144,12,"0,83",13486.0,DECO
22/08/2011,563982,82484,8,"7,95",14397.0,DIVERS
21/10/2011,572127,21843,8,"10,95",14911.0, cuisine
22/09/2011,567878,23081,2,"8,25",16910.0,DECO
17/11/2011,576894,22579,24,"0,29",12681.0, jardin
02/12/2010,C536737,22798,-2,"2,95",15922.0,divers
24-07-2011,561077,22386,10,"2,08",17649.0,sac
26-10-2011,572887,22728,8,"3,75",12362.0,deco
07-12-2011,581006,22922,12,"0,85",14911.0,divers
14/04/2011,550191,22832,2,"10,75 EUR",,deco
05/10/2011,569652,23377,24,"0,39",15628.0, jouet
10-11-2011,575674,21638,12,"2,10",13468.0,PAPETERIE
27/10/2011,573036,21731,12,"1,65 EUR",12437.0, deco
23-09-2011,568104,23147,6,"1,45",16485.0,JARDIN
03-10-2011,569332,20727,3,"1,65",12637.0,sac
11-11-2011,575735,21326,12,"0,65",14156.0,cuisine
06-05-2011,552038,21041,48,"2,95",14156.0,divers
30/11/2011,579553,23695,12,"0,42 EUR",14156.0,papeterie
28/08/2011,564734,23298,3,"4,95 EUR",12484.0,CUISINE
06-07-2011,559070,20972,12,"1,25",13468.0,DECO
02/10/2011,569220,21917,3,"0,42",16007.0,PAPETERIE
02-08-2011,562046,47599A,6,"2,10",12378.0,sac
06-07-2011,559058,21843,2,"10,95",12407.0,CUISINE
02/12/2010,C536815,85175,-1,"0,42",14443.0,divers
06/11/2011,574682,22111,2,"4,95",14963.0, cuisine
02/12/2011,580154,21481,4,"3,75 EUR",, cuisine
20/05/2011,553935,37446,1,"1,45 EUR",15856.0,cuisine
17/08/2011,563557,22993,12,"1,25",15786.0,CUISINE
11/08/2011,563036,20972,12,"1,25",14868.0,deco
16/08/2011,563482,23256,1,"4,15",17097.0, cuisine
21-02-2011,544572,22170,4,"6,75",14639.0,deco
31-05-2011,555147,22699,6,"2,95",, cuisine
19-06-2011,557260,22077,12,"1,65 EUR",17932.0,DIVERS
08-07-2011,559362,23158,12,"2,08",12635.0, divers
20/11/2011,577502,22634,2,"9,95",12598.0,jouet
17/11/2011,577039,23501,20,"1,25",12539.0, bijou
24/10/2011,572528,22319,12,"0,65",13176.0,bijou
18/11/2011,577152,22662,10,"1,65",,SAC
12/01/2011,540972,21843,8,"10,95",12437.0,cuisine
21-09-2011,567578,23433,24,"0,83",12701.0,DECO
21/07/2011,560875,22295,12,"1,65",,deco
22/11/2011,578043,22326,6,"2,95 EUR",12474.0,DECO
11-08-2011,563071,23203,10,"2,08",17633.0, sac
18/08/2011,563709,22488,2,"1,65",15472.0,papeterie
30/11/2011,579539,22809,6,"2,95",14911.0, deco
15/06/2011,556816,POST,3,"18,00",12437.0,divers
05/04/2011,548968,22348,72,"0,85",12744.0,sac
03/12/2010,C536853,84678,-1,"2,55",14679.0,divers
10-10-2011,570255,22759,12,"1,65",17648.0, papeterie
07-01-2011,540458,21156,8,"1,95",,CUISINE
19/05/2011,553752,85152,12,"2,10",14896.0, deco
31/08/2011,564897,23296,72,"1,25",12678.0,cuisine
23-09-2011,568048,23358,6,"3,75",14911.0, cuisine
18-10-2011,571701,21232,12,"1,25 EUR",14639.0, deco
14/09/2011,566625,35815P,48,"0,38",14911.0, bijou
21-09-2011,567530,22544,24,"0,42",12390.0, jouet
05/12/2010,C537132,22761,-2,"21,95",15221.0,divers
28-03-2011,547947,22386,100,"1,65",15032.0,SAC
07/01/2011,540404,22025,12,"0,42",12947.0,papeterie
14/01/2011,541220,22957,240,"2,55",14156.0, papeterie
06/12/2010,C537402,22926,-4,"5,95",15502.0,divers
05/12/2011,580640,22757,1,"0,39",16910.0, papeterie
19-01-2011,541518,21981,48,"0,29",12451.0,DIVERS
30/09/2011,569122,23294,8,"0,83",12694.0,cuisine
23/09/2011,568104,21391,12,"0,75",16485.0,DECO
01/12/2010,C536506,22960,-6,"4,25",17897.0,divers
24/06/2011,557972,POST,2,"18,00 EUR",12500.0, divers
13/06/2011,556510,23199,10,"2,08",14911.0,SAC
03/08/2011,562210,22178,12,"1,25",13486.0,cuisine
30/11/2011,579741,85034C,1,"1,25",16910.0,JARDIN
26-06-2011,558089,23032,12,"1,65",13505.0, deco
08-03-2011,545996,47590A,2,"5,45",14367.0, cuisine
02-12-2011,580140,22645,12,"1,45",14895.0,cuisine
08/05/2011,552290,84536B,4,"0,42 EUR",,PAPETERIE
27/11/2011,578926,22952,1,"0,55",18156.0,cuisine
20-12-2010,539647,22518,1,"2,10",15460.0,JARDIN
07/06/2011,555853,22969,12,"1,45",14375.0,deco
06-09-2011,565748,21754,18,"5,45",14156.0,divers
29/07/2011,561698,22699,24,"2,55 EUR",15974.0, cuisine
20/02/2011,544452,22426,2,"3,75",14162.0,CUISINE
12/07/2011,559704,23204,10,"0,85",12669.0,sac
11/08/2011,563023,23322,6,"2,95 EUR",14639.0, deco
12-08-2011,563098,23168,24,"1,25",14911.0,DIVERS
21/11/2011,577785,22966,12,"1,25",16369.0,DIVERS
28-10-2011,573289,20712,20,"2,08",12705.0, sac
15/02/2011,543997,21981,1,"0,29",17348.0,divers
04-12-2011,580511,22726,8,"3,75",12560.0,DECO
02/12/2010,C536812,22130,-144,"0,72",16546.0,divers
03/10/2011,569332,22659,1,"1,95",12637.0, deco
06/10/2011,569901,22728,1,"3,75",12923.0,DECO
20/05/2011,553931,23162,4,"3,75",14911.0,cuisine
07-09-2011,565801,22551,12,"1,65 EUR",12685.0,CUISINE
10-10-2011,570272,22732,18,"1,25",14297.0,PAPETERIE
27-09-2011,568472,22382,10,"1,65",12517.0,SAC
18/05/2011,553686,22138,3,"4,95",14911.0,CUISINE
25-11-2011,578696,22348,12,"0,85 EUR",13985.0, sac
03-05-2011,551545,84997C,6,"4,15",12683.0,cuisine
23-06-2011,557957,22149,3,"2,10",,JARDIN
19/04/2011,550522,21829,36,"0,21",12947.0,BIJOU
09-06-2011,556186,22178,12,"1,25",14241.0, cuisine
04-04-2011,548743,22467,12,"2,55",14895.0,divers
21-01-2011,541703,20726,20,"1,65",12594.0, sac
06-12-2011,580822,20973,1,"0,65",17884.0,PAPETERIE
12-01-2011,540976,22551,12,"1,65 EUR",12652.0,CUISINE
10/06/2011,556341,21179,12,"1,25",16614.0,DECO
10-01-2011,540550,22184,2,"8,50 EUR",12539.0, cuisine
10-03-2011,546172,22624,2,"8,50 EUR",14156.0,CUISINE
17/11/2011,577061,21914,12,"1,25 EUR",14911.0,deco
22-09-2011,567878,84596G,2,"0,42",16910.0,CUISINE
18/07/2011,560360,23284,10,"6,75",12744.0, deco
29/03/2011,548160,21791,24,"1,25",16253.0,papeterie
01/08/2011,561914,85123A,6,"2,95",17676.0, deco
21/11/2011,577698,23313,2,"4,95",14963.0, cuisine
10/01/2011,540642,22977,24,"1,25",12681.0, cuisine
09-12-2010,538008,84992,24,"0,55",12683.0,CUISINE
09-02-2011,543518,21080,96,"0,64",12753.0,PAPETERIE
25-10-2011,572753,82581,25,"0,55 EUR",, deco
11-10-2011,570657,22629,12,"1,95",14911.0, jouet
14/07/2011,560041,C2,1,"50,00",14156.0,DIVERS
17-02-2011,544203,22551,12,"1,65",12362.0, cuisine
24/03/2011,547658,22665,1,"2,95",13736.0,deco
07-09-2011,565857,21174,12,"2,08",14911.0, bijou
03/10/2011,569332,23354,1,"0,83",12637.0, papeterie
02-10-2011,569220,20719,1,"0,85",16007.0,SAC
12/08/2011,563098,23207,10,"1,65",14911.0,SAC
10/06/2011,556318,23281,24,"0,83",16767.0, deco
07/04/2011,549249,22329,12,"1,65",12423.0, divers
07-09-2011,565857,23298,9,"4,95",14911.0,cuisine
01/07/2011,558714,22418,10,"0,85",17888.0,jouet
22/11/2011,577813,21136,16,"1,69",14297.0,divers
17-12-2010,539447,22666,6,"2,95",12395.0,cuisine
27/01/2011,542303,47594B,6,"1,95",12539.0,SAC
20-11-2011,577524,84360,3,"5,95",16905.0,DECO
20/01/2011,541631,22613,12,"0,85",12637.0, cuisine
28/09/2011,568650,22736,10,"1,65",13505.0,divers
18/10/2011,571671,20726,4,"1,65 EUR",16940.0, sac
10/11/2011,575728,23405,4,"4,95 EUR",14911.0,DIVERS
29/09/2011,568791,23351,12,"1,25",16650.0,papeterie
12-05-2011,552978,22748,60,"1,85",12590.0,cuisine
25/08/2011,564539,22378,5,"2,10",12715.0,DIVERS
14/12/2010,538707,22451,1,"3,35",17894.0,sac
04-12-2011,580527,22055,1,"0,39",13736.0,cuisine
14/12/2010,538826,20974,6,"0,65",12370.0,PAPETERIE
24/07/2011,561077,23236,6,"2,89",17649.0,CUISINE
18/10/2011,571705,21239,8,"0,85",12360.0,CUISINE
11/11/2011,575886,22652,4,"1,65",12517.0,DIVERS
17/10/2011,571442,23530,3,"4,95 EUR",17049.0,divers
05-08-2011,562537,23243,4,"4,95",12517.0,cuisine
24-11-2011,578331,C2,1,"50,00",14911.0,DIVERS
10-05-2011,552543,23203,10,"2,08",12399.0, sac
07-10-2011,570000,23247,12,"2,89",12420.0, cuisine
19/10/2011,571745,21169,12,"1,69",14911.0,DECO
02-08-2011,562046,23254,4,"4,15",12378.0,CUISINE
11/07/2011,559665,82483,1,"6,95",12556.0,divers
26/01/2011,542233,22383,20,"1,65",13098.0, sac
25/03/2011,547724,75049L,6,"1,25",13468.0,deco
01/07/2011,558714,16259,108,"0,08",17888.0, divers
28-09-2011,568654,72800C,6,"2,55",14911.0,deco
05/12/2011,580685,23207,10,"1,65",17676.0, sac
24-10-2011,572511,23454,4,"4,15",,deco
28-02-2011,545073,20750,4,"7,95",14036.0,divers
08/11/2011,575169,23300,12,"1,65",14367.0, cuisine
29/09/2011,568788,82483,1,"6,95",17894.0, divers
09/12/2010,538011,22457,4,"2,95",14896.0,papeterie
25-03-2011,547789,22434,8,"1,95 EUR",,jouet
17/10/2011,571461,23344,1,"2,08",16932.0, sac
17-11-2011,577061,23320,12,"2,89 EUR",14911.0, divers
08/06/2011,556102,21080,12,"0,85",13115.0,PAPETERIE
22/09/2011,567793,23169,6,"4,15 EUR",12657.0,cuisine
07-01-2011,540458,20979,16,"1,25",12501.0, papeterie
13/03/2011,546428,22565,12,"0,85",12681.0,BIJOU
01/07/2011,558647,22273,6,"2,95 EUR",14868.0,JOUET
07/01/2011,540458,22151,24,"0,42",12501.0,CUISINE
19-08-2011,563848,23285,8,"0,85",14911.0, deco
08/06/2011,555947,35923,144,"1,06",14911.0,deco
24/11/2011,578662,22150,2,"1,95 EUR",17516.0, divers
14/12/2010,538707,22059,2,"1,49",17894.0,cuisine
22/09/2011,567938,22694,6,"2,10",12704.0,DECO
10/11/2011,575504,23247,6,"2,89",14895.0, cuisine
13/10/2011,570964,23432,12,"0,83",12766.0,deco
14/12/2010,538826,21381,24,"1,69",12370.0,deco
17-08-2011,563557,22796,4,"9,95",15786.0,DECO
17/10/2011,571442,20724,10,"0,85 EUR",17049.0, sac
19-05-2011,553901,23084,6,"2,08",14911.0,JOUET
26-10-2011,572763,23294,8,"0,83",12812.0,CUISINE
02/08/2011,562046,22907,12,"0,85",12378.0, cuisine
21-04-2011,550960,22197,12,"0,85",12622.0,DECO
10-03-2011,546172,21980,24,"0,29",14156.0, divers
01-11-2011,573867,22712,12,"0,42",12674.0, papeterie
16/02/2011,544115,21063,24,"0,85",12727.0, deco
10-06-2011,556415,71053,12,"3,75",, deco
17-11-2011,577046,23570,12,"1,25",12449.0, jouet
10/03/2011,546255,84949,6,"1,65",13468.0,DECO
01/12/2010,536562,84509B,4,"3,75",13468.0, cuisine
28/09/2011,568645,23388,4,"4,15",12656.0,DIVERS
28-04-2011,551349,20761,4,"3,75 EUR",14740.0,divers
06/04/2011,549055,21899,24,"0,65",13515.0, deco
19/07/2011,560590,85053,6,"2,10 EUR",12560.0,DECO
27-02-2011,545053,85099B,6,"1,95",17516.0,sac
16/08/2011,563373,15060B,4,"3,75 EUR",12569.0,CUISINE
23/06/2011,557957,23287,1,"0,85",13969.0,deco
20/12/2010,539647,21733,2,"2,95 EUR",15460.0, deco
22-11-2011,578033,22942,4,"8,50",12656.0,deco
17/11/2011,577071,21194,3,"0,65",13969.0, papeterie
25/07/2011,561093,22077,12,"1,65",12540.0, divers
09-01-2011,540520,21929,2,"1,95",17555.0,SAC
11-05-2011,552839,22694,5,"2,10",14367.0,DECO
28-09-2011,568650,20749,2,"7,95",13505.0,divers
25/02/2011,544996,22556,12,"1,65",12474.0,cuisine
06/04/2011,549118,22957,6,"2,95",14911.0,papeterie
29-11-2011,579503,22576,5,"0,85 EUR",17097.0,DECO
23-09-2011,568095,21500,25,"0,42",14911.0,PAPETERIE
07/11/2011,574920,23256,4,"4,15",13985.0,cuisine
04-05-2011,551820,POST,2,"18,00 EUR",12645.0, divers
26/10/2011,572763,23296,8,"1,25",,CUISINE
20/09/2011,567380,47504K,12,"0,79",12620.0,jardin
12/04/2011,549906,22907,1,"0,85",14998.0,cuisine
14/12/2010,538826,22296,24,"1,65",, deco
21-07-2011,560894,23155,12,"0,83",14911.0, divers
27/10/2011,573130,23328,24,"3,39",, cuisine
07-01-2011,540469,POST,4,"28,00",12484.0,divers
20/10/2011,572086,23131,4,"4,15",13897.0,DECO
14/10/2011,571239,20682,12,"3,25",12744.0,jardin
05/12/2010,537081,22273,12,"2,95",15332.0,JOUET
19-08-2011,563808,22716,12,"0,42",12626.0,PAPETERIE
08-06-2011,555937,21988,12,"0,85",12683.0,PAPETERIE
06/10/2011,569968,23504,2,"1,25 EUR",17921.0,PAPETERIE
08/12/2010,537793,20725,2,"1,65",15032.0,SAC
05-12-2011,580640,70007,1,"0,79 EUR",16910.0,divers
03/12/2010,536990,20728,14,"1,65",12793.0,sac
10/05/2011,552543,22951,48,"0,55",12399.0, cuisine
09/02/2011,543518,20724,100,"0,72",12753.0,sac
19/04/2011,550522,21889,12,"1,25",, deco
12/01/2011,540976,84821,24,"0,21 EUR",12652.0, jardin
23/10/2011,572307,22141,11,"2,10",16905.0, jardin
16/05/2011,553208,23010,6,"14,95",12674.0,DIVERS
15/09/2011,566790,21314,24,"2,10",17679.0,cuisine
20-09-2011,567378,22698,12,"2,95",14911.0,cuisine
07/01/2011,540469,84378,4,"1,25",12484.0, deco
01/09/2011,565214,22698,24,"2,55",14911.0,CUISINE
11-11-2011,575767,47590B,2,"5,45",17348.0,CUISINE
08-12-2011,581433,23415,12,"0,39",14911.0, deco
18/08/2011,563688,20726,10,"1,65 EUR",16767.0,sac
10/10/2011,570255,23118,4,"7,50",17648.0,bijou
05-06-2011,555559,21746,12,"1,25",13862.0, jardin
01-03-2011,545301,84997D,5,"4,15",12679.0, cuisine
06-11-2011,574737,23084,6,"2,08",14868.0,JOUET
22/11/2011,578054,85123A,160,"2,55",14911.0,DECO
12-05-2011,552975,22792,12,"0,85 EUR",17932.0,DECO
14-08-2011,563230,23208,5,"1,65",15376.0,SAC
04-11-2011,574550,21625,4,"6,95",12484.0, cuisine
05/05/2011,552013,21371,12,"2,55",12451.0,DECO
22/02/2011,544657,22977,12,"1,25",14895.0,cuisine
08/06/2011,556105,22302,6,"2,55",13466.0,cuisine
11-01-2011,540824,22443,2,"7,95 EUR",12728.0,DIVERS
14/01/2011,541120,22976,12,"1,25",12490.0, cuisine
14-02-2011,543828,22196,12,"0,85",14156.0,cuisine
25/09/2011,568174,23247,1,"2,89",16261.0,cuisine
24-10-2011,572335,22737,10,"1,65 EUR",14493.0,divers
08/06/2011,555943,22029,12,"0,42",13520.0, papeterie
19-10-2011,571745,23317,4,"9,95",14911.0, deco
21/08/2011,563914,22659,12,"1,95",12518.0,deco
01/12/2010,C536383,35004C,-1,"4,65",15311.0,divers
27/01/2011,542393,35653,2,"2,95",18125.0,papeterie
10-05-2011,552695,82482,6,"2,55",16320.0,deco
22/05/2011,554083,20728,3,"1,65",18125.0,SAC
19-06-2011,557318,84712B,2,"7,95",14911.0,BIJOU
02/08/2011,562046,22779,4,"4,25",12378.0,deco
30-10-2011,573362,23247,6,"2,89",,CUISINE
20/12/2010,539607,21731,24,"1,65",,deco
17/07/2011,560251,23132,1,"5,75",17774.0,DECO
04/12/2011,580527,22847,1,"16,95",13736.0,divers
13/11/2011,575933,22086,120,"2,55",14911.0, papeterie
10-03-2011,546172,22063,6,"2,95",14156.0, cuisine
15/09/2011,566912,22993,12,"1,25",14367.0,cuisine
28/09/2011,568654,22555,12,"1,65 EUR",14911.0,cuisine
28-06-2011,558335,21658,4,"3,95",, cuisine
15/11/2011,576593,22909,2,"0,85",15720.0, cuisine
09-12-2011,581578,21497,25,"0,42",12713.0,PAPETERIE
24-08-2011,564314,21624,3,"5,95 EUR",12695.0,deco
04/03/2011,545657,22630,12,"1,95",14911.0,JOUET
11/05/2011,552839,22386,10,"2,08",14367.0,SAC
13-10-2011,571033,22910,40,"2,55",14251.0,papeterie
06/12/2011,580734,22602,24,"0,85",12766.0, deco
10/10/2011,570275,22150,40,"1,65",13098.0,DIVERS
14-11-2011,576246,23084,4,"2,08",17566.0, jouet
07-09-2011,565854,POST,4,"18,00",12490.0, divers
31-10-2011,573656,22667,6,"2,95",12417.0,deco
28-02-2011,545105,22367,8,"1,95 EUR",12598.0,CUISINE
15/09/2011,566776,22620,12,"1,45",14911.0,divers
08/08/2011,562602,22846,2,"16,95",12865.0,divers
24/11/2011,578472,22078,10,"2,10",12476.0,DECO
08-06-2011,555947,20839,12,"0,85",14911.0, deco
22-08-2011,564079,20979,16,"1,25",12627.0,papeterie
28/09/2011,568645,23388,4,"4,15",12656.0,DIVERS
11-05-2011,552826,21166,1,"2,08",14277.0, deco
12/08/2011,563169,22699,12,"2,95",14911.0, cuisine
08/11/2011,575169,23581,10,"2,08 EUR",14367.0, sac
23/09/2011,568048,85014A,3,"5,95",14911.0,jardin
18/11/2011,577312,23581,10,"2,08",17049.0,SAC
28-09-2011,568654,21739,6,"2,95",14911.0,divers
20/11/2011,577543,22384,10,"1,65",,sac
14/07/2011,560036,23202,10,"2,08",14911.0,sac
25-09-2011,568145,22722,12,"3,95",12388.0, cuisine
08-11-2011,575067,23570,12,"1,25",12583.0, jouet
14/10/2011,571188,82484,2,"7,95",,divers
26-09-2011,568221,22909,24,"0,85",14911.0,cuisine
16/09/2011,567095,84406B,4,"4,15",17049.0, cuisine
30/06/2011,558613,21972,12,"1,45",14911.0, papeterie
11/10/2011,570511,22178,36,"1,95",14397.0, cuisine
07/11/2011,574745,22579,48,"0,29",14911.0, jardin
17/11/2011,577046,22625,4,"8,50",12449.0,CUISINE
25-03-2011,547789,22961,24,"1,45",14911.0, divers
08/06/2011,556042,22149,5,"2,10",14367.0,jardin
15-03-2011,546638,22568,4,"3,75",15106.0, deco
23/02/2011,544817,21208,12,"1,65",12437.0,divers
23-09-2011,568095,21982,24,"0,29",14911.0,divers
14-12-2010,538826,22568,2,"3,75",12370.0,deco
18/03/2011,546993,22897,2,"1,45",17921.0, deco
09/03/2011,546100,22979,12,"1,45",16572.0,cuisine
26/01/2011,542233,20726,10,"1,65",13098.0,sac
24-10-2011,572528,21715,8,"2,55",13176.0,CUISINE
18/07/2011,560360,23225,48,"0,83",12744.0,DECO
10/10/2011,570388,22771,12,"1,25",14911.0, deco
07-10-2011,570009,22614,24,"0,39",14138.0,JOUET
21-09-2011,567530,16161U,25,"0,42",12390.0,papeterie
28-09-2011,568650,22979,12,"1,45",13505.0,cuisine
25/05/2011,554556,23233,25,"0,42",13098.0,PAPETERIE
25/10/2011,572567,21981,24,"0,39",12398.0, divers
21-10-2011,572218,85049E,12,"1,25 EUR",,DIVERS
21/11/2011,577698,21264,2,"1,95 EUR",14963.0, jardin
24/11/2011,578331,22698,6,"2,95",14911.0, cuisine
17/11/2011,577121,21224,10,"1,25 EUR",12681.0,DIVERS
08/06/2011,556058,22663,10,"2,08",13985.0,SAC
25-03-2011,547795,22456,1,"4,95",14536.0,PAPETERIE
18-07-2011,560300,22437,20,"0,85",14911.0,jouet
25/09/2011,568156,23400,2,"6,25",14367.0,deco
28/11/2011,579069,84969,12,"4,25",14911.0, cuisine
11/10/2011,570513,21479,24,"3,75",14952.0,CUISINE
18-10-2011,571671,21819,36,"0,39",16940.0,deco
06/12/2011,580979,23202,10,"2,08",12362.0, sac
04-03-2011,545657,22260,12,"0,85",14911.0,CUISINE
04-09-2011,565426,23306,1,"1,45",12851.0, cuisine
12/10/2011,570806,23494,10,"5,95 EUR",13115.0,DECO
20/11/2011,577543,22579,24,"0,29",17636.0, jardin
11/07/2011,559673,85130C,6,"0,79 EUR",13224.0, bijou
25/09/2011,568171,23352,12,"1,25",15312.0,papeterie
22-05-2011,554106,20727,10,"1,65",12710.0,SAC
06-11-2011,574682,21326,12,"0,65",14963.0, cuisine
18/10/2011,571559,23306,12,"1,45",14911.0,CUISINE
05/10/2011,569653,21424,6,"2,95",12451.0,DECO
24/03/2011,547658,84596E,8,"0,42 EUR",13736.0,CUISINE
14/11/2011,576246,22487,1,"9,95",, jardin
28/10/2011,573270,16225,12,"1,25",17418.0,CUISINE
08-05-2011,552262,22559,12,"1,25 EUR",14911.0,DIVERS
19/08/2011,563808,23354,12,"0,83",12626.0,PAPETERIE
12-10-2011,570829,23300,12,"1,65",,cuisine
14/08/2011,563211,22661,10,"0,85",17049.0,SAC
20-09-2011,567428,23354,12,"0,83",14911.0, papeterie
06/05/2011,552192,21843,3,"10,95",15258.0,CUISINE
20/07/2011,560635,21892,12,"1,25",12521.0,cuisine
08-05-2011,552277,20886,3,"1,95",13642.0, deco
23-09-2011,567968,22141,6,"2,10",12546.0, jardin
23/10/2011,572280,22197,6,"0,85",16007.0,deco
25-11-2011,578719,21693,6,"2,95",17348.0,deco
11-08-2011,563024,23047,2,"5,75",14639.0, papeterie
06/11/2011,574672,23512,1,"2,08",13532.0,DIVERS
09-11-2011,575195,21928,10,"2,08",16767.0,SAC
09/09/2011,566207,22535,192,"0,27",12830.0,divers
08-06-2011,556042,21558,6,"2,55",14367.0, cuisine
08-06-2011,555931,21035,6,"3,25",17828.0,cuisine
11/09/2011,566233,21666,12,"0,65",12635.0,CUISINE
28/02/2011,545105,22902,12,"2,10",,SAC
17/05/2011,553547,21096,12,"0,39",12474.0,PAPETERIE
24/10/2011,572442,21580,6,"2,25",12546.0,sac
03/12/2010,536975,22705,25,"0,42",14911.0, papeterie
25-10-2011,572753,21558,3,"2,55",15856.0, cuisine
28-08-2011,564745,22889,2,"2,10",16806.0, deco
28/11/2011,579152,21212,24,"0,55",12479.0,CUISINE
12/04/2011,549825,22303,6,"2,55",12463.0,CUISINE
08/04/2011,549316,23049,4,"8,25",12705.0, divers
16-05-2011,553348,21936,10,"2,95",14911.0, sac
06/10/2011,569844,22969,12,"1,45 EUR",12626.0,DECO
04-09-2011,565426,23252,1,"3,75",12851.0,deco
21/01/2011,541793,22195,12,"1,65 EUR",13969.0,CUISINE
02/08/2011,562046,22982,12,"1,25",12378.0,cuisine
10-05-2011,552543,20725,10,"1,65",12399.0,sac
30/06/2011,558628,21791,12,"1,25",12626.0, papeterie
01/12/2010,C536548,22244,-4,"1,95",,divers
29-09-2011,568788,23415,2,"1,65",17894.0,DECO
17/11/2011,576897,22306,12,"1,06",17828.0,cuisine
05-12-2011,580640,22754,1,"0,21",16910.0,PAPETERIE
31/07/2011,561898,16016,99999,"0,85",12456.0,divers
08/06/2011,556102,22693,24,"1,25",13115.0,CUISINE
24-03-2011,547658,37449,2,"9,95",13736.0,CUISINE
19/05/2011,553897,22969,12,"1,45 EUR",14911.0, deco
31/05/2011,555109,22072,2,"3,75",16023.0, cuisine
13/10/2011,570964,22619,4,"3,75",12766.0, jouet
06/12/2010,537387,22179,2,"6,75",13468.0, deco
10/06/2011,556455,84596F,72,"0,42",15856.0, cuisine
25-11-2011,578811,21832,24,"1,65",12438.0,DIVERS
27/05/2011,554940,20725,10,"1,65",12494.0,sac
13/01/2011,541018,48111,1,"7,95",14978.0,deco
22/08/2011,564039,21212,24,"0,55",12645.0,cuisine
01-09-2011,565218,22028,12,"0,42",12739.0,papeterie
27/01/2011,542373,21058,24,"0,85",16767.0,divers
17/08/2011,563558,71459,96,"0,72",14156.0,CUISINE
20/10/2011,572061,22750,4,"3,75 EUR",12474.0, jouet
05-12-2011,580640,22701,1,"0,79",16910.0, cuisine
22/09/2011,567899,22716,12,"0,42",14911.0, papeterie
25-07-2011,561094,POST,2,"18,00",12474.0,divers
10/03/2011,546236,22749,4,"3,75",12370.0, jouet
08/02/2011,543411,84380,12,"1,25",12576.0, divers
20-10-2011,572092,22697,1,"2,95",17125.0,cuisine
10/08/2011,562935,22423,16,"10,95 EUR",14156.0,CUISINE
17/02/2011,544203,21716,8,"2,55",12362.0, cuisine
24/11/2011,578488,22557,4,"1,65",12784.0,cuisine
09/06/2011,556114,21578,6,"2,25",12569.0, sac
22/11/2011,578093,21500,75,"0,42",14911.0,papeterie
04-12-2011,580527,20725,2,"1,65",13736.0,SAC
28-01-2011,542586,22449,6,"3,35",12377.0,SAC
02-06-2011,555383,21976,6,"0,55",12517.0,cuisine
01-07-2011,558653,22961,12,"1,45",14868.0,divers
08-12-2011,581251,22728,4,"3,75",18210.0, deco
20/11/2011,577524,22155,2,"0,42 EUR",16905.0,deco
22/02/2011,544657,22363,6,"2,95",14895.0,cuisine
18/08/2011,563613,85032B,12,"0,65",12688.0, papeterie
22/02/2011,544657,22896,6,"2,55",14895.0, sac
10-01-2011,540550,22844,2,"8,50",12539.0, deco
20/10/2011,572065,21974,6,"1,45 EUR",12556.0, jardin
04/08/2011,562282,21497,50,"0,42",13098.0, papeterie
14/07/2011,560033,23249,12,"1,65",12388.0,cuisine
03-06-2011,555470,85099B,10,"2,08",12455.0,sac
18-03-2011,546993,85049C,1,"1,25",17921.0,DIVERS
04/09/2011,565426,21791,1,"1,25",12851.0, papeterie
13/10/2011,570881,21624,3,"5,95",12498.0, deco
02-12-2010,536747,85049A,3,"1,25",17802.0, divers
03/10/2011,569336,21506,12,"0,42",15088.0, papeterie
14/08/2011,563211,48194,2,"7,95",17049.0,deco
22-07-2011,560991,22326,6,"2,95",12438.0,DECO
29-09-2011,568800,22867,12,"2,10",14868.0,JARDIN
26/05/2011,554842,23175,4,"3,25",14740.0,divers
10/08/2011,562882,22326,6,"2,95",12384.0,DECO
01/07/2011,558687,23158,24,"2,08",12598.0,divers
16-09-2011,566984,23245,8,"4,95",12471.0, cuisine
26/01/2011,542216,22355,10,"0,85",14911.0,SAC
14/02/2011,543822,84375,12,"2,10",12507.0,divers
01-07-2011,558687,22551,12,"1,65",12598.0,cuisine
14-10-2011,571239,85150,12,"2,55",12744.0, deco
17/08/2011,563540,21249,6,"2,95",12473.0, papeterie
09/02/2011,543484,20676,8,"1,25",12721.0,CUISINE
21-06-2011,557571,21790,288,"0,58",12830.0, papeterie
02-08-2011,562046,48138,2,"7,95",12378.0,deco
18/10/2011,571676,22111,1,"4,95",16910.0, cuisine
15-11-2011,576593,21591,4,"1,25 EUR",15720.0, deco
18/10/2011,571701,23247,6,"2,89",14639.0,CUISINE
21/11/2011,577613,84991,24,"0,55",14911.0, cuisine
02/10/2011,569220,21915,6,"1,25",16007.0,DECO
01/12/2010,C536548,20957,-1,"1,45",12472.0,divers
22-05-2011,554106,22534,24,"0,42",12710.0,jouet
21/06/2011,557569,22814,12,"0,42 EUR",12474.0,papeterie
08-09-2011,565930,22572,12,"0,85",12685.0,JOUET
14/11/2011,576318,22141,18,"2,10",15058.0,jardin
19/01/2011,541518,21094,36,"0,85",12451.0, papeterie
05-08-2011,562560,20972,2,"1,25",14156.0,DECO
20-09-2011,567428,23353,12,"0,83",14911.0, papeterie
17-08-2011,563557,22752,4,"8,50",15786.0,cuisine
31/10/2011,573545,22601,12,"0,85",16969.0,divers
30-09-2011,569010,22795,48,"5,95 EUR",14156.0,deco
09-06-2011,556198,23209,3,"1,65",14963.0, sac
17/08/2011,563557,84992,24,"0,55",15786.0,CUISINE
11/05/2011,552710,22740,48,"0,85",13098.0,divers
05/12/2011,580685,23445,40,"0,83",17676.0, divers
17/12/2010,539391,22770,2,"14,95 EUR",12417.0,deco
27-01-2011,542373,22831,6,"2,95",16767.0, divers
17/11/2011,576894,22579,24,"0,29",12681.0, jardin
14/04/2011,550188,22629,12,"1,95",12457.0, jouet
28/03/2011,547931,POST,1,"28,00",12594.0,divers
25/07/2011,561094,22467,12,"2,55",12474.0,DIVERS
15/08/2011,563353,23172,12,"1,65",15480.0, cuisine
17-08-2011,563557,21154,10,"1,25",15786.0,divers
31/01/2011,542713,84509B,4,"3,75 EUR",12668.0,cuisine
22/09/2011,567878,47591D,1,"1,95",16910.0,cuisine
14/11/2011,576300,22979,2,"1,45",15058.0,CUISINE
24-07-2011,561029,21731,12,"1,65",, deco
10/03/2011,546255,84510A,10,"1,25",13468.0, jardin
15/11/2011,576593,23082,2,"3,75",15720.0,PAPETERIE
18-04-2011,550344,22534,576,"0,36",, jouet
25/05/2011,554556,22433,6,"1,95",13098.0,BIJOU
31-08-2011,565067,23176,1,"2,25",15856.0,deco
18/08/2011,563613,16161P,25,"0,42",12688.0,PAPETERIE
08-05-2011,552311,22621,12,"1,65 EUR",15312.0,CUISINE
12-10-2011,570806,22142,12,"1,45",13115.0,DIVERS
03-05-2011,551657,82486,2,"8,95",, divers
24-10-2011,572459,85123A,60,"2,55 EUR",14911.0, deco
07/12/2011,581003,22635,2,"9,95",14911.0, jouet
29/07/2011,561798,85178,12,"1,25",14911.0,divers
07/07/2011,559298,21731,24,"1,65",12471.0,deco
04-02-2011,543178,22150,6,"1,95",14911.0, divers
13/06/2011,556510,84692,25,"0,42",14911.0, jardin
30/06/2011,558628,22895,6,"3,25 EUR",,CUISINE
12/05/2011,552975,21975,24,"0,55",17932.0, cuisine
23/06/2011,557900,23283,10,"6,75",13098.0,deco
25/11/2011,578696,21731,12,"1,65",13985.0, deco
22/06/2011,557793,21172,2,"1,45",14998.0,deco
03/05/2011,551724,82583,2,"2,10",15976.0,DECO
08/07/2011,559372,20685,6,"7,95",12461.0, deco
02-10-2011,569220,23368,3,"0,65 EUR",,PAPETERIE
03-12-2010,536975,22180,4,"9,95",,DECO
04-04-2011,548808,22670,2,"1,25",17774.0,DECO
01/03/2011,545301,21238,8,"0,85",12679.0, cuisine
12/09/2011,566395,23175,12,"3,25",14952.0, divers
10-10-2011,570448,22075,3,"1,65 EUR",13224.0,DIVERS
07-12-2011,581006,22283,4,"7,95",14911.0,CUISINE
08-06-2011,556102,22755,12,"0,85",13115.0,papeterie
21-09-2011,567578,23445,20,"0,83",12701.0, divers
05/12/2010,537133,21210,1,"1,45 EUR",18156.0,PAPETERIE
22/06/2011,557742,23165,12,"1,65",14911.0,CUISINE
16-11-2011,576863,22029,12,"0,42",12626.0,papeterie
04-08-2011,562282,23208,30,"1,65",13098.0, sac
14-10-2011,571231,22197,100,"0,72",,deco
26-05-2011,554713,22554,12,"1,65",,CUISINE
29/09/2011,568994,22609,36,"0,19",12598.0,DIVERS
07/01/2011,540455,22726,16,"3,75",12583.0, deco
19/01/2011,541518,90108,12,"1,05",12451.0,bijou
27-07-2011,561470,23233,25,"0,42",12523.0, papeterie
18/07/2011,560300,21125,12,"1,25",14911.0,DECO
21-03-2011,547194,22554,1,"1,65",12637.0, cuisine
06/12/2010,537335,22699,2,"2,95",,cuisine
24-10-2011,572490,22191,1,"8,50",14467.0,deco
30/11/2011,579870,21577,6,"2,25",12437.0,SAC
24-11-2011,578509,22331,8,"1,65",12705.0,sac
23/09/2011,568104,85078,24,"0,19",16485.0,cuisine
25/11/2011,578698,90030C,6,"1,00",12620.0, bijou
14-11-2011,576345,22956,6,"2,10",12374.0, cuisine
18/10/2011,571705,22630,12,"1,95",12360.0,jouet
05/12/2011,580640,23332,2,"1,65",16910.0,deco
07-10-2011,570023,23539,4,"5,95",13876.0,DIVERS
28/04/2011,551349,22621,12,"1,65",14740.0, cuisine
07/01/2011,540404,21495,25,"0,42",12947.0,papeterie
04/03/2011,545583,22090,6,"2,95",12553.0,PAPETERIE
17-02-2011,544304,20752,1,"2,10",18125.0,DIVERS
12/10/2011,570719,22436,3,"0,65",17913.0, jouet
18/10/2011,571705,21156,8,"1,95",12360.0,CUISINE
25-03-2011,547822,21843,1,"10,95",12668.0,cuisine
16/05/2011,553206,23094,4,"12,50",14156.0,DIVERS
18-04-2011,550440,23159,12,"2,08",, cuisine
11-09-2011,566271,22569,4,"3,75 EUR",,DECO
24/10/2011,572511,23284,2,"8,25",14895.0,DECO
10/10/2011,570418,23130,4,"4,15 EUR",15211.0, deco
02/12/2011,580357,22511,4,"0,79 EUR",15856.0, divers
27/10/2011,572925,23485,1,"25,00",12523.0,jardin
16/09/2011,566987,22077,12,"1,95",12476.0,DIVERS
10/10/2011,570255,23241,6,"2,08",17648.0,cuisine
23/11/2011,578105,22961,12,"1,45",14911.0,divers
07-06-2011,555853,22469,1,"1,65",14375.0,deco
26-10-2011,572880,22633,3,"2,10",16415.0, divers
23/02/2011,544778,82567,1,"2,10",14978.0,deco
08-06-2011,556102,21084,24,"0,19",,papeterie
07-12-2011,581171,23570,12,"1,25",12615.0,jouet
23/02/2011,544811,22472,6,"4,95 EUR",12471.0,JOUET
07/10/2011,570008,22188,4,"3,95",13359.0,PAPETERIE
17-08-2011,563540,20679,3,"5,95",12473.0, jardin
08/11/2011,575067,22328,12,"2,95",, deco
17-11-2011,577039,23163,8,"2,49",12539.0,divers
30-10-2011,573362,23427,1,"12,50",12597.0, divers
01/03/2011,545221,22585,12,"1,25",14740.0, papeterie
18-05-2011,553686,47566,4,"4,95",14911.0,CUISINE
20/11/2011,577508,22557,1,"1,65",18127.0, cuisine
04-05-2011,551818,37450,12,"2,95 EUR",12569.0,cuisine
14/04/2011,550145,22554,12,"1,65",12637.0, cuisine
04/12/2011,580536,23115,6,"4,95",12490.0, divers
08/12/2010,537793,20726,3,"1,65",15032.0, sac
12/10/2011,570875,22617,3,"4,95",12667.0, cuisine
19/12/2010,539464,21877,2,"1,25",17913.0, cuisine
24/05/2011,554349,22907,12,"0,85",14191.0,CUISINE
01/12/2010,C536548,22892,-7,"1,25",12472.0,divers
21/11/2011,577613,22909,12,"0,85",14911.0, cuisine
24/11/2011,578488,22556,3,"1,65",12784.0,CUISINE
05/06/2011,555531,22466,144,"1,65",12678.0, deco
28-11-2011,579102,22474,3,"4,95",14911.0, jouet
05-06-2011,555559,23207,10,"1,65",13862.0, sac
09/05/2011,552325,23204,20,"0,85",12490.0,SAC
31/05/2011,555147,85049E,12,"1,25 EUR",13505.0,divers
25/08/2011,564531,22595,12,"0,85",12624.0,DECO
04-03-2011,545657,22989,6,"3,25",14911.0,CUISINE
27-09-2011,568472,22377,5,"2,10",12517.0,sac
06-07-2011,559058,21108,18,"2,55",12407.0,CUISINE
10/04/2011,549558,22920,1,"0,65 EUR",15058.0,DIVERS
18/11/2011,577180,21621,4,"8,50",12380.0,cuisine
31/05/2011,555147,22423,3,"12,75",13505.0,cuisine
16/02/2011,544115,22523,12,"0,85",12727.0, jardin
20-05-2011,553997,22629,64,"1,65",12656.0,JOUET
19/06/2011,557318,C2,1,"50,00 EUR",14911.0, divers
05/06/2011,555572,22630,12,"1,95",12449.0,jouet
08-07-2011,559372,21136,8,"1,69",12461.0,DIVERS
24/11/2011,578541,21908,12,"2,10",14277.0,deco
03/05/2011,551714,22171,2,"8,50",16806.0, deco
23/02/2011,544790,22899,6,"2,10",16940.0,CUISINE
27/11/2011,578941,22400,8,"0,39",16024.0,divers
14-04-2011,550145,22382,10,"1,65",12637.0,sac
23/09/2011,568103,23290,16,"1,25",12518.0,cuisine
17-08-2011,563557,21976,24,"0,55",15786.0,CUISINE
19/01/2011,541518,22973,12,"1,65",12451.0,CUISINE
20-10-2011,572060,22067,12,"1,65 EUR",12569.0, divers
19-12-2010,539464,21484,3,"3,45",17913.0, cuisine
28/04/2011,551462,84879,8,"1,69 EUR",15210.0, jardin
01/12/2011,580137,22217,6,"1,25 EUR",17566.0,deco
12/04/2011,549906,22288,1,"1,25",14998.0,jouet
06/06/2011,555728,85152,1,"2,10 EUR",17252.0, deco
06/12/2010,C537402,22927,-4,"5,95",15502.0,divers
17/03/2011,546861,21508,12,"0,42",14911.0, papeterie
28/09/2011,568698,22791,24,"1,25",14911.0,CUISINE
28-03-2011,547882,48194,2,"7,95",14911.0,DECO
07/09/2011,565865,23238,6,"4,15",12637.0,cuisine
02/06/2011,555383,22505,4,"4,95",12517.0,deco
21/10/2011,572127,72807B,4,"4,25",14911.0, bijou
11-10-2011,570680,23528,4,"3,75 EUR",13969.0, jouet
26/09/2011,568310,21166,12,"2,08",14911.0,deco
03/12/2010,C536978,22776,-1,"9,95",17954.0,divers
05-12-2011,580705,21080,24,"0,85",12683.0,PAPETERIE
18/10/2011,571676,21900,1,"0,65",16910.0,divers
17-12-2010,539447,22755,12,"0,85",12395.0,papeterie
03/12/2010,C536850,22580,-48,"4,95",14213.0,divers
17-12-2010,539330,37449,8,"8,50 EUR",12370.0, cuisine
04/11/2011,574550,22507,3,"4,95",12484.0, deco
31-01-2011,542648,84832,24,"0,85",12476.0,deco
02/12/2011,580289,85152,36,"2,10",15856.0,deco
01/03/2011,545301,20681,5,"3,25",12679.0,jardin
01/06/2011,555162,21673,12,"1,25",12473.0,deco
27/06/2011,558183,22885,8,"1,95",15996.0,deco
17-08-2011,563557,21174,12,"2,08",15786.0,bijou
17/07/2011,560230,85099B,10,"2,08",12600.0, sac
04/04/2011,548743,22348,12,"0,85",14895.0,SAC
23/02/2011,544790,22383,6,"1,65",16940.0,SAC
17-04-2011,550310,21900,48,"0,65",15985.0,divers
27-02-2011,545071,22879,2,"1,95",15996.0,DECO
11/07/2011,559684,22411,10,"2,08",14367.0,sac
04-10-2011,569406,21892,24,"1,25",16253.0,cuisine
06/07/2011,559135,20677,8,"1,25 EUR",12455.0,cuisine
01-03-2011,545221,22568,4,"3,75",14740.0, deco
18-03-2011,546998,22951,2,"0,55",16023.0, cuisine
14/01/2011,541224,21915,12,"1,25",12474.0,deco
02/12/2011,580140,23316,2,"9,95 EUR",14895.0,deco
31/07/2011,561870,22092,36,"0,39",14911.0, deco
05/06/2011,555531,84378,24,"1,25 EUR",12678.0,DECO
11/10/2011,570640,23205,10,"0,85",12474.0, sac
12-05-2011,552978,84380,48,"1,25",12590.0,DIVERS
05-08-2011,562560,84519B,3,"1,25",14156.0,DIVERS
09/09/2011,566115,22727,8,"3,75",12674.0,deco
07-01-2011,540458,21498,25,"0,42",12501.0,PAPETERIE
06-09-2011,565748,21754,18,"5,45",14156.0,divers
01/11/2011,573892,22138,6,"4,95",14911.0,cuisine
06/12/2010,537418,22941,1,"8,50",17884.0,DECO
24/10/2011,572399,23372,16,"1,25",15628.0,papeterie
23-09-2011,568104,22231,2,"0,59",16485.0, jouet
28/03/2011,547947,20717,10,"1,25",, sac
05/12/2010,C537043,11001,-1,"1,69",15351.0,divers
11-10-2011,570672,23424,4,"4,95",12536.0,DECO
19-05-2011,553752,22935,12,"3,25",14896.0, cuisine
19/10/2011,571913,23242,12,"2,08",18210.0,CUISINE
20-09-2011,567378,85123A,6,"2,95",14911.0,deco
05/08/2011,562560,22628,1,"4,95",,deco
16-06-2011,557007,22189,6,"3,95",12484.0,PAPETERIE
27/10/2011,573130,23494,3,"5,95",13969.0,deco
10-10-2011,570448,20711,10,"2,08 EUR",13224.0,SAC
22-09-2011,567929,22557,12,"1,65",12425.0,cuisine
29-03-2011,548160,22540,24,"0,42",16253.0, jouet
04/12/2011,580527,21306,2,"0,29",13736.0,jardin
10/01/2011,540642,22423,1,"12,75",12681.0,CUISINE
20/01/2011,541649,37446,8,"1,45",17418.0,CUISINE
05-04-2011,548968,21172,24,"1,45",12744.0, deco
24-11-2011,578541,22782,2,"24,95",14277.0,deco
07/12/2011,581193,23209,1,"1,65",17097.0,sac
20/03/2011,547061,21976,24,"0,55",12407.0,CUISINE
27/09/2011,568518,22727,4,"3,75 EUR",12680.0,deco
10/08/2011,562935,23200,30,"2,08",, sac
29/09/2011,568994,23372,16,"1,25 EUR",12598.0, papeterie
09-12-2010,538040,22604,2,"2,55",,cuisine
17-11-2011,577029,21211,6,"1,45",15563.0,papeterie
25/09/2011,568174,23493,1,"1,95",16261.0, deco
23/09/2011,568061,22784,1,"4,95",,deco
13/06/2011,556579,22635,2,"9,95",15069.0,jouet
14-01-2011,541120,22377,20,"0,85",12490.0,sac
29/03/2011,548160,22547,24,"0,42",16253.0,jouet
23-06-2011,557878,21933,4,"1,65 EUR",16940.0,SAC
06/10/2011,569893,23493,10,"1,95",12627.0, deco
20-10-2011,572065,35645,1,"4,25",12556.0,bijou
12/10/2011,570798,21232,72,"1,06",12679.0,deco
31-03-2011,548450,22983,12,"0,42",15856.0,PAPETERIE
05-10-2011,569653,22046,25,"0,42",12451.0,papeterie
18-10-2011,571676,85032C,1,"0,65",16910.0,PAPETERIE
11/05/2011,552839,47566,6,"4,95",14367.0,CUISINE
02-08-2011,562046,22728,4,"3,75",12378.0,DECO
28-09-2011,568651,22637,4,"2,55",12362.0, divers
11/05/2011,552842,23233,25,"0,42",17888.0,papeterie
01/12/2010,C536548,22654,-1,"5,95",12472.0,divers
24/11/2011,578541,84030E,2,"4,25",14277.0,CUISINE
14-10-2011,571223,M,1,"599,50",13810.0,divers
17-10-2011,571442,23333,12,"1,25",17049.0, deco
11-02-2011,543774,82483,16,"5,95 EUR",15856.0,DIVERS
11-01-2011,540838,21876,12,"1,25",13862.0, cuisine
09/09/2011,566163,22729,8,"3,75",12637.0,DECO
03/11/2011,574093,22417,48,"0,55",12437.0,CUISINE
28/02/2011,545084,22326,12,"2,95",12458.0, deco
02-08-2011,562107,20992,96,"0,39",13805.0, sac
03-11-2011,574252,22629,12,"1,95 EUR",12437.0,JOUET
03/10/2011,569336,22623,3,"5,95",15088.0,jouet
01/02/2011,542777,48116,2,"7,95",,deco
25/10/2011,572567,21671,24,"1,45",12398.0,deco
11/01/2011,540770,79302M,6,"2,95 EUR",, deco
04/11/2011,574351,23379,1,"0,39",17348.0, divers
29-09-2011,568901,22704,25,"0,42",15050.0,PAPETERIE
14-07-2011,559928,22668,10,"2,95",12405.0, cuisine
17-12-2010,539338,22820,192,"0,65 EUR",17404.0,sac
18/10/2011,571665,23351,24,"1,25",, papeterie
08/12/2011,581433,22072,12,"1,25",14911.0,cuisine
18/03/2011,546998,20718,2,"1,25",16023.0,sac
28-07-2011,561601,23346,12,"1,25",18151.0, jouet
11/07/2011,559665,21294,12,"0,39 EUR",12556.0,cuisine
18/08/2011,563712,22099,36,"0,39",12680.0,DECO
06/12/2010,537378,22336,24,"0,65",14911.0,deco
31/07/2011,561898,22398,12,"0,39",12456.0,divers
17/11/2011,577050,22661,10,"0,85",14191.0,sac
26/10/2011,572763,22328,6,"2,95",12812.0,DECO
20/10/2011,572092,23300,3,"1,65",17125.0, cuisine
01/12/2011,580092,23528,3,"3,75",13969.0,jouet
05-04-2011,548968,22385,20,"2,08 EUR",12744.0,sac
25/01/2011,541998,21726,24,"0,85",12348.0, papeterie
18/08/2011,563613,23285,16,"0,85 EUR",12688.0,deco
10/08/2011,562882,84279P,4,"3,75",12384.0, divers
29-03-2011,547985,20969,8,"3,75",,SAC
07/12/2010,537626,22805,12,"1,25",12347.0, deco
06-10-2011,569968,23372,2,"1,25",17921.0,PAPETERIE
10/12/2010,538311,21929,10,"1,95",12785.0, sac
18-07-2011,560300,21497,25,"0,42",14911.0,PAPETERIE
10-12-2010,538174,22472,12,"4,95",12471.0,JOUET
11/11/2011,575767,23378,1,"0,39 EUR",17348.0, divers
23/10/2011,572307,22113,6,"4,25",16905.0,CUISINE
20/03/2011,547068,22379,10,"2,10",13985.0,sac
28-04-2011,551398,21977,24,"0,55",12417.0,CUISINE
17/01/2011,541269,22447,6,"3,35",12626.0, deco
16-11-2011,576638,21479,4,"4,25",13890.0, cuisine
26/10/2011,572896,21684,12,"0,85",12456.0,CUISINE
08/12/2011,581433,21108,18,"0,79",14911.0,CUISINE
07/09/2011,565851,22423,6,"12,75",14911.0,cuisine
07-01-2011,540469,22814,12,"0,42",12484.0,papeterie
18/08/2011,563688,21932,10,"1,65",16767.0,SAC
07/01/2011,540469,22550,3,"3,75",12484.0,divers
14-07-2011,559928,20977,16,"1,25",12405.0,papeterie
28/01/2011,542425,22831,6,"2,95",12574.0, divers
22/11/2011,578024,23355,4,"4,95",12705.0, cuisine
24-01-2011,541932,22763,12,"8,50",14439.0,DIVERS
01/11/2011,573748,22744,6,"2,95 EUR",14911.0, papeterie
18-08-2011,563662,21249,6,"2,95",12729.0, papeterie
10/10/2011,570388,82486,2,"8,95",14911.0,divers
24-07-2011,561077,23243,4,"4,95",17649.0, cuisine
14/10/2011,571227,21116,6,"4,95",12477.0, divers
18/04/2011,550440,21108,9,"2,55",12407.0,cuisine
02/08/2011,562046,21989,24,"0,85",12378.0,PAPETERIE
15/05/2011,553203,85066,2,"12,75",, deco
01/12/2010,536562,21232,12,"1,25",13468.0,deco
23/06/2011,557957,82551,2,"1,45 EUR",13969.0, deco
05/12/2010,537133,22197,2,"0,85",, deco
02/11/2011,573927,23404,6,"4,95",13890.0,DIVERS
02/11/2011,574068,23349,12,"1,25",12490.0,papeterie
11/10/2011,570672,22149,6,"2,10 EUR",12536.0,jardin
15/11/2011,576371,22487,1,"9,95",14911.0,JARDIN
15/03/2011,546678,21239,8,"0,85",12681.0,cuisine
18-11-2011,577312,22112,6,"4,95",17049.0,CUISINE
24/11/2011,578349,22593,24,"0,85",14539.0, deco
10-11-2011,575504,21169,12,"1,69",14895.0,DECO
04/11/2011,574550,22940,3,"4,25",12484.0, divers
16/05/2011,553206,48173C,10,"6,75",14156.0,deco
17-12-2010,539351,20712,10,"1,95",12551.0, sac
21-03-2011,547194,20728,1,"1,65",12637.0, sac
04-08-2011,562340,23290,8,"1,25",13985.0,CUISINE
24-08-2011,564360,22813,12,"1,95",12471.0,jardin
19-08-2011,563848,22759,12,"1,65",14911.0,PAPETERIE
27/01/2011,542393,20992,4,"0,85",18125.0, sac
18/10/2011,571562,22795,16,"5,95",14156.0,DECO
22-11-2011,577850,23218,12,"1,25",14911.0,deco
15-09-2011,566912,21975,24,"0,55",14367.0, cuisine
16-12-2010,539118,22554,5,"1,65",15563.0,CUISINE
15-02-2011,544074,22914,2,"4,95 EUR",14156.0, divers
18-08-2011,563712,23190,12,"1,65",12680.0, divers
04/03/2011,545583,22139,3,"4,95",12553.0, cuisine
11-08-2011,563024,23045,2,"4,15",14639.0,PAPETERIE
08/12/2011,581232,15056N,24,"5,95",12358.0, jardin
03/02/2011,543048,84879,8,"1,69",,jardin
25/09/2011,568176,23209,10,"1,65",12685.0,sac
05/12/2010,537133,84032A,1,"2,95",18156.0,CUISINE
18/05/2011,553686,22607,6,"9,95",,jardin
17-03-2011,546875,21754,6,"5,95",12514.0,divers
14-09-2011,566734,22068,1,"1,65",16910.0, divers
28/04/2011,551349,21731,12,"1,65",14740.0,DECO
03/03/2011,545515,21087,24,"0,65",12727.0,PAPETERIE
15/02/2011,544074,85099B,2,"1,95 EUR",14156.0, sac
15/11/2011,576596,23332,12,"1,65",14911.0,DECO
04/10/2011,569402,22555,12,"1,65",12413.0, cuisine
14/02/2011,543911,21485,6,"4,95",17829.0,CUISINE
23-10-2011,572307,23215,24,"2,08",16905.0, deco
07-01-2011,540404,20727,10,"1,65",12947.0,sac
02/09/2011,565287,22352,12,"2,55",12483.0,CUISINE
27/06/2011,558183,22683,2,"1,25",15996.0,deco
16-06-2011,557067,23245,16,"4,15",13098.0, cuisine
12/10/2011,570839,22909,12,"0,85",14911.0,cuisine
24-08-2011,564316,23241,6,"2,08",13985.0, cuisine
05-12-2010,537133,84029E,1,"3,75 EUR",18156.0, deco
10/08/2011,562890,21636,12,"0,75",14191.0,PAPETERIE
16-06-2011,556953,23162,24,"3,75",14911.0,cuisine
23/09/2011,568095,90174,6,"2,55 EUR",14911.0,bijou
22/11/2011,578024,22624,2,"8,50",12705.0, cuisine
22-11-2011,577825,22378,5,"2,10",17453.0,DIVERS
15/08/2011,563241,23201,30,"2,08 EUR",12758.0, sac
10/05/2011,552547,22382,30,"1,65",13098.0, sac
22/02/2011,544657,22824,1,"35,95",14895.0,JARDIN
19/06/2011,557303,23167,12,"0,83",12450.0,CUISINE
16/08/2011,563482,23254,2,"4,15",17097.0,CUISINE
27/07/2011,561507,22029,12,"0,42",12397.0, papeterie
05/10/2011,569677,22578,24,"0,29",15106.0,DECO
17/11/2011,577121,35970,12,"1,69 EUR",, divers
04-11-2011,574351,22071,1,"3,75 EUR",17348.0, cuisine
22-11-2011,578084,22142,12,"1,45",12465.0, divers
09-12-2010,538009,21733,18,"2,95",,DECO
28-10-2011,573289,23358,6,"3,75",12705.0,CUISINE
05-10-2011,569701,23009,2,"16,95",12723.0,divers
19/07/2011,560544,71279,6,"2,95",12569.0,CUISINE
26-08-2011,564670,23293,8,"0,83",12683.0,cuisine
27/11/2011,578926,22751,1,"3,75",18156.0, jouet
23/11/2011,578108,23357,4,"4,95",14912.0, cuisine
27-11-2011,578994,22423,16,"10,95",14911.0,cuisine
25/07/2011,561094,22150,6,"1,95",12474.0,DIVERS
17/10/2011,571328,22337,24,"0,65",12473.0,DECO
04/05/2011,551868,22023,12,"0,42",12540.0, papeterie
16/11/2011,576880,23126,4,"4,95",14911.0,DIVERS
31/07/2011,561870,22304,6,"2,55",14911.0,cuisine
19/10/2011,571905,84006,12,"0,85",12370.0,papeterie
28/03/2011,547892,22892,12,"1,25",12669.0, divers
14-07-2011,559987,23296,128,"1,04",12619.0,cuisine
24-11-2011,578541,22071,6,"3,75",14277.0,cuisine
19/04/2011,550522,22563,12,"1,25 EUR",12947.0, divers
05-12-2011,580640,84380,1,"1,45",16910.0,divers
27/02/2011,545053,20914,2,"2,95 EUR",17516.0,CUISINE
09/02/2011,543484,85099B,10,"1,95",12721.0, sac
22/11/2011,578082,23145,12,"0,95",12775.0,deco
17/12/2010,539327,21481,6,"2,95",12600.0,cuisine
18/10/2011,571676,23329,2,"1,65",16910.0,deco
31/03/2011,548489,21843,3,"10,95",12619.0,cuisine
17-10-2011,571461,47369A,1,"2,95",16932.0, sac
18/07/2011,560360,23108,2,"6,25",12744.0, jouet
15/08/2011,563288,22383,10,"1,65",12656.0,sac
03-12-2010,536943,22739,1,"1,65 EUR",17884.0, deco
09/06/2011,556194,22378,15,"2,10",12483.0, divers
04-08-2011,562340,20914,6,"2,95 EUR",13985.0,CUISINE
24-06-2011,558045,21929,10,"2,08",12615.0,SAC
04/10/2011,569527,21672,1,"1,45",12512.0,DECO
12/06/2011,556474,22173,3,"2,95",, deco
22/03/2011,547387,22849,1,"16,95",12539.0, divers
24-07-2011,561029,23204,10,"0,85",12490.0,SAC
21-02-2011,544495,21124,24,"1,25",12766.0,DECO
06-09-2011,565749,23166,48,"1,04 EUR",14156.0, cuisine
09/12/2011,581578,22736,10,"1,65 EUR",12713.0, divers
25/03/2011,547822,20750,2,"7,95",12668.0,divers
14/11/2011,576246,23541,2,"8,25",17566.0,divers
21/02/2011,544572,22920,12,"0,65",14639.0, divers
12-12-2010,538397,22230,24,"0,85",12753.0,JOUET
05/04/2011,548993,23176,32,"2,25",12753.0,DECO
25-10-2011,572568,21877,12,"1,65",14001.0,cuisine
05/09/2011,565596,22086,14,"2,95",,papeterie
24/06/2011,558067,23271,48,"0,83 EUR",14156.0, deco
14/08/2011,563230,84692,8,"0,42",15376.0,JARDIN
30-10-2011,573362,23397,2,"9,95 EUR",12597.0,DIVERS
27/09/2011,568417,22110,12,"2,55",14911.0, cuisine
14-01-2011,541120,84378,12,"1,25 EUR",12490.0,deco
07/01/2011,540404,20728,10,"1,65",12947.0,sac
08-03-2011,545937,21745,4,"3,75",12758.0,JARDIN
18-10-2011,571705,72817,24,"0,79",12360.0,DECO
05-08-2011,562560,21889,3,"1,25",14156.0,deco
12/10/2011,570694,23328,18,"3,75",14911.0,CUISINE
08/12/2011,581433,22192,2,"8,50",14911.0,DECO
02/12/2010,C536828,84946,-3,"1,25",,divers
13/05/2011,553037,22993,24,"1,25",12471.0,CUISINE
07/10/2011,569998,21843,1,"10,95 EUR",12540.0,CUISINE
30/10/2011,573362,22152,24,"0,42",12597.0,CUISINE
10-11-2011,575504,21212,24,"0,55",14895.0,CUISINE
17-11-2011,577046,POST,7,"18,00",12449.0,divers
17/12/2010,539338,22651,144,"0,85",17404.0,divers
25-11-2011,578811,21481,4,"3,75 EUR",12438.0,CUISINE
17-10-2011,571328,85183B,12,"1,25",12473.0, papeterie
08/12/2010,537831,22111,4,"4,95",17894.0,cuisine
09/01/2011,540519,20718,20,"1,25",12793.0, sac
10/01/2011,540550,84509A,4,"3,75",12539.0,jardin
16-03-2011,546760,82581,12,"0,55",12597.0,deco
08-09-2011,565931,21481,4,"3,75",12683.0, cuisine
03/10/2011,569336,22114,4,"4,25",15088.0,cuisine
11/10/2011,570513,23016,12,"6,65",14952.0,CUISINE
25-07-2011,561093,21877,12,"1,25",12540.0,cuisine
30/10/2011,573388,23296,16,"1,25",14895.0,CUISINE
17/04/2011,550313,21578,6,"2,25 EUR",12681.0,SAC
02-08-2011,562046,22914,3,"4,95",12378.0,DIVERS
14-11-2011,576345,22810,6,"2,95",12374.0,DECO
23/06/2011,557878,22990,4,"4,95",16940.0,CUISINE
10/10/2011,570255,23298,6,"4,95",17648.0,CUISINE
15-05-2011,553203,22635,4,"9,95",14911.0, jouet
28/04/2011,551349,22993,12,"1,25",14740.0,CUISINE
27/07/2011,561388,23238,96,"3,75 EUR",12753.0,cuisine
22/11/2011,577850,85199S,24,"0,42",14911.0,JARDIN
07/12/2011,581183,22124,12,"0,79",12569.0,CUISINE
06/12/2010,C537402,22196,-12,"0,85",15502.0,divers
31/01/2011,542711,21733,1,"2,95",17894.0,deco
05/06/2011,555547,22554,12,"1,65",,CUISINE
11/10/2011,570680,22049,25,"0,19",13969.0,PAPETERIE
21/07/2011,560891,22609,36,"0,19",15106.0,DIVERS
04/08/2011,562340,21559,6,"2,55 EUR",,cuisine
02-09-2011,565287,23298,9,"4,95 EUR",12483.0,cuisine
25-01-2011,542130,22055,8,"1,65",13468.0, cuisine
04/04/2011,548808,21114,10,"1,25",17774.0,DECO
15-09-2011,566912,85099B,10,"2,08",14367.0,SAC
13/02/2011,543798,22569,2,"3,75 EUR",15058.0, deco
11/10/2011,570672,21524,2,"8,25",12536.0,DECO
23/12/2010,539984,22550,4,"3,75",14911.0,DIVERS
01/02/2011,542777,22208,12,"1,65 EUR",14911.0,divers
02/12/2010,C536820,22877,-1,"1,95",18168.0,divers
05/06/2011,555576,22631,36,"1,95",13410.0,DECO
14-11-2011,576353,23504,6,"1,25",15050.0, papeterie
10-11-2011,575728,23081,2,"8,25",14911.0,deco
01-12-2011,580137,22630,1,"1,95",17566.0,JOUET
04/12/2011,580536,23344,10,"2,08",12490.0,sac
17/07/2011,560251,23235,1,"2,89",17774.0,cuisine
27-07-2011,561398,22555,12,"1,65",16767.0,CUISINE
19/05/2011,553838,84978,12,"1,25",12620.0,CUISINE
26/08/2011,564654,22141,6,"2,10",14911.0, jardin
11/07/2011,559607,23235,6,"2,89",12681.0,CUISINE
26-08-2011,564565,22417,24,"0,55",14911.0,CUISINE
24/10/2011,572528,21055,1,"8,95",13176.0, jouet
20/01/2011,541631,22726,8,"3,75",12637.0, deco
18/05/2011,553577,22583,12,"2,55",12437.0,sac
04-12-2011,580527,22626,1,"8,50",,cuisine
27-05-2011,554854,22669,5,"2,95",16369.0,cuisine
25/10/2011,572567,21982,24,"0,39",12398.0,DIVERS
11/10/2011,570499,21326,12,"0,65 EUR",12772.0,cuisine
17-11-2011,576910,21212,24,"0,55",12477.0, cuisine
17-06-2011,557136,85049C,12,"1,25",14911.0, divers
25/07/2011,561194,23197,12,"1,45 EUR",,divers
29/11/2011,579515,23582,10,"2,08",14191.0,sac
08/03/2011,545996,47590B,2,"5,45",14367.0,cuisine
28/08/2011,564719,22097,3,"0,39",15325.0,DECO
28/02/2011,545084,POST,2,"40,00",12458.0,DIVERS
11/05/2011,552826,22626,1,"8,50",,CUISINE
20/11/2011,577476,22741,48,"0,85",12540.0,divers
03/02/2011,543056,22472,6,"4,95",12471.0, jouet
11-11-2011,575734,22632,12,"2,10",12384.0,DIVERS
24-06-2011,558041,22960,6,"4,25",12422.0, cuisine
25/11/2011,578705,84988,3,"1,45",12531.0, papeterie
14/11/2011,576246,22086,1,"2,95",17566.0, papeterie
14/08/2011,563227,21232,72,"1,06",14301.0,deco
22/07/2011,560997,21240,8,"0,85",12627.0,cuisine
13/05/2011,553037,23177,8,"2,25",12471.0,DECO
02-12-2010,536839,21507,36,"0,42",15093.0,papeterie
20/12/2010,539488,22729,4,"3,75 EUR",12377.0,deco
17/12/2010,539395,22555,12,"1,65 EUR",12471.0,CUISINE
14-04-2011,550183,21755,3,"5,95",14105.0, divers
30/10/2011,573362,22161,24,"0,19",12597.0,deco
25/10/2011,572559,23157,12,"2,08",12476.0,divers
09-03-2011,546100,22720,3,"4,95",16572.0,CUISINE
20/01/2011,541670,22138,24,"4,25",14911.0, cuisine
17/02/2011,544304,72349B,2,"2,10",18125.0,DECO
05/06/2011,555557,85035C,4,"4,25 EUR",13682.0,jardin
09/06/2011,556203,23220,12,"0,83",12399.0, deco
02/03/2011,545448,22967,6,"2,55",12753.0,papeterie
30-09-2011,569120,21559,6,"2,55",,cuisine
20/12/2010,539488,21877,24,"1,25",12377.0, cuisine
09/06/2011,556258,22620,12,"1,45",12694.0,divers
27/09/2011,568417,22726,12,"3,75",14911.0,DECO
03/02/2011,543114,22692,2,"7,95",14156.0,DECO
21/11/2011,577732,22212,12,"2,10",15093.0, jardin
22/08/2011,563950,23191,12,"1,65",12471.0,DIVERS
24/02/2011,544931,22570,4,"3,75",13501.0, jouet
08-06-2011,556042,20725,10,"1,65",14367.0,sac
22/02/2011,544657,37449,6,"9,95",,CUISINE
20/06/2011,557427,23308,24,"0,55",12429.0,CUISINE
10/03/2011,546212,21756,18,"5,45 EUR",,DIVERS
17-11-2011,576923,21218,48,"3,25",, cuisine
08/11/2011,575078,21216,4,"4,95",17633.0,CUISINE
31-07-2011,561898,22426,4,"3,75 EUR",12456.0,cuisine
11/07/2011,559673,85152,12,"2,10",,DECO
20/11/2011,577528,23035,6,"1,45",15745.0, deco
28/08/2011,564719,22099,4,"0,39",15325.0,DECO
20/05/2011,554038,84406B,12,"4,15",12775.0, cuisine
13-09-2011,566576,22846,4,"14,95 EUR",13098.0,DIVERS
18/08/2011,563613,16008,24,"0,12",12688.0, divers
15/11/2011,576593,23196,2,"1,45",15720.0,deco
16/09/2011,567134,20712,10,"2,08",12600.0,SAC
08-08-2011,562670,21080,12,"0,85",14911.0,PAPETERIE
24-08-2011,564356,22676,7,"1,25",13969.0,deco
22-09-2011,567720,22568,8,"3,75",14911.0,DECO
01/11/2011,573892,22139,3,"4,95",,cuisine
25/03/2011,547789,21086,12,"0,65",,papeterie
08-12-2011,581433,23110,2,"5,75",, divers
03/11/2011,574093,47590A,3,"5,45",12437.0,CUISINE
11-09-2011,566233,23326,48,"0,63",12635.0, cuisine
01/03/2011,545301,84997C,5,"4,15",12679.0,cuisine
19/12/2010,539464,22666,1,"2,95",17913.0,CUISINE
04-12-2011,580394,22596,12,"1,25",14397.0, papeterie
08-07-2011,559362,22303,6,"2,55",12635.0,cuisine
24-10-2011,572511,23526,4,"5,95",14895.0,DIVERS
09/05/2011,552320,21790,12,"0,85",13985.0, papeterie
12-07-2011,559704,22374,4,"4,25",12669.0,sac
09/09/2011,566200,20979,1,"1,25",16910.0,papeterie
27/07/2011,561388,22615,96,"0,29",12753.0,divers
25/01/2011,541998,21726,24,"0,85",12348.0, papeterie
11-07-2011,559684,21928,10,"2,08",14367.0, sac
15-12-2010,539041,82600,4,"2,10",15456.0,deco
18/11/2011,577355,23403,4,"3,75",14911.0, deco
07/09/2011,565800,22197,24,"0,85",,DECO
04/09/2011,565426,23039,2,"1,95",12851.0, deco
11/01/2011,540824,21108,9,"2,55 EUR",12728.0,CUISINE
01-12-2011,579910,21259,2,"5,95",14911.0,DECO
02/12/2010,C536815,22178,-1,"1,25",14443.0,divers
14-09-2011,566734,20974,2,"0,65",16910.0,papeterie
02-02-2011,543030,22027,12,"0,42 EUR",12437.0,papeterie
16/05/2011,553208,22813,12,"1,95 EUR",12674.0,JARDIN
24/03/2011,547658,22720,2,"4,95",13736.0,cuisine
24-10-2011,572499,22735,10,"1,65",15786.0, divers
10-04-2011,549558,22979,1,"1,45",15058.0,CUISINE
06/10/2011,569844,22142,12,"1,45",12626.0, divers
25/10/2011,572741,84347,6,"2,55",14341.0,cuisine
20/06/2011,557427,85159B,12,"1,95",12429.0,CUISINE
21-06-2011,557569,21705,12,"1,65 EUR",12474.0,sac
14/07/2011,559928,21981,48,"0,29",12405.0,DIVERS
10/12/2010,538255,21539,3,"4,95",,divers
10/01/2011,540550,22107,4,"3,75",12539.0,cuisine
14/04/2011,550137,22723,8,"3,95",,cuisine
21/11/2011,577785,22551,1,"1,65",16369.0,CUISINE
08/08/2011,562602,21402,24,"0,12",12865.0, cuisine
26/01/2011,542216,22759,12,"1,65",14911.0, papeterie
