cmd_id,date,jour,ca,nart,qte,pays,client_id
536370,2010-12-01 08:45,mercredi,855.86,20,449,France,12583
536526,2010-12-01 12:58,mercredi,301.24,9,94,Royaume-Uni,14001
536529,2010-12-01 13:20,mercredi,161.0,9,38,Royaume-Uni,14237
536540,2010-12-01 14:05,mercredi,540.38,20,231,Irlande,14911
536541,2010-12-01 14:05,mercredi,15.0,1,12,Irlande,14911
536562,2010-12-01 15:08,mercredi,308.65,18,99,Royaume-Uni,13468
536564,2010-12-01 15:08,mercredi,51.4,2,12,Royaume-Uni,13468
536582,2010-12-01 16:21,mercredi,304.04,17,184,Royaume-Uni,12947
536617,2010-12-02 10:17,jeudi,1095.12,11,644,Royaume-Uni,13941
536698,2010-12-02 12:28,jeudi,326.0,16,144,Royaume-Uni,15363
536747,2010-12-02 13:44,jeudi,100.2,12,75,Royaume-Uni,17802
536803,2010-12-02 16:33,jeudi,22.5,1,6,Irlande,14911
536838,2010-12-02 18:23,jeudi,37.2,3,96,Royaume-Uni,14865
536839,2010-12-02 18:25,jeudi,623.73,16,879,Royaume-Uni,15093
536844,2010-12-02 18:49,jeudi,189.3,3,38,Royaume-Uni,14236
536852,2010-12-03 09:51,vendredi,89.14,7,107,France,12686
536858,2010-12-03 10:36,vendredi,303.4,6,110,Suisse,13520
536860,2010-12-03 10:43,vendredi,254.4,10,108,Royaume-Uni,16905
536861,2010-12-03 10:44,vendredi,303.5,10,79,Allemagne,12427
536890,2010-12-03 11:48,vendredi,322.2,3,1548,Irlande,14156
536943,2010-12-03 12:11,vendredi,187.51,28,170,Royaume-Uni,17884
536967,2010-12-03 12:57,vendredi,76.5,2,31,Allemagne,12600
536975,2010-12-03 14:04,vendredi,1705.65,71,827,Irlande,14911
536990,2010-12-03 15:14,vendredi,131.8,7,65,Portugal,12793
537026,2010-12-03 16:35,vendredi,346.1,12,528,Belgique,12395
537030,2010-12-03 16:44,vendredi,246.3,13,142,Royaume-Uni,16455
537031,2010-12-03 16:45,vendredi,135.0,6,108,Royaume-Uni,16455
537081,2010-12-05 12:00,dimanche,1145.06,25,442,Autre,15332
537086,2010-12-05 12:01,dimanche,438.0,8,168,Autre,15332
537090,2010-12-05 12:02,dimanche,15.0,1,12,Autre,15332
537133,2010-12-05 12:29,dimanche,206.23,55,73,Royaume-Uni,18156
537335,2010-12-06 12:15,lundi,98.7,23,32,Royaume-Uni,15048
537368,2010-12-06 12:40,lundi,377.5,15,135,Irlande,14911
537378,2010-12-06 13:06,lundi,784.15,20,476,Irlande,14911
537386,2010-12-06 13:32,lundi,20.85,1,3,Irlande,14911
537387,2010-12-06 13:34,lundi,222.18,14,84,Royaume-Uni,13468
537418,2010-12-06 15:13,lundi,137.11,36,66,Royaume-Uni,17884
537433,2010-12-06 16:36,lundi,417.62,4,146,Royaume-Uni,12913
537463,2010-12-07 10:08,mardi,1033.52,41,585,France,12681
537626,2010-12-07 14:57,mardi,711.79,31,319,Autre,12347
537674,2010-12-08 09:51,mercredi,319.18,19,250,Royaume-Uni,15628
537793,2010-12-08 12:57,mercredi,2746.75,29,1655,Royaume-Uni,15032
537810,2010-12-08 13:30,mercredi,23.85,1,3,Royaume-Uni,15032
537815,2010-12-08 13:49,mercredi,300.7,15,158,Royaume-Uni,17676
537818,2010-12-08 13:53,mercredi,1149.29,53,424,Portugal,12766
537827,2010-12-08 14:43,mercredi,63.0,1,30,Autre,15332
537831,2010-12-08 14:50,mercredi,106.77,11,39,Royaume-Uni,17894
537833,2010-12-08 14:53,mercredi,590.0,1,200,Royaume-Uni,13270
537855,2010-12-08 15:59,mercredi,263.25,32,95,Royaume-Uni,15996
537897,2010-12-09 10:37,jeudi,213.88,13,107,France,12683
537915,2010-12-09 10:55,jeudi,254.03,13,118,Portugal,12797
537967,2010-12-09 11:31,jeudi,57.6,3,9,France,12494
538003,2010-12-09 12:05,jeudi,1281.5,20,454,Danemark,12429
538008,2010-12-09 12:17,jeudi,849.2,41,557,France,12683
538009,2010-12-09 12:17,jeudi,945.55,32,287,Irlande,14911
538011,2010-12-09 12:24,jeudi,257.22,32,184,Royaume-Uni,14896
538040,2010-12-09 13:08,jeudi,325.76,60,217,Royaume-Uni,16520
538053,2010-12-09 13:34,jeudi,1571.32,30,675,Royaume-Uni,15856
538087,2010-12-09 14:44,jeudi,60.0,4,16,Royaume-Uni,17339
538095,2010-12-09 14:55,jeudi,174.72,40,67,Espagne,17097
538097,2010-12-09 14:56,jeudi,315.0,15,196,Royaume-Uni,15192
538145,2010-12-09 16:08,jeudi,383.07,23,117,Royaume-Uni,15211
538170,2010-12-09 19:32,jeudi,317.59,25,133,Royaume-Uni,13969
538174,2010-12-10 09:35,vendredi,1982.41,47,1075,Allemagne,12471
538175,2010-12-10 09:48,vendredi,378.0,1,21,Allemagne,12471
538255,2010-12-10 12:33,vendredi,1156.05,51,379,Irlande,14911
538279,2010-12-10 12:48,vendredi,686.16,7,472,Royaume-Uni,14952
538311,2010-12-10 13:48,vendredi,311.95,14,131,Portugal,12785
538397,2010-12-12 11:44,dimanche,3590.59,48,2409,Japon,12753
538525,2010-12-13 09:39,lundi,881.01,20,300,Espagne,12540
538636,2010-12-13 13:50,lundi,676.54,41,272,Royaume-Uni,14639
538644,2010-12-13 14:39,lundi,12.45,2,2,Allemagne,12476
538679,2010-12-13 17:03,lundi,150.68,11,52,Royaume-Uni,16455
538707,2010-12-14 10:38,mardi,167.86,43,77,Royaume-Uni,17894
538826,2010-12-14 12:58,mardi,1590.82,83,917,Chypre,12370
538848,2010-12-14 13:28,mardi,1188.0,1,240,Suede,17404
538870,2010-12-14 14:54,mardi,85.75,5,125,Royaume-Uni,12829
539007,2010-12-15 13:00,mercredi,105.88,17,34,Royaume-Uni,17894
539036,2010-12-15 14:35,mercredi,300.87,17,423,Royaume-Uni,14913
539041,2010-12-15 15:34,mercredi,243.22,26,434,Royaume-Uni,15456
539084,2010-12-16 09:31,jeudi,190.35,11,93,Royaume-Uni,13890
539112,2010-12-16 11:15,jeudi,328.77,19,119,Royaume-Uni,13468
539113,2010-12-16 11:24,jeudi,4.95,1,3,France,12494
539118,2010-12-16 11:27,jeudi,270.19,22,315,Royaume-Uni,15563
539318,2010-12-16 19:09,jeudi,892.8,17,1254,Finlande,12348
539320,2010-12-16 19:16,jeudi,707.06,18,358,Irlande,14911
539327,2010-12-17 09:24,vendredi,198.3,5,43,Allemagne,12600
539330,2010-12-17 09:38,vendredi,277.2,8,51,Chypre,12370
539338,2010-12-17 10:54,vendredi,2646.3,25,3714,Suede,17404
539351,2010-12-17 11:23,vendredi,168.0,10,100,Espagne,12551
539379,2010-12-17 11:43,vendredi,177.15,12,65,Royaume-Uni,15780
539391,2010-12-17 11:51,vendredi,291.34,11,60,Belgique,12417
539395,2010-12-17 11:52,vendredi,1484.25,27,444,Allemagne,12471
539398,2010-12-17 11:53,vendredi,29.7,1,6,Allemagne,12471
539416,2010-12-17 13:56,vendredi,29.43,3,52,Royaume-Uni,17888
539435,2010-12-17 14:46,vendredi,180.0,5,65,France,12691
539446,2010-12-17 15:58,vendredi,858.0,30,397,Allemagne,12705
539447,2010-12-17 16:00,vendredi,333.82,19,225,Belgique,12395
539452,2010-12-17 17:06,vendredi,741.22,9,266,Royaume-Uni,15856
539464,2010-12-19 11:35,dimanche,218.05,31,100,Royaume-Uni,17913
539466,2010-12-19 12:46,dimanche,469.87,24,337,Allemagne,12668
539473,2010-12-19 14:24,dimanche,411.1,18,155,Irlande,14911
539488,2010-12-20 09:37,lundi,1001.52,43,604,Suisse,12377
539551,2010-12-20 11:38,lundi,286.6,15,129,France,12721
539580,2010-12-20 12:51,lundi,289.74,16,177,Royaume-Uni,15312
539607,2010-12-20 14:10,lundi,1084.59,47,604,France,12681
539647,2010-12-20 16:08,lundi,216.76,58,109,Royaume-Uni,15460
539676,2010-12-21 10:54,mardi,237.93,16,188,Belgique,12423
539688,2010-12-21 11:00,mardi,150.0,1,1,France,12678
539722,2010-12-21 13:45,mardi,762.3,28,344,Irlande,14911
539727,2010-12-21 14:26,mardi,71.28,4,25,France,12678
539829,2010-12-22 12:47,mercredi,110.4,4,88,France,12734
539836,2010-12-22 13:46,mercredi,135.34,21,72,Royaume-Uni,17894
539865,2010-12-23 09:59,jeudi,344.88,3,120,Royaume-Uni,15587
539946,2010-12-23 11:46,jeudi,128.7,9,63,Allemagne,13817
539984,2010-12-23 14:58,jeudi,289.85,15,108,Irlande,14911
539985,2010-12-23 15:16,jeudi,968.77,14,387,Royaume-Uni,15856
540040,2011-01-04 14:20,mardi,547.56,13,293,Suede,12483
540178,2011-01-05 12:42,mercredi,556.07,34,362,France,12681
540183,2011-01-05 13:37,mercredi,1220.4,21,628,Royaume-Uni,15093
540351,2011-01-06 14:26,jeudi,319.77,22,263,France,12735
540365,2011-01-06 16:12,jeudi,479.25,24,180,France,12413
540404,2011-01-07 09:40,vendredi,301.66,16,235,Royaume-Uni,12947
540410,2011-01-07 10:04,vendredi,387.4,13,95,Allemagne,12530
540420,2011-01-07 11:13,vendredi,207.25,6,251,Royaume-Uni,12829
540455,2011-01-07 12:07,vendredi,730.16,22,491,France,12583
540458,2011-01-07 12:28,vendredi,2169.39,149,1783,Allemagne,12501
540469,2011-01-07 14:04,vendredi,1138.67,98,630,Espagne,12484
540518,2011-01-09 12:03,dimanche,97.5,7,58,Royaume-Uni,14761
540519,2011-01-09 12:12,dimanche,413.68,17,230,Portugal,12793
540520,2011-01-09 12:31,dimanche,195.45,49,156,Royaume-Uni,17555
540546,2011-01-09 15:56,dimanche,686.48,35,411,Portugal,12766
540547,2011-01-09 16:07,dimanche,258.0,13,85,Irlande,14911
540550,2011-01-10 09:11,lundi,1715.85,93,643,Espagne,12539
540553,2011-01-10 09:48,lundi,344.94,5,243,Allemagne,12500
540642,2011-01-10 13:22,lundi,1238.06,50,635,France,12681
540770,2011-01-11 10:40,mardi,145.75,7,49,Royaume-Uni,13468
540789,2011-01-11 11:48,mardi,871.2,2,578,France,12643
540801,2011-01-11 12:25,mardi,1147.18,31,475,Espagne,12540
540824,2011-01-11 13:31,mardi,252.54,13,122,France,12728
540838,2011-01-11 15:13,mardi,425.1,27,308,Royaume-Uni,13862
540851,2011-01-12 09:43,mercredi,102.95,7,43,France,12523
540972,2011-01-12 14:13,mercredi,392.7,7,134,France,12437
540976,2011-01-12 15:00,mercredi,919.98,48,505,France,12652
541003,2011-01-13 10:35,jeudi,301.11,15,155,Royaume-Uni,15835
541018,2011-01-13 12:03,jeudi,310.26,38,99,Royaume-Uni,14978
541093,2011-01-13 13:21,jeudi,753.45,7,100,Allemagne,12471
541115,2011-01-13 15:34,jeudi,1608.66,70,748,Italie,12578
541120,2011-01-14 09:13,vendredi,864.22,43,548,France,12490
541121,2011-01-14 09:20,vendredi,225.9,10,78,France,12672
541125,2011-01-14 10:06,vendredi,47.5,2,11,Allemagne,12474
541138,2011-01-14 10:42,vendredi,700.31,38,446,France,12553
541139,2011-01-14 11:05,vendredi,313.2,22,262,Royaume-Uni,15213
541220,2011-01-14 14:11,vendredi,16774.72,41,6198,Irlande,14156
541224,2011-01-14 14:45,vendredi,201.9,11,71,Allemagne,12474
541269,2011-01-17 11:01,lundi,1096.0,53,412,Allemagne,12626
541271,2011-01-17 11:12,lundi,431.3,19,204,Australie,12388
541277,2011-01-17 11:46,lundi,220.9,23,171,Allemagne,12673
541405,2011-01-17 15:17,lundi,732.14,21,268,France,12683
541427,2011-01-18 08:46,mardi,405.0,6,60,Royaume-Uni,17018
541434,2011-01-18 10:22,mardi,465.58,10,287,Irlande,14911
541439,2011-01-18 10:58,mardi,69.6,5,96,Royaume-Uni,16948
541491,2011-01-18 14:04,mardi,681.05,29,294,Espagne,12510
541518,2011-01-19 09:05,mercredi,2919.51,101,2334,Suisse,12451
541520,2011-01-19 09:13,mercredi,238.5,13,113,Australie,12422
541567,2011-01-19 11:51,mercredi,752.75,31,386,France,12681
541569,2011-01-19 12:14,mercredi,685.12,25,319,Suisse,13520
541576,2011-01-19 13:32,mercredi,112.92,23,48,Espagne,17097
541631,2011-01-20 10:47,jeudi,1516.68,72,708,France,12637
541649,2011-01-20 11:39,jeudi,167.39,12,139,Royaume-Uni,17418
541670,2011-01-20 12:34,jeudi,2756.84,21,1332,Irlande,14911
541675,2011-01-20 13:49,jeudi,225.6,11,94,Belgique,12402
541703,2011-01-21 09:52,vendredi,341.0,12,145,Italie,12594
541793,2011-01-21 13:13,vendredi,345.24,19,212,Royaume-Uni,13969
541857,2011-01-23 15:17,dimanche,514.5,12,126,France,12727
541877,2011-01-24 10:12,lundi,486.11,20,247,Allemagne,12559
541932,2011-01-24 11:39,lundi,2661.24,32,526,Grece,14439
541979,2011-01-24 14:54,lundi,282.44,15,47,Irlande,14911
541980,2011-01-24 15:09,lundi,157.45,11,104,Espagne,12421
541981,2011-01-24 15:32,lundi,190.2,9,84,France,12691
541991,2011-01-25 09:11,mardi,323.44,16,108,Belgique,12417
541998,2011-01-25 10:42,mardi,227.44,6,601,Finlande,12348
542081,2011-01-25 12:21,mardi,15.15,2,10,Royaume-Uni,15213
542102,2011-01-25 13:26,mardi,2053.07,56,1091,Autre,12744
542111,2011-01-25 13:55,mardi,224.48,16,170,Royaume-Uni,14341
542113,2011-01-25 13:55,mardi,111.15,7,33,Royaume-Uni,14341
542130,2011-01-25 15:36,mardi,146.1,10,66,Royaume-Uni,13468
542132,2011-01-25 15:59,mardi,36.0,1,2,France,12691
542141,2011-01-26 08:38,mercredi,326.4,2,128,Royaume-Uni,14548
542213,2011-01-26 12:15,mercredi,113.7,9,62,Royaume-Uni,13837
542216,2011-01-26 12:29,mercredi,802.56,52,690,Irlande,14911
542221,2011-01-26 12:40,mercredi,379.28,36,90,Royaume-Uni,14978
542224,2011-01-26 12:45,mercredi,92.7,15,112,Royaume-Uni,17888
542229,2011-01-26 13:38,mercredi,350.4,22,207,Allemagne,12474
542233,2011-01-26 13:46,mercredi,648.8,12,211,Royaume-Uni,13098
542237,2011-01-26 14:30,mercredi,475.39,29,315,Autre,12347
542267,2011-01-26 17:43,mercredi,9.9,1,2,Royaume-Uni,16882
542276,2011-01-27 10:19,jeudi,1693.88,45,386,Autre,12764
542278,2011-01-27 10:43,jeudi,564.05,21,155,Irlande,14911
542303,2011-01-27 11:05,jeudi,1715.85,93,643,Espagne,12539
542369,2011-01-27 13:08,jeudi,369.3,16,235,Allemagne,12645
542373,2011-01-27 13:38,jeudi,1866.02,50,1223,Royaume-Uni,16767
542375,2011-01-27 13:42,jeudi,178.1,6,48,Allemagne,12626
542393,2011-01-27 15:02,jeudi,556.46,83,392,Royaume-Uni,18125
542425,2011-01-28 09:20,vendredi,218.45,11,61,France,12574
542428,2011-01-28 10:00,vendredi,2938.76,21,2804,Suede,17404
542535,2011-01-28 13:37,vendredi,459.8,21,105,France,12735
542586,2011-01-28 15:45,vendredi,626.6,34,340,Suisse,12377
542609,2011-01-30 14:03,dimanche,112.75,8,29,Royaume-Uni,13161
542621,2011-01-31 09:05,lundi,493.53,31,281,Allemagne,12528
542648,2011-01-31 11:46,lundi,549.58,21,131,Allemagne,12476
542692,2011-01-31 12:35,lundi,131.7,15,37,Royaume-Uni,14467
542711,2011-01-31 13:19,lundi,93.6,23,35,Royaume-Uni,17894
542713,2011-01-31 13:27,lundi,1009.8,50,475,Allemagne,12668
542733,2011-01-31 15:35,lundi,120.52,26,28,Royaume-Uni,15058
542735,2011-01-31 15:36,lundi,417.54,18,205,France,12681
542737,2011-01-31 15:52,lundi,178.8,35,103,Royaume-Uni,15058
542777,2011-02-01 08:31,mardi,797.77,45,463,Irlande,14911
542779,2011-02-01 09:36,mardi,409.5,18,250,Royaume-Uni,17147
542797,2011-02-01 11:08,mardi,278.22,29,319,Royaume-Uni,17884
542864,2011-02-01 12:03,mardi,969.74,20,690,Royaume-Uni,13802
542887,2011-02-01 13:10,mardi,364.6,14,197,Autriche,12373
542894,2011-02-01 13:45,mardi,214.45,12,113,Pays-Bas,12775
542905,2011-02-01 15:11,mardi,288.98,12,193,Espagne,12540
542926,2011-02-02 09:49,mercredi,75.6,1,36,Allemagne,12559
542990,2011-02-02 11:43,mercredi,141.3,9,44,Royaume-Uni,13468
543016,2011-02-02 13:57,mercredi,165.0,1,100,Royaume-Uni,18017
543025,2011-02-02 14:40,mercredi,68.1,5,102,Royaume-Uni,17446
543027,2011-02-02 14:51,mercredi,153.76,7,145,Autriche,12414
543030,2011-02-02 15:22,mercredi,150.5,10,207,France,12437
543048,2011-02-03 09:58,jeudi,427.94,8,105,Allemagne,12600
543056,2011-02-03 10:47,jeudi,947.4,16,180,Allemagne,12471
543114,2011-02-03 13:26,jeudi,788.06,40,270,Irlande,14156
543178,2011-02-04 10:31,vendredi,229.6,13,75,Irlande,14911
543179,2011-02-04 10:31,vendredi,45.57,37,37,Japon,12754
543286,2011-02-07 09:50,lundi,972.72,18,444,Royaume-Uni,14952
543349,2011-02-07 13:13,lundi,219.99,26,89,Royaume-Uni,17774
543357,2011-02-07 13:59,lundi,124.05,6,37,Australie,12388
543411,2011-02-08 11:31,mardi,266.85,19,199,Pologne,12576
543413,2011-02-08 11:32,mardi,244.8,3,96,Royaume-Uni,13098
543484,2011-02-09 10:11,mercredi,455.02,27,301,France,12721
543518,2011-02-09 11:21,mercredi,5735.24,48,2962,Japon,12753
543537,2011-02-09 13:50,mercredi,84.3,5,11,Belgique,12401
543618,2011-02-10 14:49,jeudi,160.15,8,53,Royaume-Uni,13468
543625,2011-02-10 15:38,jeudi,321.56,13,454,France,12583
543733,2011-02-11 12:16,vendredi,231.51,14,262,Belgique,12395
543737,2011-02-11 12:45,vendredi,2355.95,52,639,Allemagne,12477
543748,2011-02-11 13:54,vendredi,313.8,7,112,Royaume-Uni,12913
543774,2011-02-11 15:56,vendredi,1078.9,20,730,Royaume-Uni,15856
543798,2011-02-13 11:13,dimanche,178.75,16,86,Royaume-Uni,15058
543822,2011-02-14 09:24,lundi,446.16,13,219,Espagne,12507
543828,2011-02-14 09:45,lundi,2024.57,76,939,Irlande,14156
543833,2011-02-14 10:24,lundi,160.2,8,47,Allemagne,12476
543911,2011-02-14 12:46,lundi,889.24,30,496,Autre,17829
543997,2011-02-15 10:49,mardi,160.15,36,199,Royaume-Uni,17348
544045,2011-02-15 12:12,mardi,1023.84,8,336,Royaume-Uni,13941
544074,2011-02-15 14:49,mardi,856.26,110,470,Irlande,14156
544075,2011-02-15 14:50,mardi,3506.24,23,1932,Irlande,14156
544097,2011-02-16 09:56,mercredi,1683.9,41,1522,Chypre,12455
544115,2011-02-16 11:45,mercredi,919.66,48,777,France,12727
544156,2011-02-16 12:33,mercredi,296.5,15,98,Norvege,12352
544200,2011-02-17 10:08,jeudi,250.0,16,116,France,12494
544203,2011-02-17 10:30,jeudi,479.1,27,229,Belgique,12362
544210,2011-02-17 11:01,jeudi,281.12,14,87,Irlande,14911
544281,2011-02-17 12:23,jeudi,373.98,5,303,Allemagne,12500
544302,2011-02-17 13:16,jeudi,166.6,11,77,Allemagne,12654
544304,2011-02-17 13:47,jeudi,175.75,42,113,Royaume-Uni,18125
544331,2011-02-17 17:05,jeudi,15.0,1,1,Chypre,12455
544390,2011-02-18 11:36,vendredi,162.7,10,61,Irlande,14911
544399,2011-02-18 12:28,vendredi,256.0,13,111,Italie,12594
544423,2011-02-18 15:23,vendredi,6.3,1,15,France,12553
544452,2011-02-20 12:32,dimanche,177.68,13,110,Royaume-Uni,14162
544470,2011-02-21 08:38,lundi,603.42,33,256,France,12707
544474,2011-02-21 09:52,lundi,192.31,15,194,Belgique,12423
544495,2011-02-21 11:42,lundi,973.65,43,454,Portugal,12766
544572,2011-02-21 13:21,lundi,558.59,29,239,Royaume-Uni,14639
544582,2011-02-21 14:38,lundi,250.24,8,140,Royaume-Uni,13410
544585,2011-02-21 14:58,lundi,143.4,8,78,France,12523
544607,2011-02-22 10:00,mardi,253.75,15,169,Royaume-Uni,13862
544634,2011-02-22 11:02,mardi,307.25,44,189,Royaume-Uni,17994
544656,2011-02-22 13:02,mardi,440.83,28,302,Royaume-Uni,17442
544657,2011-02-22 13:08,mardi,2346.34,118,964,Royaume-Uni,14895
544688,2011-02-23 08:29,mercredi,312.55,17,111,Royaume-Uni,18151
544690,2011-02-23 08:48,mercredi,1480.2,15,668,Irlande,14156
544778,2011-02-23 12:03,mercredi,452.91,68,144,Royaume-Uni,14978
544790,2011-02-23 12:27,mercredi,757.68,83,549,Royaume-Uni,16940
544811,2011-02-23 15:53,mercredi,388.3,14,201,Allemagne,12471
544817,2011-02-23 16:44,mercredi,344.0,17,266,France,12437
544818,2011-02-23 16:45,mercredi,95.76,4,96,France,12437
544833,2011-02-24 10:10,jeudi,769.24,32,388,Royaume-Uni,15974
544838,2011-02-24 10:34,jeudi,145.92,9,80,Autre,12565
544926,2011-02-24 17:50,jeudi,105.2,6,32,Royaume-Uni,13468
544931,2011-02-24 18:59,jeudi,1340.32,52,560,Suisse,13501
544933,2011-02-25 08:44,vendredi,1012.82,34,589,Allemagne,12633
544996,2011-02-25 11:53,vendredi,287.58,13,124,Allemagne,12474
545017,2011-02-25 13:51,vendredi,189.9,10,91,Belgique,12361
545019,2011-02-25 13:56,vendredi,759.08,29,813,Royaume-Uni,15093
545034,2011-02-25 16:42,vendredi,179.35,4,66,Suisse,13493
545041,2011-02-27 10:30,dimanche,524.95,16,209,Royaume-Uni,14952
545053,2011-02-27 12:41,dimanche,321.23,64,211,Royaume-Uni,17516
545055,2011-02-27 12:45,dimanche,6.6,1,4,Royaume-Uni,17516
545067,2011-02-27 14:49,dimanche,258.4,29,64,Royaume-Uni,17894
545071,2011-02-27 15:59,dimanche,222.29,33,120,Royaume-Uni,15996
545073,2011-02-28 09:26,lundi,626.65,38,268,Royaume-Uni,14036
545084,2011-02-28 10:55,lundi,441.92,19,270,Suisse,12458
545086,2011-02-28 11:43,lundi,353.43,13,214,France,12678
545105,2011-02-28 11:58,lundi,720.86,26,316,France,12598
545180,2011-02-28 14:42,lundi,200.72,12,73,France,12728
545181,2011-02-28 14:45,lundi,176.5,7,55,France,12509
545221,2011-03-01 08:35,mardi,521.1,30,260,Royaume-Uni,14740
545235,2011-03-01 10:31,mardi,352.2,17,247,France,12683
545301,2011-03-01 12:26,mardi,794.06,42,333,France,12679
545310,2011-03-01 13:45,mardi,17.67,5,21,Royaume-Uni,15456
545312,2011-03-01 13:51,mardi,186.33,29,205,Royaume-Uni,15456
545314,2011-03-01 14:11,mardi,559.12,26,171,Belgique,12866
545320,2011-03-01 14:47,mardi,2541.15,6,669,Irlande,14156
545323,2011-03-01 14:57,mardi,144.35,5,26,Norvege,12352
545332,2011-03-01 15:52,mardi,840.3,3,3,Norvege,12352
545348,2011-03-02 10:49,mercredi,134.97,4,87,Royaume-Uni,12913
545431,2011-03-02 14:58,mercredi,374.0,4,128,Royaume-Uni,12873
545448,2011-03-02 16:35,mercredi,15.3,1,6,Japon,12753
545515,2011-03-03 12:06,jeudi,534.76,28,317,France,12727
545517,2011-03-03 12:20,jeudi,38.4,2,25,France,12727
545536,2011-03-03 14:12,jeudi,410.0,19,126,Belgique,12417
545557,2011-03-03 15:30,jeudi,249.84,5,193,Allemagne,12500
545570,2011-03-03 16:28,jeudi,166.04,4,53,Autriche,12817
545579,2011-03-04 08:10,vendredi,387.31,22,289,Grece,17508
545583,2011-03-04 09:08,vendredi,317.25,16,125,France,12553
545585,2011-03-04 09:32,vendredi,312.4,17,288,Espagne,12541
545634,2011-03-04 12:12,vendredi,308.18,19,264,Irlande,14911
545647,2011-03-04 12:46,vendredi,159.4,6,109,Espagne,12547
545657,2011-03-04 14:02,vendredi,877.31,56,593,Irlande,14911
545718,2011-03-07 10:22,lundi,315.6,20,76,Allemagne,12614
545845,2011-03-07 13:38,lundi,16.05,12,12,Japon,12754
545883,2011-03-07 15:40,lundi,147.95,9,45,Royaume-Uni,15974
545904,2011-03-08 08:52,mardi,126.65,7,43,Royaume-Uni,13468
545916,2011-03-08 11:46,mardi,278.13,13,77,Allemagne,12528
545918,2011-03-08 11:55,mardi,391.52,9,232,Royaume-Uni,16917
545937,2011-03-08 12:05,mardi,1570.19,56,1109,Portugal,12758
545996,2011-03-08 14:12,mardi,983.16,82,480,Royaume-Uni,14367
546027,2011-03-09 08:09,mercredi,444.8,27,277,Pays-Bas,12759
546028,2011-03-09 08:33,mercredi,924.54,40,314,Royaume-Uni,17049
546100,2011-03-09 12:04,mercredi,342.58,21,202,Royaume-Uni,16572
546134,2011-03-09 15:35,mercredi,439.28,4,314,Suisse,13493
546135,2011-03-09 15:47,mercredi,210.9,10,90,Australie,12388
546156,2011-03-10 08:31,jeudi,232.6,11,78,Royaume-Uni,14297
546161,2011-03-10 09:52,jeudi,122.4,1,144,Suede,17404
546172,2011-03-10 10:32,jeudi,585.32,30,264,Irlande,14156
546212,2011-03-10 11:33,jeudi,3500.5,27,2826,Irlande,14156
546213,2011-03-10 11:37,jeudi,1614.6,3,108,Irlande,14156
546236,2011-03-10 12:48,jeudi,938.39,48,1005,Chypre,12370
546255,2011-03-10 14:56,jeudi,245.52,16,180,Royaume-Uni,13468
546263,2011-03-10 15:01,jeudi,461.6,3,218,Irlande,14156
546317,2011-03-11 09:07,vendredi,314.96,25,484,Royaume-Uni,14913
546328,2011-03-11 10:19,vendredi,1687.17,1,1,Irlande,14911
546329,2011-03-11 10:22,vendredi,1687.17,1,1,Irlande,14911
546365,2011-03-11 11:35,vendredi,987.42,60,618,Allemagne,12520
546372,2011-03-11 11:47,vendredi,349.2,7,88,Royaume-Uni,13098
546373,2011-03-11 12:00,vendredi,712.85,20,325,France,12583
546401,2011-03-11 15:14,vendredi,21.9,3,12,Royaume-Uni,17994
546428,2011-03-13 14:55,dimanche,343.29,18,185,France,12681
546509,2011-03-14 12:15,lundi,522.6,31,207,Irlande,14911
546520,2011-03-14 12:28,lundi,706.6,41,498,Irlande,14911
546530,2011-03-14 13:25,lundi,4400.28,27,5156,Suede,17404
546541,2011-03-14 15:11,lundi,596.05,30,231,Irlande,14911
546580,2011-03-15 11:09,mardi,870.59,24,328,Irlande,14911
546635,2011-03-15 12:11,mardi,221.19,45,203,Royaume-Uni,16392
546638,2011-03-15 12:52,mardi,410.7,26,258,Royaume-Uni,15106
546660,2011-03-15 14:32,mardi,1041.45,27,335,Irlande,14156
546678,2011-03-15 16:39,mardi,565.54,29,317,France,12681
546691,2011-03-16 10:45,mercredi,306.64,3,192,Royaume-Uni,15793
546760,2011-03-16 14:00,mercredi,516.15,30,230,Espagne,12597
546765,2011-03-16 14:37,mercredi,147.71,8,98,France,12437
546770,2011-03-16 15:17,mercredi,115.09,8,62,France,12523
546772,2011-03-16 15:34,mercredi,152.76,3,156,Royaume-Uni,15030
546780,2011-03-17 07:40,jeudi,3978.99,19,879,Danemark,12435
546861,2011-03-17 15:03,jeudi,381.78,25,417,Irlande,14911
546869,2011-03-17 16:00,jeudi,120.33,7,63,Norvege,12352
546875,2011-03-17 16:38,jeudi,1017.68,51,440,Italie,12514
546877,2011-03-17 16:58,jeudi,142.4,5,62,Royaume-Uni,18210
546910,2011-03-17 19:46,jeudi,145.55,28,69,Royaume-Uni,13969
546914,2011-03-18 08:12,vendredi,177.15,7,69,Royaume-Uni,13072
546917,2011-03-18 09:17,vendredi,743.71,44,265,Irlande,14911
546919,2011-03-18 09:55,vendredi,241.44,3,169,Allemagne,12500
546920,2011-03-18 09:55,vendredi,845.32,18,296,Allemagne,12471
546921,2011-03-18 09:57,vendredi,33.0,2,12,Allemagne,12471
546924,2011-03-18 10:06,vendredi,183.6,8,128,Royaume-Uni,14059
546993,2011-03-18 13:19,vendredi,280.57,44,139,Royaume-Uni,17921
546998,2011-03-18 13:32,vendredi,177.84,24,52,Royaume-Uni,16023
547005,2011-03-18 14:20,vendredi,806.47,48,550,Allemagne,12474
547017,2011-03-18 14:51,vendredi,113.35,7,24,Royaume-Uni,13468
547048,2011-03-20 11:52,dimanche,197.8,11,73,Irlande,14911
547055,2011-03-20 12:14,dimanche,119.08,26,73,Royaume-Uni,16444
547061,2011-03-20 13:21,dimanche,226.3,15,215,Belgique,12407
547068,2011-03-20 13:48,dimanche,393.0,20,190,Royaume-Uni,13985
547079,2011-03-20 15:02,dimanche,267.18,34,106,Royaume-Uni,15408
547085,2011-03-20 15:41,dimanche,124.08,3,25,Allemagne,12600
547092,2011-03-21 08:18,lundi,226.21,14,133,Royaume-Uni,16619
547109,2011-03-21 11:46,lundi,347.35,20,139,Belgique,12423
547134,2011-03-21 11:57,lundi,169.73,15,45,Royaume-Uni,15996
547194,2011-03-21 12:42,lundi,201.24,40,85,France,12637
547196,2011-03-21 12:44,lundi,4.63,4,5,France,12637
547220,2011-03-21 15:02,lundi,154.4,5,88,Royaume-Uni,13410
547327,2011-03-22 11:28,mardi,523.98,31,201,France,12681
547360,2011-03-22 12:30,mardi,517.55,21,209,Royaume-Uni,16135
547365,2011-03-22 12:36,mardi,235.71,12,170,Pays-Bas,12775
547387,2011-03-22 16:00,mardi,1085.99,44,335,Espagne,12539
547390,2011-03-22 16:08,mardi,160.33,8,64,Norvege,12352
547406,2011-03-23 08:26,mercredi,170.94,5,150,Royaume-Uni,16948
547412,2011-03-23 09:42,mercredi,288.05,20,364,Belgique,12399
547493,2011-03-23 12:06,mercredi,1542.08,14,929,Autriche,12818
547504,2011-03-23 13:33,mercredi,877.88,35,721,France,12683
547508,2011-03-23 13:39,mercredi,378.0,8,242,France,12683
547517,2011-03-23 14:33,mercredi,326.5,10,321,Belgique,12395
547658,2011-03-24 13:04,jeudi,357.53,76,228,Royaume-Uni,13736
547674,2011-03-24 13:59,jeudi,187.2,11,88,Royaume-Uni,15835
547691,2011-03-24 15:02,jeudi,364.84,12,228,Royaume-Uni,16767
547702,2011-03-24 16:45,jeudi,415.45,16,114,Irlande,14911
547703,2011-03-24 17:10,jeudi,1140.76,34,512,Espagne,12540
547712,2011-03-24 19:31,jeudi,380.98,35,80,Royaume-Uni,16905
547715,2011-03-25 08:50,vendredi,246.54,17,128,Allemagne,12520
547722,2011-03-25 10:19,vendredi,357.91,23,264,France,12553
547724,2011-03-25 10:42,vendredi,102.7,7,34,Royaume-Uni,13468
547789,2011-03-25 12:04,vendredi,750.37,43,533,Irlande,14911
547795,2011-03-25 12:21,vendredi,171.8,19,40,Royaume-Uni,14536
547815,2011-03-25 14:19,vendredi,490.78,13,227,Suisse,13520
547822,2011-03-25 14:53,vendredi,1444.8,49,522,Allemagne,12668
547863,2011-03-27 13:07,dimanche,164.05,8,61,France,12728
547882,2011-03-28 07:53,lundi,539.0,39,745,Irlande,14911
547892,2011-03-28 10:15,lundi,1136.3,69,848,France,12669
547914,2011-03-28 12:35,lundi,297.5,13,163,Italie,12594
547919,2011-03-28 12:52,lundi,135.09,28,96,Royaume-Uni,13760
547931,2011-03-28 14:01,lundi,28.0,1,1,Italie,12594
547934,2011-03-28 14:07,lundi,257.2,17,157,Allemagne,12474
547947,2011-03-28 15:03,lundi,2188.5,22,1310,Royaume-Uni,15032
547985,2011-03-29 08:43,mardi,413.7,19,196,Royaume-Uni,16455
548160,2011-03-29 13:33,mardi,1700.4,53,1340,Royaume-Uni,16253
548178,2011-03-29 14:35,mardi,504.61,27,321,Royaume-Uni,14367
548185,2011-03-29 14:58,mardi,371.83,22,173,Royaume-Uni,15628
548212,2011-03-30 09:12,mercredi,940.17,41,445,Suisse,12456
548257,2011-03-30 10:54,mercredi,2161.32,28,1104,Royaume-Uni,13802
548449,2011-03-31 11:08,jeudi,168.4,9,45,Irlande,14911
548450,2011-03-31 11:20,jeudi,516.29,26,379,Royaume-Uni,15856
548457,2011-03-31 11:52,jeudi,102.4,5,24,Royaume-Uni,13468
548489,2011-03-31 13:10,jeudi,205.98,5,44,Allemagne,12619
548496,2011-03-31 13:40,jeudi,3243.13,35,2271,France,12678
548547,2011-03-31 19:42,jeudi,226.85,4,147,Royaume-Uni,17212
548553,2011-04-01 09:19,vendredi,138.75,9,88,France,12523
548560,2011-04-01 10:10,vendredi,297.12,8,200,Royaume-Uni,13468
548654,2011-04-01 13:47,vendredi,348.68,10,115,Allemagne,12569
548664,2011-04-01 14:45,vendredi,1407.19,67,713,Irlande,14911
548686,2011-04-01 16:49,vendredi,785.5,24,553,Royaume-Uni,15856
548718,2011-04-04 08:50,lundi,2183.82,14,1162,Irlande,14156
548725,2011-04-04 09:08,lundi,134.0,1,1,France,12678
548733,2011-04-04 10:29,lundi,583.87,36,169,Royaume-Uni,17648
548743,2011-04-04 12:05,lundi,500.35,18,181,Royaume-Uni,14895
548745,2011-04-04 12:10,lundi,624.29,27,350,Allemagne,12471
548746,2011-04-04 12:11,lundi,50.0,1,40,Allemagne,12471
548806,2011-04-04 12:52,lundi,357.7,8,168,Royaume-Uni,13098
548808,2011-04-04 12:55,lundi,375.0,40,123,Royaume-Uni,17774
548813,2011-04-04 13:03,lundi,4037.77,4,4,Autre,12744
548820,2011-04-04 13:04,lundi,2053.07,1,1,Autre,12744
548858,2011-04-04 13:29,lundi,264.3,15,77,Irlande,14911
548913,2011-04-05 09:45,mardi,1136.3,1,1,France,12669
548955,2011-04-05 10:47,mardi,367.0,5,269,Finlande,12348
548968,2011-04-05 10:58,mardi,2118.74,52,1384,Autre,12744
548981,2011-04-05 12:24,mardi,594.0,2,120,Royaume-Uni,15442
548993,2011-04-05 13:56,mardi,3599.38,32,1626,Japon,12753
549021,2011-04-05 16:13,mardi,173.24,12,93,Royaume-Uni,13468
549026,2011-04-05 16:42,mardi,260.55,5,41,Royaume-Uni,17409
549055,2011-04-06 10:33,mercredi,203.4,13,180,Royaume-Uni,13515
549115,2011-04-06 12:41,mercredi,1722.02,35,1120,Royaume-Uni,13098
549118,2011-04-06 13:18,mercredi,955.99,65,655,Irlande,14911
549187,2011-04-07 10:09,jeudi,175.2,1,16,Royaume-Uni,16144
549196,2011-04-07 10:33,jeudi,356.23,22,271,Irlande,14911
549222,2011-04-07 10:43,jeudi,636.25,24,483,Autre,12347
549233,2011-04-07 11:06,jeudi,482.79,14,445,Italie,14912
549242,2011-04-07 11:41,jeudi,227.18,11,119,Irlande,14911
549249,2011-04-07 12:04,jeudi,255.36,18,248,Belgique,12423
549274,2011-04-07 13:07,jeudi,366.2,24,239,France,12721
549291,2011-04-07 19:05,jeudi,254.96,56,139,Royaume-Uni,16261
549310,2011-04-08 09:20,vendredi,190.82,5,62,Royaume-Uni,16325
549316,2011-04-08 09:54,vendredi,1321.25,63,757,Allemagne,12705
549325,2011-04-08 10:32,vendredi,609.74,31,262,Grece,12717
549439,2011-04-08 12:42,vendredi,603.27,24,233,Royaume-Uni,13562
549558,2011-04-10 13:21,dimanche,170.95,41,77,Royaume-Uni,15058
549559,2011-04-10 13:25,dimanche,476.49,26,190,Belgique,12447
549560,2011-04-10 13:26,dimanche,91.74,23,52,Royaume-Uni,15058
549579,2011-04-11 09:18,lundi,225.61,13,127,Royaume-Uni,15780
549667,2011-04-11 12:20,lundi,744.41,49,477,Irlande,14911
549680,2011-04-11 13:02,lundi,337.08,21,246,Allemagne,12701
549721,2011-04-11 15:35,lundi,254.12,12,113,Irlande,14911
549825,2011-04-12 12:47,mardi,350.57,20,189,Belgique,12463
549906,2011-04-12 16:28,mardi,183.64,42,105,Royaume-Uni,14998
549953,2011-04-13 13:15,mercredi,1206.29,56,581,Portugal,12766
549988,2011-04-13 16:43,mercredi,431.65,25,221,Royaume-Uni,14367
550004,2011-04-14 09:56,jeudi,279.18,9,102,Allemagne,12569
550137,2011-04-14 13:59,jeudi,2221.02,57,728,Allemagne,12477
550144,2011-04-14 14:14,jeudi,297.16,54,139,Royaume-Uni,16520
550145,2011-04-14 14:15,jeudi,669.2,31,287,France,12637
550148,2011-04-14 14:36,jeudi,205.8,14,100,Royaume-Uni,16882
550162,2011-04-14 16:23,jeudi,168.54,9,80,Allemagne,12569
550183,2011-04-14 17:58,jeudi,1266.23,74,800,Royaume-Uni,14105
550185,2011-04-14 18:22,jeudi,579.0,15,81,Royaume-Uni,17142
550188,2011-04-14 18:57,jeudi,669.25,22,196,Suisse,12457
550191,2011-04-14 19:59,jeudi,241.29,21,119,Royaume-Uni,16806
550198,2011-04-15 10:19,vendredi,30.6,1,12,Royaume-Uni,13120
550255,2011-04-15 11:47,vendredi,190.98,9,66,Royaume-Uni,13468
550277,2011-04-15 12:48,vendredi,486.1,22,201,Suede,12639
550281,2011-04-15 13:48,vendredi,219.0,2,101,Suisse,12457
550302,2011-04-17 10:17,dimanche,446.74,25,151,Irlande,14156
550310,2011-04-17 11:04,dimanche,899.58,27,878,Royaume-Uni,15985
550313,2011-04-17 11:21,dimanche,545.57,27,377,France,12681
550314,2011-04-17 11:30,dimanche,218.55,18,79,Royaume-Uni,16905
550325,2011-04-17 13:04,dimanche,302.85,18,127,Royaume-Uni,15745
550338,2011-04-17 15:33,dimanche,84.65,4,25,France,12413
550344,2011-04-18 09:00,lundi,2949.12,14,6432,Japon,12754
550360,2011-04-18 10:55,lundi,394.83,36,84,Royaume-Uni,14978
550440,2011-04-18 12:25,lundi,269.66,12,204,Belgique,12407
550522,2011-04-19 10:04,mardi,429.57,34,478,Royaume-Uni,12947
550527,2011-04-19 10:48,mardi,1411.67,51,628,Allemagne,12476
550606,2011-04-19 12:08,mardi,255.04,8,208,Italie,12594
550618,2011-04-19 13:09,mardi,367.62,21,234,Irlande,14156
550625,2011-04-19 14:02,mardi,425.68,7,468,Allemagne,12619
550644,2011-04-19 16:19,mardi,383.95,22,137,Etats-Unis,12733
550661,2011-04-20 09:20,mercredi,541.2,18,200,France,12656
550665,2011-04-20 09:31,mercredi,417.6,14,232,Allemagne,12530
550671,2011-04-20 10:10,mercredi,179.0,1,100,Suisse,12457
550778,2011-04-20 13:36,mercredi,439.33,24,231,Royaume-Uni,14868
550822,2011-04-21 09:26,jeudi,1007.9,15,538,Royaume-Uni,14001
550899,2011-04-21 12:07,jeudi,1009.69,54,489,Suisse,13505
550960,2011-04-21 16:39,jeudi,180.1,11,69,Allemagne,12622
550964,2011-04-21 16:48,jeudi,504.9,16,377,Royaume-Uni,15856
550974,2011-04-21 17:10,jeudi,173.46,11,126,Royaume-Uni,13862
550989,2011-04-21 18:22,jeudi,255.69,29,159,Royaume-Uni,13969
550998,2011-04-26 09:12,mardi,242.8,5,113,Autriche,12414
551054,2011-04-26 11:44,mardi,437.98,21,198,Danemark,12429
551187,2011-04-27 10:02,mercredi,362.9,5,163,Irlande,14911
551278,2011-04-27 13:13,mercredi,323.0,12,109,Suede,12483
551294,2011-04-27 14:43,mercredi,154.66,8,94,Royaume-Uni,13468
551346,2011-04-28 09:12,jeudi,495.24,29,275,Belgique,12362
551349,2011-04-28 10:03,jeudi,371.4,25,224,Royaume-Uni,14740
551389,2011-04-28 11:45,jeudi,209.1,8,147,France,12437
551398,2011-04-28 13:09,jeudi,436.3,23,267,Belgique,12417
551462,2011-04-28 16:11,jeudi,331.18,20,228,Royaume-Uni,15210
551467,2011-04-28 16:20,jeudi,286.88,8,85,Allemagne,12600
551531,2011-05-01 13:45,dimanche,654.17,59,375,Royaume-Uni,15376
551539,2011-05-03 08:40,mardi,528.88,20,368,France,12598
551544,2011-05-03 09:33,mardi,692.84,21,354,France,12683
551545,2011-05-03 09:34,mardi,24.9,1,6,France,12683
551552,2011-05-03 10:09,mardi,36.0,1,2,France,12598
551556,2011-05-03 10:30,mardi,150.32,10,113,Royaume-Uni,14191
551616,2011-05-03 11:40,mardi,157.75,38,90,Royaume-Uni,15048
551649,2011-05-03 12:02,mardi,202.48,4,122,France,12643
551652,2011-05-03 12:03,mardi,338.24,5,194,France,12643
551656,2011-05-03 12:10,mardi,619.2,37,297,Irlande,14911
551657,2011-05-03 12:12,mardi,545.01,31,235,Irlande,14911
551665,2011-05-03 12:35,mardi,374.0,22,230,Royaume-Uni,17442
551714,2011-05-03 15:15,mardi,173.08,16,80,Royaume-Uni,16806
551724,2011-05-03 17:12,mardi,209.99,50,125,Royaume-Uni,15976
551736,2011-05-04 10:47,mercredi,534.24,1,504,Canada,17443
551818,2011-05-04 11:57,mercredi,238.74,8,146,Allemagne,12569
551820,2011-05-04 12:11,mercredi,429.6,20,240,Allemagne,12645
551868,2011-05-04 16:29,mercredi,1380.11,41,747,Espagne,12540
551869,2011-05-04 16:36,mercredi,418.2,31,537,Royaume-Uni,16767
551886,2011-05-05 09:23,jeudi,129.18,7,49,Allemagne,12569
551887,2011-05-05 09:29,jeudi,236.0,11,100,France,12593
551950,2011-05-05 11:38,jeudi,366.86,23,193,Irlande,14911
551985,2011-05-05 14:38,jeudi,149.97,11,72,Belgique,12395
551988,2011-05-05 15:08,jeudi,154.8,11,116,Pologne,12576
551989,2011-05-05 15:12,jeudi,265.2,3,120,Royaume-Uni,14423
552008,2011-05-05 17:13,jeudi,311.2,3,20,Allemagne,12476
552013,2011-05-05 17:34,jeudi,2388.31,94,1771,Suisse,12451
552025,2011-05-05 18:04,jeudi,378.95,31,233,Royaume-Uni,13969
552028,2011-05-05 18:09,jeudi,64.06,4,37,Royaume-Uni,13969
552038,2011-05-06 08:08,vendredi,3869.18,20,1694,Irlande,14156
552176,2011-05-06 13:25,vendredi,127.38,25,94,Royaume-Uni,17516
552192,2011-05-06 14:16,vendredi,315.66,16,78,Royaume-Uni,15258
552202,2011-05-06 14:51,vendredi,165.85,6,42,Autriche,12414
552262,2011-05-08 11:37,dimanche,862.53,49,446,Irlande,14911
552277,2011-05-08 12:34,dimanche,354.8,66,173,Royaume-Uni,13642
552283,2011-05-08 12:48,dimanche,109.8,5,36,Royaume-Uni,13468
552290,2011-05-08 13:32,dimanche,369.75,79,420,Royaume-Uni,16007
552303,2011-05-08 15:15,dimanche,247.77,15,150,Royaume-Uni,14341
552305,2011-05-08 15:16,dimanche,119.75,7,65,Royaume-Uni,14341
552311,2011-05-08 15:22,dimanche,318.16,13,163,Royaume-Uni,15312
552320,2011-05-09 08:26,lundi,247.8,13,124,Royaume-Uni,13985
552321,2011-05-09 09:15,lundi,368.26,18,194,Royaume-Uni,17049
552322,2011-05-09 09:16,lundi,289.0,15,108,Royaume-Uni,17049
552325,2011-05-09 09:47,lundi,331.5,17,164,France,12490
552329,2011-05-09 10:06,lundi,315.3,15,114,Suisse,13492
552448,2011-05-09 13:45,lundi,111.15,17,31,Royaume-Uni,18120
552543,2011-05-10 10:22,mardi,480.9,22,494,Belgique,12399
552547,2011-05-10 10:34,mardi,1077.4,33,590,Royaume-Uni,13098
552559,2011-05-10 11:44,mardi,313.93,16,178,Royaume-Uni,15865
552575,2011-05-10 12:25,mardi,165.44,11,184,Royaume-Uni,14397
552649,2011-05-10 13:44,mardi,231.8,9,165,Allemagne,12592
552695,2011-05-10 15:31,mardi,852.68,47,654,Autre,16320
552710,2011-05-11 07:35,mercredi,1974.06,42,1015,Royaume-Uni,13098
552717,2011-05-11 09:42,mercredi,8.5,1,2,Suede,12483
552826,2011-05-11 13:20,mercredi,1637.43,75,859,France,14277
552839,2011-05-11 14:25,mercredi,785.79,51,280,Royaume-Uni,14367
552842,2011-05-11 14:29,mercredi,56.65,6,32,Royaume-Uni,17888
552844,2011-05-11 14:37,mercredi,375.0,17,204,Allemagne,12649
552848,2011-05-11 14:49,mercredi,61.95,3,21,Royaume-Uni,14367
552850,2011-05-11 14:54,mercredi,61.95,3,21,Royaume-Uni,14367
552869,2011-05-12 08:41,jeudi,367.75,27,302,Royaume-Uni,15106
552884,2011-05-12 10:15,jeudi,181.82,13,83,Belgique,12395
552905,2011-05-12 11:10,jeudi,656.3,35,370,Royaume-Uni,15974
552946,2011-05-12 11:50,jeudi,296.53,12,106,France,12683
552952,2011-05-12 12:10,jeudi,157.54,10,121,Royaume-Uni,13837
552957,2011-05-12 12:36,jeudi,2557.88,16,2794,Suede,17404
552975,2011-05-12 13:58,jeudi,589.01,42,391,Royaume-Uni,17932
552978,2011-05-12 14:46,jeudi,9341.26,67,4282,Allemagne,12590
552980,2011-05-12 14:52,jeudi,523.0,1,1,Allemagne,12590
553037,2011-05-13 08:10,vendredi,774.6,13,292,Allemagne,12471
553038,2011-05-13 08:11,vendredi,106.6,5,32,Allemagne,12471
553045,2011-05-13 09:33,vendredi,1351.45,12,743,Japon,12770
553143,2011-05-13 13:15,vendredi,89.25,6,33,France,12695
553161,2011-05-13 15:48,vendredi,415.28,23,268,France,12681
553203,2011-05-15 16:10,dimanche,603.78,18,139,Irlande,14911
553206,2011-05-16 08:16,lundi,1543.0,32,526,Irlande,14156
553208,2011-05-16 09:10,lundi,586.74,17,222,France,12674
553344,2011-05-16 12:45,lundi,298.8,4,72,Royaume-Uni,14952
553348,2011-05-16 13:20,lundi,754.81,35,711,Irlande,14911
553375,2011-05-16 14:52,lundi,1184.22,39,494,Irlande,14911
553404,2011-05-17 08:34,mardi,392.88,16,228,Royaume-Uni,14952
553405,2011-05-17 08:37,mardi,581.6,25,312,Royaume-Uni,14952
553406,2011-05-17 08:38,mardi,77.5,1,50,Royaume-Uni,14952
553415,2011-05-17 10:02,mardi,297.38,18,168,Belgique,12463
553462,2011-05-17 10:57,mardi,563.61,28,267,Royaume-Uni,17147
553472,2011-05-17 11:28,mardi,793.47,16,617,Royaume-Uni,15093
553547,2011-05-17 15:48,mardi,760.28,38,530,Allemagne,12474
553566,2011-05-18 09:09,mercredi,389.01,16,106,France,12690
553577,2011-05-18 10:34,mercredi,368.2,10,154,France,12437
553666,2011-05-18 12:18,mercredi,112.32,2,74,France,12679
553674,2011-05-18 12:50,mercredi,115.6,2,37,Suede,12483
553686,2011-05-18 13:58,mercredi,1414.36,60,636,Irlande,14911
553739,2011-05-19 09:23,jeudi,1073.09,46,361,Royaume-Uni,14895
553741,2011-05-19 09:37,jeudi,463.6,25,199,Allemagne,12520
553749,2011-05-19 09:59,jeudi,253.8,5,100,Royaume-Uni,13468
553752,2011-05-19 10:20,jeudi,211.55,11,95,Royaume-Uni,14896
553765,2011-05-19 10:43,jeudi,171.45,9,75,Royaume-Uni,17245
553829,2011-05-19 11:28,jeudi,188.1,10,114,Royaume-Uni,16455
553838,2011-05-19 12:10,jeudi,561.66,33,434,France,12620
553843,2011-05-19 12:29,jeudi,352.85,19,128,France,12553
553884,2011-05-19 15:36,jeudi,202.26,5,47,Allemagne,12600
553897,2011-05-19 17:23,jeudi,267.46,16,113,Irlande,14911
553900,2011-05-19 17:47,jeudi,89.0,4,20,Autre,12353
553901,2011-05-19 17:48,jeudi,936.34,30,284,Irlande,14911
553931,2011-05-20 10:27,vendredi,380.32,23,226,Irlande,14911
553935,2011-05-20 10:32,vendredi,772.57,63,615,Royaume-Uni,15856
553997,2011-05-20 11:34,vendredi,1118.4,14,473,France,12656
554038,2011-05-20 14:23,vendredi,294.72,13,128,Pays-Bas,12775
554083,2011-05-22 11:51,dimanche,212.93,47,190,Royaume-Uni,18125
554102,2011-05-22 13:40,dimanche,243.22,30,95,Royaume-Uni,14647
554104,2011-05-22 14:03,dimanche,984.85,53,582,Allemagne,12705
554106,2011-05-22 14:05,dimanche,718.96,44,386,Allemagne,12710
554110,2011-05-22 14:35,dimanche,111.4,5,32,Royaume-Uni,13468
554132,2011-05-23 09:43,lundi,1083.58,45,434,Autriche,12360
554134,2011-05-23 09:48,lundi,421.96,20,306,France,12583
554139,2011-05-23 10:34,lundi,1007.75,52,401,Irlande,14911
554147,2011-05-23 10:48,lundi,333.82,22,161,Belgique,12423
554158,2011-05-23 11:44,lundi,465.43,40,427,Royaume-Uni,15563
554263,2011-05-23 12:32,lundi,7.8,1,12,Allemagne,12474
554349,2011-05-24 08:49,mardi,278.78,17,196,Royaume-Uni,14191
554555,2011-05-25 10:08,mercredi,267.12,11,182,France,12437
554556,2011-05-25 10:11,mercredi,829.63,27,597,Royaume-Uni,13098
554650,2011-05-25 12:54,mercredi,568.74,30,377,France,12681
554664,2011-05-25 14:40,mercredi,76.8,3,40,Royaume-Uni,14397
554711,2011-05-26 10:41,jeudi,123.05,8,40,Allemagne,12654
554713,2011-05-26 10:43,jeudi,48.1,3,34,Allemagne,12654
554770,2011-05-26 11:40,jeudi,482.44,26,305,Irlande,14911
554776,2011-05-26 11:43,jeudi,5.8,1,4,Irlande,14911
554788,2011-05-26 12:00,jeudi,304.3,14,108,Royaume-Uni,12987
554791,2011-05-26 12:12,jeudi,5.8,1,4,Irlande,14911
554792,2011-05-26 12:38,jeudi,48.4,2,25,Espagne,12547
554842,2011-05-26 18:17,jeudi,555.71,34,251,Royaume-Uni,14740
554854,2011-05-27 09:39,vendredi,354.45,15,199,Royaume-Uni,16369
554861,2011-05-27 10:29,vendredi,716.73,38,342,Allemagne,12633
554938,2011-05-27 13:34,vendredi,726.43,34,651,Belgique,12876
554940,2011-05-27 13:49,vendredi,403.09,21,157,France,12494
554977,2011-05-29 11:03,dimanche,121.0,19,61,Royaume-Uni,16444
554985,2011-05-29 12:26,dimanche,582.73,30,258,Allemagne,12426
555003,2011-05-31 09:36,mardi,158.1,8,65,Pays-Bas,12787
555025,2011-05-31 11:21,mardi,474.02,26,114,Royaume-Uni,17648
555028,2011-05-31 11:22,mardi,49.5,3,6,Royaume-Uni,17648
555095,2011-05-31 13:32,mardi,1306.49,47,608,Espagne,12540
555107,2011-05-31 14:14,mardi,587.45,23,267,Italie,12594
555109,2011-05-31 14:19,mardi,322.85,41,175,Royaume-Uni,16023
555119,2011-05-31 15:22,mardi,155.0,10,48,Royaume-Uni,15163
555147,2011-05-31 15:41,mardi,906.4,42,364,Suisse,13505
555161,2011-06-01 09:26,mercredi,84.92,5,57,Belgique,12423
555162,2011-06-01 10:15,mercredi,672.19,35,557,Allemagne,12473
555201,2011-06-01 12:10,mercredi,397.36,27,388,Royaume-Uni,16969
555263,2011-06-01 15:47,mercredi,422.99,25,441,Royaume-Uni,15192
555383,2011-06-02 15:13,jeudi,766.95,134,420,Allemagne,12517
555407,2011-06-03 07:48,vendredi,419.8,15,329,Pays-Bas,12775
555410,2011-06-03 09:30,vendredi,347.9,15,182,Royaume-Uni,16239
555413,2011-06-03 09:50,vendredi,228.63,29,169,Royaume-Uni,17994
555470,2011-06-03 11:33,vendredi,264.4,13,107,Chypre,12455
555531,2011-06-05 11:53,dimanche,1939.52,18,1195,France,12678
555547,2011-06-05 13:13,dimanche,709.91,32,351,France,12681
555557,2011-06-05 14:06,dimanche,59.5,3,10,Royaume-Uni,13682
555559,2011-06-05 14:18,dimanche,300.2,20,206,Royaume-Uni,13862
555569,2011-06-05 15:29,dimanche,793.08,19,363,France,12727
555572,2011-06-05 15:37,dimanche,858.93,48,390,Belgique,12449
555574,2011-06-05 15:46,dimanche,437.19,23,134,Belgique,12417
555576,2011-06-05 15:52,dimanche,140.4,2,72,Royaume-Uni,13410
555588,2011-06-06 09:16,lundi,124.57,8,33,Royaume-Uni,16849
555644,2011-06-06 13:24,lundi,423.65,42,202,Royaume-Uni,16520
555650,2011-06-06 13:48,lundi,958.12,45,404,Irlande,14156
555726,2011-06-06 16:23,lundi,357.99,23,173,Espagne,12540
555728,2011-06-06 16:41,lundi,341.96,86,191,Royaume-Uni,17252
555739,2011-06-07 09:49,mardi,607.55,36,293,Belgique,12380
555836,2011-06-07 12:36,mardi,531.36,20,469,Royaume-Uni,13098
555853,2011-06-07 13:44,mardi,257.68,75,194,Royaume-Uni,14375
555858,2011-06-07 14:12,mardi,254.31,13,192,Irlande,14911
555931,2011-06-08 08:31,mercredi,833.16,44,378,Autre,17828
555937,2011-06-08 09:39,mercredi,669.36,30,467,France,12683
555940,2011-06-08 10:10,mercredi,357.6,9,98,Royaume-Uni,14191
555943,2011-06-08 10:15,mercredi,612.68,16,245,Suisse,13520
555945,2011-06-08 10:36,mercredi,511.3,8,64,Royaume-Uni,17409
555947,2011-06-08 10:45,mercredi,2233.28,57,2090,Irlande,14911
556042,2011-06-08 12:44,mercredi,1037.37,66,412,Royaume-Uni,14367
556050,2011-06-08 13:04,mercredi,279.04,16,128,Royaume-Uni,14367
556058,2011-06-08 13:54,mercredi,524.5,29,244,Royaume-Uni,13985
556060,2011-06-08 14:03,mercredi,1118.04,8,492,Irlande,14911
556071,2011-06-08 14:52,mercredi,481.36,29,497,Royaume-Uni,15974
556102,2011-06-08 16:15,mercredi,878.55,55,621,Royaume-Uni,13115
556105,2011-06-08 16:39,mercredi,307.9,17,259,Royaume-Uni,13466
556114,2011-06-09 09:36,jeudi,142.14,6,79,Allemagne,12569
556119,2011-06-09 10:05,jeudi,42.96,1,24,Italie,12594
556125,2011-06-09 10:20,jeudi,303.62,15,136,Royaume-Uni,12947
556126,2011-06-09 10:23,jeudi,338.0,22,245,Irlande,14911
556186,2011-06-09 11:46,jeudi,213.7,10,146,Royaume-Uni,14241
556190,2011-06-09 12:01,jeudi,72.52,4,28,Royaume-Uni,15780
556194,2011-06-09 12:20,jeudi,319.95,11,188,Suede,12483
556198,2011-06-09 12:30,jeudi,294.2,38,167,Royaume-Uni,14963
556201,2011-06-09 13:01,jeudi,382.52,18,196,Autre,12347
556203,2011-06-09 13:09,jeudi,130.08,5,145,Belgique,12399
556206,2011-06-09 13:46,jeudi,646.27,26,262,Irlande,14911
556214,2011-06-09 14:14,jeudi,301.32,20,455,Royaume-Uni,14913
556241,2011-06-09 16:04,jeudi,912.66,48,445,Espagne,12597
556247,2011-06-09 16:16,jeudi,270.55,15,138,Royaume-Uni,15058
556258,2011-06-09 17:48,jeudi,439.5,20,323,France,12694
556259,2011-06-09 17:53,jeudi,591.09,36,464,France,12721
556263,2011-06-09 18:41,jeudi,491.38,56,242,Royaume-Uni,13969
556283,2011-06-10 08:50,vendredi,314.11,17,193,Royaume-Uni,15628
556305,2011-06-10 10:38,vendredi,480.0,3,164,France,12643
556318,2011-06-10 10:49,vendredi,399.18,16,382,Royaume-Uni,16767
556341,2011-06-10 11:36,vendredi,506.19,26,223,Royaume-Uni,16614
556415,2011-06-10 12:19,vendredi,6207.08,64,3142,Suisse,12409
556434,2011-06-10 14:06,vendredi,658.78,26,267,Royaume-Uni,14895
556435,2011-06-10 14:08,vendredi,151.2,8,74,Royaume-Uni,14895
556454,2011-06-10 16:37,vendredi,40.8,1,48,Royaume-Uni,12947
556455,2011-06-10 16:46,vendredi,734.44,18,580,Royaume-Uni,15856
556463,2011-06-12 10:47,dimanche,360.18,14,716,France,12583
556469,2011-06-12 11:37,dimanche,583.2,13,345,Allemagne,12516
556474,2011-06-12 12:01,dimanche,363.7,81,163,Royaume-Uni,16007
556494,2011-06-12 14:57,dimanche,532.22,63,332,Royaume-Uni,17802
556496,2011-06-12 15:20,dimanche,45.0,1,36,Royaume-Uni,14397
556500,2011-06-13 07:58,lundi,102.72,6,32,Royaume-Uni,13468
556510,2011-06-13 10:36,lundi,821.32,42,427,Irlande,14911
556579,2011-06-13 14:16,lundi,1109.53,70,520,Royaume-Uni,15069
556816,2011-06-15 09:01,mercredi,501.64,13,359,France,12437
556822,2011-06-15 10:22,mercredi,143.3,9,154,Royaume-Uni,17155
556886,2011-06-15 12:34,mercredi,299.94,19,208,France,12624
556927,2011-06-15 14:47,mercredi,3876.86,27,2642,Irlande,14156
556928,2011-06-15 14:48,mercredi,606.72,4,384,Irlande,14156
556953,2011-06-16 08:16,jeudi,1012.86,33,268,Irlande,14911
556977,2011-06-16 10:42,jeudi,52.8,4,96,Royaume-Uni,17446
557007,2011-06-16 11:30,jeudi,1137.99,61,424,Espagne,12484
557027,2011-06-16 13:24,jeudi,318.65,15,77,Pologne,12816
557033,2011-06-16 13:48,jeudi,189.5,10,82,Royaume-Uni,13826
557067,2011-06-16 15:12,jeudi,1221.55,34,768,Royaume-Uni,13098
557136,2011-06-17 09:23,vendredi,626.13,33,356,Irlande,14911
557232,2011-06-17 14:28,vendredi,337.84,23,220,Belgique,12463
557260,2011-06-19 10:39,dimanche,345.5,22,202,Royaume-Uni,17932
557270,2011-06-19 11:36,dimanche,111.68,12,32,Royaume-Uni,14162
557297,2011-06-19 13:54,dimanche,239.35,14,145,Espagne,12421
557303,2011-06-19 14:36,dimanche,101.88,6,64,Espagne,12450
557314,2011-06-19 15:59,dimanche,223.74,11,131,Espagne,12541
557318,2011-06-19 16:11,dimanche,303.3,14,84,Irlande,14911
557427,2011-06-20 12:14,lundi,1125.4,29,393,Danemark,12429
557483,2011-06-20 14:17,lundi,250.5,2,51,France,12643
557489,2011-06-20 14:58,lundi,484.06,20,211,France,12490
557499,2011-06-20 15:25,lundi,185.78,9,78,Autre,16320
557525,2011-06-21 09:26,mardi,637.72,39,353,Pays-Bas,12759
557526,2011-06-21 09:30,mardi,91.8,3,52,Royaume-Uni,14397
557527,2011-06-21 09:44,mardi,712.3,9,402,Royaume-Uni,13941
557569,2011-06-21 10:46,mardi,427.76,24,272,Allemagne,12474
557571,2011-06-21 10:53,mardi,2221.84,13,2668,Royaume-Uni,12830
557605,2011-06-21 12:06,mardi,147.4,3,49,Irlande,14911
557627,2011-06-21 14:30,mardi,257.3,12,351,France,12583
557668,2011-06-22 09:02,mercredi,30.0,1,24,Autre,17828
557669,2011-06-22 09:43,mercredi,390.06,20,272,France,12674
557742,2011-06-22 11:46,mercredi,526.16,19,309,Irlande,14911
557759,2011-06-22 13:52,mercredi,493.04,28,281,Irlande,14156
557793,2011-06-22 17:30,mercredi,246.23,33,165,Royaume-Uni,14998
557803,2011-06-23 10:20,jeudi,329.56,13,157,Finlande,12704
557855,2011-06-23 11:46,jeudi,127.19,20,69,Royaume-Uni,16806
557872,2011-06-23 12:42,jeudi,370.85,19,187,Irlande,14911
557878,2011-06-23 13:13,jeudi,1110.68,103,687,Royaume-Uni,16940
557880,2011-06-23 13:16,jeudi,1.45,1,1,Irlande,14911
557885,2011-06-23 13:37,jeudi,440.94,26,294,Belgique,12465
557900,2011-06-23 14:36,jeudi,617.7,22,323,Royaume-Uni,13098
557940,2011-06-23 15:48,jeudi,179.0,1,100,Royaume-Uni,18017
557957,2011-06-23 19:20,jeudi,551.72,50,253,Royaume-Uni,13969
557972,2011-06-24 10:16,vendredi,185.64,9,73,Allemagne,12500
558035,2011-06-24 12:30,vendredi,307.5,18,64,Royaume-Uni,15258
558041,2011-06-24 13:20,vendredi,417.36,18,175,Australie,12422
558045,2011-06-24 13:35,vendredi,634.74,31,413,France,12615
558067,2011-06-24 15:51,vendredi,930.71,37,571,Irlande,14156
558069,2011-06-24 15:51,vendredi,69.6,4,48,Irlande,14156
558089,2011-06-26 12:36,dimanche,667.03,27,408,Suisse,13505
558108,2011-06-26 15:35,dimanche,95.2,5,49,Espagne,12548
558109,2011-06-26 15:36,dimanche,44.25,1,15,Allemagne,12474
558113,2011-06-27 08:48,lundi,616.17,34,314,Irlande,14911
558114,2011-06-27 08:49,lundi,200.15,12,79,Irlande,14911
558183,2011-06-27 12:13,lundi,141.03,18,53,Royaume-Uni,15996
558200,2011-06-27 13:00,lundi,220.95,48,152,Royaume-Uni,15976
558335,2011-06-28 13:16,mardi,254.18,15,174,Royaume-Uni,17442
558417,2011-06-29 10:50,mercredi,2822.74,25,2086,Irlande,14156
558431,2011-06-29 12:15,mercredi,106.15,3,17,Irlande,14911
558442,2011-06-29 13:10,mercredi,110.92,24,29,Royaume-Uni,15537
558567,2011-06-30 14:37,jeudi,318.9,15,196,Royaume-Uni,14191
558613,2011-06-30 15:46,jeudi,756.36,30,394,Irlande,14911
558623,2011-06-30 16:52,jeudi,163.9,10,103,Belgique,12395
558626,2011-06-30 17:34,jeudi,95.28,6,47,Allemagne,12569
558628,2011-06-30 17:59,jeudi,814.74,44,583,Allemagne,12626
558631,2011-06-30 18:17,jeudi,161.89,25,67,Royaume-Uni,17921
558639,2011-07-01 08:55,vendredi,360.8,13,152,Suisse,13492
558640,2011-07-01 08:58,vendredi,138.5,8,82,Irlande,14911
558644,2011-07-01 10:16,vendredi,679.1,2,19,Irlande,14156
558647,2011-07-01 10:39,vendredi,439.74,26,212,Royaume-Uni,14868
558653,2011-07-01 10:40,vendredi,17.4,1,12,Royaume-Uni,14868
558687,2011-07-01 11:43,vendredi,298.64,16,285,France,12598
558699,2011-07-01 12:17,vendredi,153.22,10,79,France,12494
558714,2011-07-01 13:17,vendredi,128.27,13,349,Royaume-Uni,17888
558717,2011-07-01 13:22,vendredi,71.4,4,61,Allemagne,12710
558841,2011-07-04 11:59,lundi,30.0,1,1,Allemagne,12471
558881,2011-07-04 14:36,lundi,998.42,60,863,Allemagne,12705
558895,2011-07-04 15:54,lundi,389.68,1,1,Allemagne,12619
559010,2011-07-05 12:50,mardi,205.6,7,21,Irlande,14911
559011,2011-07-05 12:50,mardi,694.57,41,291,Royaume-Uni,17049
559015,2011-07-05 12:53,mardi,396.9,11,143,Royaume-Uni,13098
559036,2011-07-05 15:14,mardi,662.35,32,321,France,12637
559058,2011-07-06 09:49,mercredi,719.06,33,522,Belgique,12407
559070,2011-07-06 10:41,mercredi,110.55,7,75,Royaume-Uni,13468
559096,2011-07-06 10:52,mercredi,647.92,3,1036,Royaume-Uni,12830
559113,2011-07-06 12:08,mercredi,85.0,1,100,Royaume-Uni,13217
559125,2011-07-06 12:32,mercredi,437.38,24,211,Royaume-Uni,13985
559135,2011-07-06 13:18,mercredi,134.5,11,103,Chypre,12455
559145,2011-07-06 14:17,mercredi,2825.1,20,3242,Suede,17404
559148,2011-07-06 14:41,mercredi,96.0,2,64,Espagne,12450
559173,2011-07-07 10:03,jeudi,416.62,25,216,Espagne,12540
559187,2011-07-07 10:20,jeudi,46.75,1,11,Espagne,12507
559295,2011-07-07 12:32,jeudi,303.76,19,144,Belgique,12362
559298,2011-07-07 12:38,jeudi,739.64,22,298,Allemagne,12471
559300,2011-07-07 12:40,jeudi,208.62,12,148,Allemagne,12471
559313,2011-07-07 13:44,jeudi,225.2,8,58,Royaume-Uni,16325
559342,2011-07-07 16:59,jeudi,611.22,29,327,Royaume-Uni,14493
559346,2011-07-07 17:19,jeudi,202.16,15,140,Royaume-Uni,13486
559362,2011-07-08 08:43,vendredi,683.64,40,399,Allemagne,12635
559372,2011-07-08 10:23,vendredi,626.88,34,282,Suisse,12461
559418,2011-07-08 11:36,vendredi,579.26,36,325,France,12681
559422,2011-07-08 12:00,vendredi,284.75,16,137,France,12553
559441,2011-07-08 12:22,vendredi,329.24,14,200,France,12583
559460,2011-07-08 13:00,vendredi,300.86,16,234,Royaume-Uni,13862
559607,2011-07-11 11:39,lundi,532.48,27,241,France,12681
559654,2011-07-11 12:54,lundi,865.62,21,358,Royaume-Uni,13098
559662,2011-07-11 13:32,lundi,299.7,17,154,Royaume-Uni,16572
559665,2011-07-11 13:35,lundi,312.9,67,166,Espagne,12556
559673,2011-07-11 14:10,lundi,1212.26,42,665,Royaume-Uni,13224
559674,2011-07-11 14:16,lundi,351.7,35,247,Royaume-Uni,15856
559680,2011-07-11 14:47,lundi,421.24,24,244,Grece,12717
559684,2011-07-11 15:05,lundi,373.4,14,138,Royaume-Uni,14367
559704,2011-07-12 09:54,mardi,471.43,31,266,France,12669
559707,2011-07-12 10:04,mardi,484.86,12,100,Autriche,12358
559710,2011-07-12 10:25,mardi,191.6,11,125,Allemagne,12474
559790,2011-07-12 12:19,mardi,326.4,2,128,Royaume-Uni,14548
559834,2011-07-13 10:02,mercredi,239.2,16,148,Pologne,12576
559883,2011-07-13 11:34,mercredi,56.18,4,82,Royaume-Uni,14397
559888,2011-07-13 11:47,mercredi,311.92,11,200,Royaume-Uni,16450
559889,2011-07-13 11:48,mercredi,915.46,10,667,France,12678
559899,2011-07-13 12:24,mercredi,281.71,12,94,Allemagne,12528
559907,2011-07-13 13:37,mercredi,936.48,40,625,Portugal,12766
559928,2011-07-14 08:52,jeudi,1710.39,54,857,Finlande,12405
559986,2011-07-14 11:47,jeudi,98.45,6,55,Royaume-Uni,15256
559987,2011-07-14 12:12,jeudi,688.0,15,781,Allemagne,12619
560033,2011-07-14 13:28,jeudi,902.09,35,429,Australie,12388
560036,2011-07-14 13:51,jeudi,1147.1,47,688,Irlande,14911
560041,2011-07-14 14:46,jeudi,654.97,28,178,Irlande,14156
560048,2011-07-14 15:02,jeudi,132.16,9,127,Royaume-Uni,13515
560104,2011-07-14 18:56,jeudi,159.3,35,87,Royaume-Uni,17921
560230,2011-07-17 10:53,dimanche,345.23,9,107,Allemagne,12600
560251,2011-07-17 12:32,dimanche,394.88,60,219,Royaume-Uni,17774
560252,2011-07-17 12:35,dimanche,115.87,9,61,Royaume-Uni,13468
560272,2011-07-17 14:56,dimanche,150.1,6,47,France,12691
560273,2011-07-17 14:59,dimanche,372.3,22,210,Royaume-Uni,14895
560274,2011-07-17 15:00,dimanche,91.73,7,65,Royaume-Uni,14895
560275,2011-07-17 15:08,dimanche,15.0,1,4,Royaume-Uni,14895
560300,2011-07-18 10:29,lundi,800.46,67,1202,Irlande,14911
560302,2011-07-18 10:43,lundi,47.7,1,6,Royaume-Uni,14397
560360,2011-07-18 11:55,lundi,3949.32,75,2160,Autre,12744
560445,2011-07-19 09:08,mardi,11134.34,60,5726,Irlande,14156
560446,2011-07-19 09:10,mardi,532.32,3,496,Irlande,14156
560451,2011-07-19 09:50,mardi,1527.0,68,762,Irlande,14911
560454,2011-07-19 10:06,mardi,224.3,14,84,Royaume-Uni,12947
560534,2011-07-19 12:10,mardi,390.98,25,257,Irlande,14911
560544,2011-07-19 12:37,mardi,60.65,4,25,Allemagne,12569
560545,2011-07-19 12:38,mardi,105.6,6,57,Allemagne,12569
560590,2011-07-19 15:55,mardi,1292.31,76,812,Allemagne,12560
560607,2011-07-20 10:15,mercredi,301.52,4,59,Espagne,12510
560635,2011-07-20 10:51,mercredi,599.68,38,309,Allemagne,12521
560641,2011-07-20 11:00,mercredi,111.96,2,36,Royaume-Uni,15587
560728,2011-07-20 14:38,mercredi,348.29,19,154,Allemagne,12520
560781,2011-07-21 09:43,jeudi,353.02,8,155,Royaume-Uni,13969
560829,2011-07-21 12:00,jeudi,283.12,15,184,Royaume-Uni,17694
560854,2011-07-21 12:46,jeudi,473.1,16,300,Royaume-Uni,13098
560875,2011-07-21 15:12,jeudi,606.46,29,294,Royaume-Uni,13562
560876,2011-07-21 15:14,jeudi,1159.06,36,522,Allemagne,12626
560891,2011-07-21 17:02,jeudi,254.38,19,262,Royaume-Uni,15106
560894,2011-07-21 17:09,jeudi,751.75,19,269,Irlande,14911
560901,2011-07-21 17:39,jeudi,746.57,32,304,Allemagne,12476
560916,2011-07-21 18:19,jeudi,325.64,10,229,Irlande,14911
560922,2011-07-21 19:34,jeudi,260.9,12,147,Irlande,14911
560991,2011-07-22 13:29,vendredi,890.07,49,586,Norvege,12438
560997,2011-07-22 13:59,vendredi,768.02,40,426,Allemagne,12627
561009,2011-07-22 16:03,vendredi,489.6,15,484,Royaume-Uni,15856
561027,2011-07-24 10:54,dimanche,1468.36,12,778,Royaume-Uni,13802
561029,2011-07-24 11:25,dimanche,412.93,24,236,France,12490
561047,2011-07-24 12:46,dimanche,194.48,9,1368,Royaume-Uni,16948
561067,2011-07-24 14:26,dimanche,99.96,3,84,Royaume-Uni,14397
561077,2011-07-24 15:53,dimanche,868.49,52,399,Royaume-Uni,17649
561085,2011-07-25 09:26,lundi,929.53,50,551,Royaume-Uni,14367
561093,2011-07-25 10:01,lundi,1358.39,47,649,Espagne,12540
561094,2011-07-25 10:04,lundi,513.64,33,410,Allemagne,12474
561095,2011-07-25 10:19,lundi,449.73,15,181,Royaume-Uni,17040
561116,2011-07-25 12:22,lundi,856.0,12,411,Suisse,13520
561120,2011-07-25 12:50,lundi,187.2,9,90,Royaume-Uni,15835
561194,2011-07-25 13:54,lundi,617.54,31,332,Allemagne,13814
561257,2011-07-26 12:00,mardi,396.77,7,252,Irlande,14911
561332,2011-07-26 14:25,mardi,593.74,22,142,Suisse,13492
561388,2011-07-27 09:32,mercredi,3680.4,37,2208,Japon,12753
561398,2011-07-27 10:52,mercredi,618.5,29,502,Royaume-Uni,16767
561470,2011-07-27 13:14,mercredi,204.75,13,148,France,12523
561471,2011-07-27 13:14,mercredi,660.26,20,602,Irlande,14911
561472,2011-07-27 13:15,mercredi,104.25,4,55,Irlande,14911
561507,2011-07-27 14:21,mercredi,1214.81,70,704,Belgique,12397
561528,2011-07-28 08:55,jeudi,498.04,17,259,Royaume-Uni,13098
561601,2011-07-28 11:35,jeudi,340.8,21,244,Royaume-Uni,18151
561624,2011-07-28 13:54,jeudi,81.6,5,352,Royaume-Uni,16969
561631,2011-07-28 14:27,jeudi,624.22,29,363,Irlande,14911
561645,2011-07-28 15:16,jeudi,4345.1,31,2270,Irlande,14911
561662,2011-07-28 16:28,jeudi,192.34,4,296,Belgique,12407
561669,2011-07-28 17:09,jeudi,811.9,7,664,Espagne,12507
561671,2011-07-28 17:17,jeudi,1746.72,10,2064,Royaume-Uni,12830
561672,2011-07-28 17:18,jeudi,587.52,1,576,Royaume-Uni,12830
561676,2011-07-28 17:53,jeudi,106.8,5,52,Royaume-Uni,13468
561697,2011-07-29 10:06,vendredi,139.6,8,28,Royaume-Uni,18127
561698,2011-07-29 10:21,vendredi,492.28,19,226,Royaume-Uni,15974
561798,2011-07-29 13:39,vendredi,728.94,25,286,Irlande,14911
561804,2011-07-29 14:40,vendredi,417.94,23,308,Royaume-Uni,14191
561864,2011-07-31 10:43,dimanche,396.96,2,144,Royaume-Uni,13217
561866,2011-07-31 10:48,dimanche,115.08,3,54,Royaume-Uni,14341
561870,2011-07-31 11:45,dimanche,1056.11,80,1410,Irlande,14911
561898,2011-07-31 15:25,dimanche,1325.23,45,628,Suisse,12456
561901,2011-07-31 15:42,dimanche,13464.26,19,5246,Irlande,14156
561902,2011-07-31 15:50,dimanche,3633.58,24,2567,Suede,17404
561905,2011-08-01 09:31,lundi,178.5,10,118,Royaume-Uni,14947
561914,2011-08-01 11:13,lundi,182.66,14,134,Royaume-Uni,17676
562014,2011-08-01 14:05,lundi,321.29,18,237,Royaume-Uni,14341
562032,2011-08-02 08:48,mardi,584.91,22,277,Autre,12347
562034,2011-08-02 09:14,mardi,777.95,39,267,Belgique,12449
562035,2011-08-02 09:29,mardi,438.16,28,264,Allemagne,12627
562038,2011-08-02 09:35,mardi,219.2,14,137,Allemagne,12633
562039,2011-08-02 09:55,mardi,85.8,5,52,France,12593
562042,2011-08-02 10:19,mardi,919.61,22,485,Royaume-Uni,13075
562045,2011-08-02 10:33,mardi,477.91,31,325,Allemagne,12644
562046,2011-08-02 10:34,mardi,4008.62,219,2529,Suisse,12378
562107,2011-08-02 15:29,mardi,500.24,6,728,Royaume-Uni,13805
562163,2011-08-03 12:06,mercredi,308.43,19,245,Royaume-Uni,15628
562207,2011-08-03 12:56,mercredi,1202.22,8,699,France,12643
562210,2011-08-03 13:10,mercredi,617.45,37,389,Royaume-Uni,13486
562274,2011-08-04 10:00,jeudi,360.81,17,145,Finlande,12704
562282,2011-08-04 10:38,jeudi,2022.6,35,1320,Royaume-Uni,13098
562285,2011-08-04 10:45,jeudi,612.0,2,960,Suede,17404
562287,2011-08-04 11:07,jeudi,78.56,5,33,Chypre,12455
562340,2011-08-04 12:05,jeudi,407.38,26,210,Royaume-Uni,13985
562370,2011-08-04 14:20,jeudi,1062.84,44,556,Allemagne,12626
562374,2011-08-04 14:40,jeudi,4345.1,31,2270,Irlande,14911
562416,2011-08-04 16:31,jeudi,301.93,10,64,Royaume-Uni,13969
562418,2011-08-04 16:34,jeudi,367.32,19,176,Royaume-Uni,16572
562442,2011-08-04 18:31,jeudi,98.16,4,64,Royaume-Uni,14397
562445,2011-08-04 18:51,jeudi,355.56,21,190,Belgique,12417
562533,2011-08-05 14:36,vendredi,16.5,1,10,Royaume-Uni,17676
562537,2011-08-05 15:02,vendredi,771.75,50,421,Allemagne,12517
562560,2011-08-05 17:12,vendredi,1572.73,147,744,Irlande,14156
562564,2011-08-07 10:43,dimanche,234.35,17,133,Royaume-Uni,15058
562589,2011-08-07 15:16,dimanche,107.64,5,64,Royaume-Uni,15198
562602,2011-08-08 10:11,lundi,981.38,58,550,Autriche,12865
562605,2011-08-08 10:59,lundi,416.65,19,273,Allemagne,12530
562650,2011-08-08 13:12,lundi,80.0,1,2,Suede,17404
562670,2011-08-08 13:42,lundi,829.96,58,603,Irlande,14911
562721,2011-08-08 16:31,lundi,242.84,10,208,Royaume-Uni,15985
562729,2011-08-09 10:05,mardi,102.98,5,35,Allemagne,12569
562812,2011-08-09 15:32,mardi,52.02,1,18,Royaume-Uni,13217
562853,2011-08-10 10:15,mercredi,213.15,16,338,Danemark,13919
562882,2011-08-10 11:23,mercredi,292.69,14,62,Suisse,12384
562886,2011-08-10 11:41,mercredi,120.71,5,127,Royaume-Uni,17994
562890,2011-08-10 12:11,mercredi,355.45,20,272,Royaume-Uni,14191
562891,2011-08-10 12:18,mercredi,107.1,6,58,Royaume-Uni,13468
562893,2011-08-10 12:25,mercredi,521.44,31,307,Royaume-Uni,17442
562894,2011-08-10 12:35,mercredi,248.35,14,197,France,12571
562920,2011-08-10 14:13,mercredi,40.6,2,22,Royaume-Uni,14495
562922,2011-08-10 14:26,mercredi,721.95,22,521,Italie,12594
562935,2011-08-10 17:11,mercredi,1253.05,21,391,Irlande,14156
562944,2011-08-11 09:34,jeudi,371.3,21,189,Royaume-Uni,13985
562960,2011-08-11 10:22,jeudi,438.4,27,315,Irlande,14911
562973,2011-08-11 11:42,jeudi,1234.0,9,872,Irlande,14911
563023,2011-08-11 13:39,jeudi,534.34,30,210,Royaume-Uni,14639
563024,2011-08-11 13:41,jeudi,219.76,15,68,Royaume-Uni,14639
563036,2011-08-11 14:55,jeudi,400.6,21,234,Royaume-Uni,14868
563037,2011-08-11 15:02,jeudi,469.25,30,340,Belgique,12362
563071,2011-08-11 15:43,jeudi,332.89,20,163,Royaume-Uni,17633
563098,2011-08-12 09:14,vendredi,1396.66,41,554,Irlande,14911
563150,2011-08-12 11:41,vendredi,306.33,11,281,Royaume-Uni,15192
563169,2011-08-12 12:42,vendredi,768.97,35,491,Irlande,14911
563172,2011-08-12 13:15,vendredi,209.62,12,175,Belgique,12399
563184,2011-08-12 14:50,vendredi,153.64,24,66,Royaume-Uni,17516
563211,2011-08-14 12:33,dimanche,330.28,21,176,Royaume-Uni,17049
563217,2011-08-14 13:21,dimanche,188.4,13,166,Royaume-Uni,13515
563227,2011-08-14 15:33,dimanche,640.14,13,606,Royaume-Uni,14301
563230,2011-08-14 15:39,dimanche,334.85,43,162,Royaume-Uni,15376
563236,2011-08-15 09:45,lundi,11.9,1,2,Royaume-Uni,17252
563238,2011-08-15 09:59,lundi,630.42,14,342,Royaume-Uni,15093
563239,2011-08-15 10:02,lundi,68.08,20,51,Royaume-Uni,15048
563241,2011-08-15 10:22,lundi,1221.4,41,1026,Portugal,12758
563261,2011-08-15 12:38,lundi,91.32,2,84,Royaume-Uni,16836
563288,2011-08-15 12:53,lundi,1161.07,37,607,France,12656
563333,2011-08-15 13:09,lundi,111.56,14,27,Royaume-Uni,15996
563345,2011-08-15 13:22,lundi,378.12,11,462,Allemagne,12619
563353,2011-08-15 14:32,lundi,905.5,45,303,Autre,15480
563355,2011-08-15 14:39,lundi,467.42,31,580,Irlande,14156
563373,2011-08-16 10:02,mardi,115.3,5,22,Allemagne,12569
563477,2011-08-16 15:39,mardi,170.39,40,75,Espagne,17097
563482,2011-08-16 15:54,mardi,29.85,6,7,Espagne,17097
563500,2011-08-16 17:25,mardi,423.84,33,416,Royaume-Uni,15856
563501,2011-08-16 17:27,mardi,20.3,3,14,Royaume-Uni,15856
563518,2011-08-17 10:56,mercredi,231.76,11,158,Espagne,12421
563540,2011-08-17 12:04,mercredi,514.06,30,321,Allemagne,12473
563548,2011-08-17 12:30,mercredi,234.0,9,51,Allemagne,12528
563557,2011-08-17 13:33,mercredi,3160.84,166,2310,Royaume-Uni,15786
563558,2011-08-17 13:40,mercredi,1544.01,48,579,Irlande,14156
563559,2011-08-17 13:45,mercredi,34.68,1,12,Irlande,14156
563613,2011-08-18 08:49,jeudi,4873.81,171,3028,Autre,12688
563662,2011-08-18 11:40,jeudi,453.01,26,233,France,12729
563685,2011-08-18 12:26,jeudi,131.85,7,38,Irlande,14911
563686,2011-08-18 12:30,jeudi,637.6,18,426,Royaume-Uni,13098
563688,2011-08-18 12:41,jeudi,567.62,34,573,Royaume-Uni,16767
563709,2011-08-18 15:17,jeudi,371.56,76,251,Royaume-Uni,15472
563712,2011-08-18 15:44,jeudi,311.78,20,230,France,12680
563737,2011-08-18 18:51,jeudi,163.42,20,58,Royaume-Uni,16261
563749,2011-08-19 10:10,vendredi,534.7,30,240,Autriche,12360
563756,2011-08-19 11:08,vendredi,668.58,34,407,Suisse,12418
563776,2011-08-19 11:23,vendredi,275.37,9,101,Allemagne,12600
563808,2011-08-19 11:46,vendredi,463.26,23,216,Allemagne,12626
563848,2011-08-19 14:57,vendredi,989.49,49,644,Irlande,14911
563852,2011-08-19 15:18,vendredi,165.95,7,35,Belgique,12395
563853,2011-08-19 15:22,vendredi,144.0,1,8,Allemagne,12560
563897,2011-08-21 10:44,dimanche,128.55,8,34,France,12523
563901,2011-08-21 11:05,dimanche,13.25,2,3,Espagne,17097
563913,2011-08-21 13:11,dimanche,458.9,16,148,Irlande,14911
563914,2011-08-21 13:18,dimanche,324.83,18,187,Allemagne,12518
563926,2011-08-21 14:42,dimanche,400.22,22,236,France,12553
563931,2011-08-21 15:49,dimanche,833.32,40,292,Royaume-Uni,14895
563932,2011-08-21 15:50,dimanche,39.6,1,8,Royaume-Uni,14895
563936,2011-08-22 09:03,lundi,213.5,10,79,Autre,17828
563950,2011-08-22 10:39,lundi,1127.02,21,391,Allemagne,12471
563982,2011-08-22 11:17,lundi,174.96,5,104,Royaume-Uni,14397
564039,2011-08-22 12:40,lundi,511.96,23,350,Allemagne,12645
564058,2011-08-22 14:23,lundi,230.98,11,166,Royaume-Uni,17676
564079,2011-08-22 15:55,lundi,630.39,35,322,Allemagne,12627
564082,2011-08-23 08:51,mardi,72.0,1,4,Allemagne,12627
564085,2011-08-23 09:17,mardi,50.0,1,1,Irlande,14911
564159,2011-08-23 12:43,mardi,96.3,5,54,France,12593
564174,2011-08-23 14:25,mardi,379.27,19,205,Royaume-Uni,14191
564181,2011-08-23 14:53,mardi,327.93,21,234,Royaume-Uni,13862
564201,2011-08-24 08:09,mercredi,509.34,18,317,Espagne,12540
564226,2011-08-24 10:13,mercredi,184.26,10,107,France,12523
564231,2011-08-24 10:22,mercredi,121.37,7,43,Royaume-Uni,13468
564309,2011-08-24 12:39,mercredi,83.58,5,70,Allemagne,12471
564314,2011-08-24 12:58,mercredi,244.65,13,139,France,12695
564316,2011-08-24 13:11,mercredi,391.68,23,212,Royaume-Uni,13985
564317,2011-08-24 13:12,mercredi,310.76,19,178,Royaume-Uni,13890
564329,2011-08-24 13:55,mercredi,96.75,4,31,Allemagne,12569
564337,2011-08-24 14:40,mercredi,233.21,13,376,Allemagne,12649
564338,2011-08-24 14:41,mercredi,15.3,1,6,Allemagne,12649
564356,2011-08-24 15:47,mercredi,706.22,92,426,Royaume-Uni,13969
564360,2011-08-24 16:13,mercredi,530.22,23,395,Allemagne,12471
564378,2011-08-25 10:26,jeudi,562.69,35,344,Belgique,12417
564471,2011-08-25 12:26,jeudi,243.1,11,171,France,12583
564475,2011-08-25 12:50,jeudi,378.0,5,289,Allemagne,12500
564483,2011-08-25 13:46,jeudi,485.98,37,447,Royaume-Uni,14050
564531,2011-08-25 15:04,jeudi,341.19,19,147,France,12624
564539,2011-08-25 15:22,jeudi,353.86,21,197,Suede,12715
564558,2011-08-26 08:59,vendredi,410.55,20,163,Finlande,12704
564565,2011-08-26 10:50,vendredi,812.02,41,572,Irlande,14911
564654,2011-08-26 14:29,vendredi,640.14,29,277,Irlande,14911
564670,2011-08-26 15:44,vendredi,1130.95,48,694,France,12683
564719,2011-08-28 11:55,dimanche,162.29,49,232,Royaume-Uni,15325
564734,2011-08-28 13:32,dimanche,1246.49,122,800,Espagne,12484
564735,2011-08-28 13:35,dimanche,627.64,50,632,Royaume-Uni,15856
564737,2011-08-28 14:00,dimanche,186.9,9,70,Royaume-Uni,15312
564745,2011-08-28 15:27,dimanche,259.93,46,110,Royaume-Uni,16806
564746,2011-08-28 15:58,dimanche,315.72,13,112,Royaume-Uni,17633
564853,2011-08-31 08:55,mercredi,198.98,12,149,Belgique,12423
564856,2011-08-31 09:11,mercredi,4257.06,90,1151,Allemagne,12477
564858,2011-08-31 09:44,mercredi,140.0,1,5,Espagne,12484
564862,2011-08-31 10:24,mercredi,145.0,1,1,France,12678
564897,2011-08-31 11:22,mercredi,1330.44,10,820,France,12678
564912,2011-08-31 12:33,mercredi,424.06,19,201,France,12490
564975,2011-08-31 15:35,mercredi,138.4,16,50,Espagne,17097
565067,2011-08-31 17:16,mercredi,511.46,71,429,Royaume-Uni,15856
565213,2011-09-01 17:19,jeudi,2242.32,8,1776,Irlande,14911
565214,2011-09-01 17:20,jeudi,1638.24,13,408,Irlande,14911
565218,2011-09-01 17:45,jeudi,975.54,37,485,Autre,12739
565261,2011-09-02 10:53,vendredi,465.68,26,314,Allemagne,12474
565287,2011-09-02 11:42,vendredi,309.45,14,163,Suede,12483
565289,2011-09-02 11:43,vendredi,749.13,26,163,Irlande,14911
565295,2011-09-02 12:01,vendredi,317.0,20,227,Portugal,12794
565316,2011-09-02 12:52,vendredi,311.85,16,197,Royaume-Uni,15628
565321,2011-09-02 13:14,vendredi,269.58,9,100,France,12437
565322,2011-09-02 13:15,vendredi,65.1,5,54,France,12437
565398,2011-09-02 16:50,vendredi,855.28,18,487,Royaume-Uni,15856
565412,2011-09-04 11:36,dimanche,629.04,6,1272,Irlande,14156
565416,2011-09-04 12:00,dimanche,358.66,29,404,Allemagne,12710
565423,2011-09-04 12:23,dimanche,91.86,6,39,Allemagne,12569
565426,2011-09-04 12:41,dimanche,135.18,50,109,Royaume-Uni,12851
565427,2011-09-04 12:49,dimanche,235.54,30,81,Royaume-Uni,17774
565442,2011-09-04 14:09,dimanche,819.26,37,559,Allemagne,12627
565444,2011-09-04 14:36,dimanche,128.9,16,34,Royaume-Uni,17894
565466,2011-09-05 09:48,lundi,147.7,8,82,Australie,12422
565470,2011-09-05 10:06,lundi,275.7,16,202,Pologne,12576
565474,2011-09-05 10:34,lundi,50.0,1,1,Irlande,14156
565475,2011-09-05 10:47,lundi,7480.06,51,5034,Irlande,14156
565476,2011-09-05 10:48,lundi,958.8,4,456,Irlande,14156
565583,2011-09-05 12:41,lundi,253.55,14,51,Pologne,12816
565587,2011-09-05 13:38,lundi,537.3,7,148,France,12727
565596,2011-09-05 14:27,lundi,301.32,25,203,Royaume-Uni,16444
565618,2011-09-05 15:40,lundi,347.88,25,338,Royaume-Uni,15974
565643,2011-09-05 15:56,lundi,356.75,8,207,Royaume-Uni,13468
565665,2011-09-05 17:44,lundi,488.21,26,285,Royaume-Uni,15856
565684,2011-09-06 10:46,mardi,189.6,12,144,Royaume-Uni,16455
565748,2011-09-06 12:38,mardi,4005.35,58,1145,Irlande,14156
565749,2011-09-06 12:44,mardi,228.84,5,140,Irlande,14156
565757,2011-09-06 13:29,mardi,183.36,5,136,Royaume-Uni,17339
565777,2011-09-06 14:53,mardi,106.8,4,21,Allemagne,12569
565781,2011-09-06 15:34,mardi,701.38,20,450,Royaume-Uni,13098
565785,2011-09-06 16:57,mardi,200.0,1,5,Suisse,12461
565790,2011-09-07 09:15,mercredi,591.14,16,480,Royaume-Uni,16767
565792,2011-09-07 09:37,mercredi,180.12,7,112,Royaume-Uni,14397
565800,2011-09-07 10:23,mercredi,809.07,40,417,Irlande,14911
565801,2011-09-07 10:28,mercredi,549.24,26,268,France,12685
565802,2011-09-07 10:36,mercredi,174.71,11,177,Royaume-Uni,17573
565844,2011-09-07 12:19,mercredi,331.24,19,247,Royaume-Uni,17442
565851,2011-09-07 13:06,mercredi,637.29,32,332,Irlande,14911
565854,2011-09-07 13:22,mercredi,1035.82,42,650,France,12490
565857,2011-09-07 14:13,mercredi,1464.58,85,942,Irlande,14911
565865,2011-09-07 15:07,mercredi,1304.7,67,719,France,12637
565916,2011-09-07 16:00,mercredi,504.35,31,186,Irlande,14156
565930,2011-09-08 10:32,jeudi,1057.18,64,649,France,12685
565931,2011-09-08 10:35,jeudi,404.31,23,211,France,12683
565937,2011-09-08 10:52,jeudi,126.74,8,52,Royaume-Uni,13468
566040,2011-09-08 13:38,jeudi,459.99,23,243,Espagne,12540
566041,2011-09-08 13:48,jeudi,961.58,26,532,Allemagne,13814
566051,2011-09-08 14:42,jeudi,86.0,5,56,Royaume-Uni,15198
566054,2011-09-08 15:04,jeudi,205.8,9,125,Allemagne,12592
566059,2011-09-08 15:22,jeudi,86.0,3,9,Allemagne,12569
566076,2011-09-09 09:13,vendredi,1087.7,45,372,Belgique,12449
566115,2011-09-09 10:51,vendredi,425.2,22,293,France,12674
566163,2011-09-09 11:48,vendredi,1304.7,67,719,France,12637
566173,2011-09-09 12:24,vendredi,186.56,8,145,Pays-Bas,12787
566200,2011-09-09 14:14,vendredi,111.78,52,93,Royaume-Uni,16910
566207,2011-09-09 15:02,vendredi,1210.32,9,2352,Royaume-Uni,12830
566213,2011-09-09 15:09,vendredi,1732.93,74,959,Royaume-Uni,14895
566214,2011-09-09 15:10,vendredi,51.0,1,4,Royaume-Uni,14895
566215,2011-09-09 15:11,vendredi,109.15,5,29,Royaume-Uni,14895
566233,2011-09-11 11:04,dimanche,1005.54,61,773,Allemagne,12635
566246,2011-09-11 12:00,dimanche,1028.04,8,396,Royaume-Uni,13941
566250,2011-09-11 12:10,dimanche,344.88,2,120,Royaume-Uni,15587
566256,2011-09-11 12:27,dimanche,112.38,7,43,France,12680
566271,2011-09-11 13:44,dimanche,1228.83,74,866,Royaume-Uni,14250
566308,2011-09-12 09:38,lundi,289.92,15,134,Royaume-Uni,15865
566395,2011-09-12 12:48,lundi,683.8,12,164,Royaume-Uni,14952
566438,2011-09-12 15:14,lundi,152.82,18,44,Royaume-Uni,15996
566492,2011-09-13 10:34,mardi,94.32,2,73,France,12679
566494,2011-09-13 11:12,mardi,4114.08,17,4072,Suede,17404
566576,2011-09-13 13:21,mardi,2180.3,20,977,Royaume-Uni,13098
566586,2011-09-13 14:23,mardi,199.8,7,213,Allemagne,12619
566623,2011-09-14 09:31,mercredi,112.08,4,144,Japon,12756
566625,2011-09-14 09:38,mercredi,781.11,50,734,Irlande,14911
566734,2011-09-14 14:09,mercredi,163.08,64,89,Royaume-Uni,16910
566755,2011-09-14 15:49,mercredi,117.24,3,108,Royaume-Uni,13877
566756,2011-09-14 15:54,mercredi,743.28,34,376,Suisse,12457
566776,2011-09-15 09:53,jeudi,368.37,19,226,Irlande,14911
566790,2011-09-15 10:35,jeudi,1643.2,26,678,Royaume-Uni,17679
566817,2011-09-15 10:53,jeudi,801.94,15,1012,Royaume-Uni,16160
566846,2011-09-15 11:54,jeudi,325.16,6,85,Irlande,14911
566912,2011-09-15 14:05,jeudi,990.15,54,503,Royaume-Uni,14367
566916,2011-09-15 14:25,jeudi,160.0,1,4,Suisse,12457
566964,2011-09-15 17:09,jeudi,7.5,1,6,Royaume-Uni,17573
566984,2011-09-16 10:39,vendredi,440.5,19,229,Allemagne,12471
566987,2011-09-16 10:56,vendredi,533.6,13,185,Allemagne,12476
567095,2011-09-16 13:03,vendredi,635.19,37,283,Royaume-Uni,17049
567134,2011-09-16 14:20,vendredi,282.9,6,69,Allemagne,12600
567180,2011-09-18 14:56,dimanche,652.62,65,345,Royaume-Uni,17802
567188,2011-09-19 09:04,lundi,196.35,1,33,Suisse,12457
567206,2011-09-19 10:51,lundi,589.6,29,230,Royaume-Uni,13562
567293,2011-09-19 12:01,lundi,764.59,42,246,France,12640
567302,2011-09-19 13:02,lundi,197.55,13,114,Royaume-Uni,15058
567306,2011-09-19 13:32,lundi,4366.78,53,2262,Norvege,12752
567334,2011-09-19 14:55,lundi,648.48,24,166,Irlande,14911
567340,2011-09-19 15:02,lundi,971.65,36,565,Espagne,12540
567354,2011-09-19 16:15,lundi,179.0,1,100,Royaume-Uni,18017
567368,2011-09-20 08:23,mardi,376.19,19,172,Royaume-Uni,17147
567370,2011-09-20 09:13,mardi,301.56,12,272,Royaume-Uni,14236
567372,2011-09-20 09:24,mardi,267.03,16,187,Royaume-Uni,14191
567378,2011-09-20 10:01,mardi,948.47,58,615,Irlande,14911
567380,2011-09-20 10:06,mardi,377.66,24,306,France,12620
567424,2011-09-20 11:16,mardi,497.24,50,304,Royaume-Uni,16369
567428,2011-09-20 11:35,mardi,849.92,44,342,Irlande,14911
567505,2011-09-20 14:34,mardi,366.25,18,103,Norvege,12352
567526,2011-09-21 09:06,mercredi,3850.9,17,1176,Danemark,12435
567530,2011-09-21 09:33,mercredi,549.84,32,353,Belgique,12390
567531,2011-09-21 09:37,mercredi,53.12,2,32,Royaume-Uni,14397
567552,2011-09-21 10:40,mercredi,540.8,22,277,France,12583
567578,2011-09-21 10:47,mercredi,460.63,32,432,Allemagne,12701
567616,2011-09-21 12:23,mercredi,381.22,11,94,Irlande,14911
567618,2011-09-21 12:26,mercredi,342.9,24,417,France,12721
567642,2011-09-21 14:15,mercredi,4.95,1,1,Suisse,12409
567657,2011-09-21 14:43,mercredi,124.38,8,63,France,12523
567666,2011-09-21 15:23,mercredi,588.41,31,340,Allemagne,12520
567687,2011-09-21 16:43,mercredi,58.6,6,20,Royaume-Uni,17888
567701,2011-09-22 09:36,jeudi,317.76,15,480,Royaume-Uni,17172
567720,2011-09-22 10:37,jeudi,434.1,19,133,Irlande,14911
567721,2011-09-22 10:38,jeudi,4860.64,44,2408,Suisse,12409
567756,2011-09-22 10:52,jeudi,398.24,10,487,France,12678
567793,2011-09-22 11:40,jeudi,618.44,28,259,France,12657
567824,2011-09-22 13:00,jeudi,37.5,1,1,Autre,12739
567846,2011-09-22 13:13,jeudi,302.8,17,140,Royaume-Uni,13486
567878,2011-09-22 14:42,jeudi,290.52,87,179,Royaume-Uni,16910
567899,2011-09-22 16:26,jeudi,809.82,52,670,Irlande,14911
567900,2011-09-22 16:27,jeudi,10.5,1,5,Irlande,14911
567910,2011-09-22 16:58,jeudi,222.6,10,173,France,12437
567915,2011-09-22 17:15,jeudi,440.42,29,285,France,12579
567924,2011-09-22 17:25,jeudi,223.26,8,139,Allemagne,12471
567928,2011-09-22 17:31,jeudi,626.01,28,290,Belgique,12380
567929,2011-09-22 17:31,jeudi,777.2,36,496,Portugal,12425
567938,2011-09-22 18:14,jeudi,245.55,15,138,Finlande,12704
567958,2011-09-23 09:00,vendredi,473.12,13,426,Allemagne,12619
567959,2011-09-23 09:13,vendredi,728.86,13,530,Allemagne,12516
567968,2011-09-23 09:44,vendredi,760.2,45,475,Espagne,12546
568001,2011-09-23 11:35,vendredi,277.48,7,97,Espagne,12540
568040,2011-09-23 12:09,vendredi,790.54,38,479,France,12681
568048,2011-09-23 12:36,vendredi,1261.09,66,717,Irlande,14911
568056,2011-09-23 12:55,vendredi,842.62,38,461,Allemagne,12705
568061,2011-09-23 13:12,vendredi,189.7,58,105,Royaume-Uni,16910
568095,2011-09-23 14:49,vendredi,2241.81,120,1242,Irlande,14911
568103,2011-09-23 15:45,vendredi,524.9,33,295,Allemagne,12518
568104,2011-09-23 15:50,vendredi,363.65,42,235,Royaume-Uni,16485
568137,2011-09-25 10:34,dimanche,553.39,21,169,France,12488
568145,2011-09-25 11:30,dimanche,825.92,22,478,Australie,12388
568156,2011-09-25 12:16,dimanche,511.34,39,224,Royaume-Uni,14367
568171,2011-09-25 13:10,dimanche,130.05,9,106,Royaume-Uni,15312
568172,2011-09-25 13:13,dimanche,310.0,3,217,Finlande,12348
568174,2011-09-25 13:23,dimanche,144.05,25,45,Royaume-Uni,16261
568176,2011-09-25 13:25,dimanche,222.6,14,112,France,12685
568208,2011-09-25 15:35,dimanche,339.02,18,176,Portugal,12783
568219,2011-09-26 09:59,lundi,116.12,7,88,Royaume-Uni,13468
568221,2011-09-26 10:05,lundi,418.22,22,224,Irlande,14911
568235,2011-09-26 11:39,lundi,183.62,8,106,Royaume-Uni,13410
568310,2011-09-26 12:48,lundi,737.92,37,256,Irlande,14911
568350,2011-09-26 15:35,lundi,704.04,19,262,Allemagne,12612
568397,2011-09-27 10:24,mardi,304.9,18,116,Royaume-Uni,15745
568417,2011-09-27 11:10,mardi,776.3,17,202,Irlande,14911
568472,2011-09-27 11:50,mardi,417.2,23,210,Allemagne,12517
568493,2011-09-27 12:03,mardi,254.4,14,111,Royaume-Uni,12987
568518,2011-09-27 12:53,mardi,189.2,10,65,France,12680
568554,2011-09-27 15:31,mardi,290.5,19,323,Chypre,12455
568574,2011-09-28 09:15,mercredi,308.4,21,264,Royaume-Uni,13862
568614,2011-09-28 11:26,mercredi,367.16,24,208,Royaume-Uni,13515
568645,2011-09-28 11:38,mercredi,644.75,29,268,France,12656
568650,2011-09-28 11:56,mercredi,1810.51,92,1225,Suisse,13505
568651,2011-09-28 12:04,mercredi,829.99,40,267,Belgique,12362
568654,2011-09-28 12:20,mercredi,1297.85,68,549,Irlande,14911
568656,2011-09-28 12:21,mercredi,141.62,4,70,Irlande,14911
568670,2011-09-28 13:07,mercredi,394.14,38,108,Royaume-Uni,14978
568698,2011-09-28 14:57,mercredi,530.77,27,334,Irlande,14911
568699,2011-09-28 14:58,mercredi,266.25,14,52,Norvege,12352
568706,2011-09-28 15:32,mercredi,329.75,17,59,Irlande,14911
568707,2011-09-28 15:33,mercredi,50.4,3,16,Irlande,14911
568711,2011-09-28 15:48,mercredi,112.32,4,61,Royaume-Uni,14947
568781,2011-09-29 08:28,jeudi,2505.84,16,1000,Royaume-Uni,14952
568782,2011-09-29 08:53,jeudi,1018.22,46,494,Royaume-Uni,13985
568788,2011-09-29 09:23,jeudi,123.06,33,50,Royaume-Uni,17894
568791,2011-09-29 09:51,jeudi,518.42,24,372,Royaume-Uni,16650
568798,2011-09-29 10:23,jeudi,576.65,29,338,France,12615
568800,2011-09-29 10:45,jeudi,337.7,15,182,Royaume-Uni,14868
568803,2011-09-29 10:50,jeudi,365.52,4,216,Royaume-Uni,15030
568829,2011-09-29 11:33,jeudi,355.89,20,223,Royaume-Uni,17633
568833,2011-09-29 11:39,jeudi,500.46,50,704,Royaume-Uni,17348
568901,2011-09-29 13:22,jeudi,1293.18,57,901,Royaume-Uni,15050
568913,2011-09-29 13:45,jeudi,30.0,1,24,Royaume-Uni,15050
568950,2011-09-29 15:25,jeudi,505.48,19,236,Suisse,12458
568953,2011-09-29 15:31,jeudi,219.02,13,163,France,12728
568994,2011-09-29 16:52,jeudi,361.76,18,288,France,12598
569001,2011-09-29 17:52,jeudi,283.55,21,164,Allemagne,12703
569010,2011-09-30 07:36,vendredi,5867.08,27,2720,Irlande,14156
569028,2011-09-30 10:20,vendredi,272.16,19,386,Irlande,14911
569120,2011-09-30 12:58,vendredi,327.23,14,175,France,12583
569122,2011-09-30 13:06,vendredi,430.17,17,186,France,12694
569130,2011-09-30 13:46,vendredi,116.3,4,19,Irlande,14911
569220,2011-10-02 13:26,dimanche,751.74,163,598,Royaume-Uni,16007
569332,2011-10-03 13:46,lundi,358.4,77,158,France,12637
569336,2011-10-03 14:05,lundi,864.19,40,340,Royaume-Uni,15088
569402,2011-10-04 09:00,mardi,194.2,10,81,France,12413
569406,2011-10-04 09:09,mardi,1983.46,70,1893,Royaume-Uni,16253
569423,2011-10-04 10:42,mardi,489.42,24,322,Royaume-Uni,16882
569489,2011-10-04 13:13,mardi,196.35,1,33,Suisse,12457
569494,2011-10-04 13:42,mardi,449.12,8,472,Royaume-Uni,15739
569496,2011-10-04 13:45,mardi,346.68,17,118,Belgique,12395
569527,2011-10-04 14:53,mardi,122.33,32,95,Autre,12512
569529,2011-10-04 14:55,mardi,15.7,2,4,Autre,12512
569531,2011-10-04 15:02,mardi,163.1,5,34,France,12695
569561,2011-10-05 09:42,mercredi,122.05,6,35,Royaume-Uni,13468
569639,2011-10-05 12:24,mercredi,240.0,1,1,Allemagne,12471
569640,2011-10-05 12:25,mercredi,2145.38,27,962,Allemagne,12471
569652,2011-10-05 12:51,mercredi,416.46,22,286,Royaume-Uni,15628
569653,2011-10-05 12:52,mercredi,2539.56,100,1650,Suisse,12451
569665,2011-10-05 13:34,mercredi,91.85,4,4,Pays-Bas,12789
569677,2011-10-05 14:14,mercredi,269.63,19,237,Royaume-Uni,15106
569679,2011-10-05 14:19,mercredi,223.5,5,150,Royaume-Uni,16160
569686,2011-10-05 14:50,mercredi,283.6,18,162,France,12719
569688,2011-10-05 14:55,mercredi,59.52,16,22,Royaume-Uni,15048
569699,2011-10-05 15:52,mercredi,265.51,35,188,France,12723
569701,2011-10-05 15:56,mercredi,33.9,1,2,France,12723
569715,2011-10-05 17:29,mercredi,503.64,20,533,Royaume-Uni,15856
569727,2011-10-06 09:37,jeudi,150.25,7,52,Allemagne,12500
569737,2011-10-06 10:45,jeudi,355.9,22,259,Royaume-Uni,16295
569739,2011-10-06 10:48,jeudi,421.3,24,229,Irlande,14911
569799,2011-10-06 11:47,jeudi,428.89,23,267,Royaume-Uni,13602
569844,2011-10-06 13:30,jeudi,1377.55,62,856,Allemagne,12626
569867,2011-10-06 14:54,jeudi,320.4,13,246,Allemagne,12569
569893,2011-10-06 15:51,jeudi,1183.72,60,868,Allemagne,12627
569901,2011-10-06 16:20,jeudi,176.97,29,69,Royaume-Uni,12923
569907,2011-10-06 16:41,jeudi,77.4,3,13,Allemagne,12569
569917,2011-10-06 17:02,jeudi,342.0,9,160,Royaume-Uni,17453
569921,2011-10-06 17:28,jeudi,157.0,8,29,France,12523
569968,2011-10-06 18:56,jeudi,224.76,41,137,Royaume-Uni,17921
569998,2011-10-07 08:12,vendredi,422.8,22,227,Espagne,12540
570000,2011-10-07 08:55,vendredi,600.39,29,345,Chypre,12420
570001,2011-10-07 09:10,vendredi,321.74,16,208,Royaume-Uni,14427
570002,2011-10-07 09:16,vendredi,1059.24,24,346,Allemagne,12477
570007,2011-10-07 09:26,vendredi,340.84,18,183,Allemagne,12519
570008,2011-10-07 09:30,vendredi,439.56,23,161,Royaume-Uni,13359
570009,2011-10-07 09:38,vendredi,638.21,33,459,Royaume-Uni,14138
570016,2011-10-07 10:06,vendredi,904.14,51,448,Irlande,14911
570023,2011-10-07 10:22,vendredi,122.7,7,36,Royaume-Uni,13876
570095,2011-10-07 11:57,vendredi,274.51,15,102,Allemagne,12528
570102,2011-10-07 12:17,vendredi,517.8,28,232,Royaume-Uni,16455
570126,2011-10-07 13:16,vendredi,135.82,35,50,Royaume-Uni,16910
570253,2011-10-10 09:18,lundi,1974.0,2,360,Irlande,14156
570255,2011-10-10 09:41,lundi,690.11,26,198,Royaume-Uni,17648
570268,2011-10-10 10:16,lundi,1978.22,21,908,Royaume-Uni,13098
570272,2011-10-10 10:45,lundi,477.5,24,326,Royaume-Uni,14297
570275,2011-10-10 10:57,lundi,2482.44,29,1263,Royaume-Uni,13098
570388,2011-10-10 12:37,lundi,1209.88,78,646,Irlande,14911
570418,2011-10-10 13:31,lundi,511.34,29,123,Royaume-Uni,15211
570448,2011-10-10 14:55,lundi,943.69,66,853,Royaume-Uni,13224
570452,2011-10-10 15:15,lundi,282.58,15,114,Allemagne,12427
570485,2011-10-10 17:09,lundi,17.4,1,12,Irlande,14911
570499,2011-10-11 09:19,mardi,892.47,55,556,Portugal,12772
570511,2011-10-11 10:24,mardi,186.8,6,100,Royaume-Uni,14397
570512,2011-10-11 10:31,mardi,424.8,6,60,Royaume-Uni,14952
570513,2011-10-11 10:33,mardi,950.44,17,344,Royaume-Uni,14952
570521,2011-10-11 10:43,mardi,1527.96,62,582,Suisse,12371
570555,2011-10-11 11:03,mardi,547.25,31,306,Royaume-Uni,17119
570637,2011-10-11 12:34,mardi,440.63,20,313,Allemagne,12530
570638,2011-10-11 12:36,mardi,250.9,22,185,Royaume-Uni,17888
570640,2011-10-11 12:38,mardi,522.36,30,254,Allemagne,12474
570651,2011-10-11 13:34,mardi,321.35,5,86,Irlande,14911
570657,2011-10-11 14:10,mardi,485.8,20,416,Irlande,14911
570666,2011-10-11 14:24,mardi,171.66,12,136,Danemark,13919
570667,2011-10-11 14:33,mardi,355.8,15,162,Belgique,12362
570672,2011-10-11 14:52,mardi,4279.71,259,2801,France,12536
570674,2011-10-11 14:59,mardi,768.64,60,1704,Irlande,14911
570680,2011-10-11 15:36,mardi,899.07,68,486,Royaume-Uni,13969
570694,2011-10-12 08:10,mercredi,214.3,7,47,Irlande,14911
570700,2011-10-12 09:29,mercredi,419.85,12,76,Irlande,14156
570703,2011-10-12 09:50,mercredi,803.24,49,510,Irlande,14911
570706,2011-10-12 10:04,mercredi,25.5,1,2,Irlande,14911
570714,2011-10-12 10:20,mercredi,676.37,21,337,Suisse,13520
570718,2011-10-12 10:36,mercredi,381.06,25,324,Allemagne,12518
570719,2011-10-12 10:45,mercredi,193.55,28,189,Royaume-Uni,17913
570724,2011-10-12 11:22,mercredi,153.12,12,162,France,12602
570754,2011-10-12 11:40,mercredi,215.23,15,94,Allemagne,12633
570776,2011-10-12 11:45,mercredi,626.92,29,276,Royaume-Uni,13985
570784,2011-10-12 11:49,mercredi,103.5,5,27,Allemagne,12569
570794,2011-10-12 12:10,mercredi,158.4,4,60,Royaume-Uni,14761
570798,2011-10-12 12:30,mercredi,112.32,2,74,France,12679
570806,2011-10-12 12:42,mercredi,901.07,42,608,Royaume-Uni,13115
570823,2011-10-12 12:54,mercredi,303.1,9,99,France,12691
570829,2011-10-12 13:17,mercredi,336.4,21,324,Royaume-Uni,16295
570839,2011-10-12 14:08,mercredi,749.67,39,406,Irlande,14911
570840,2011-10-12 14:10,mercredi,100.58,7,22,Royaume-Uni,13468
570841,2011-10-12 14:18,mercredi,477.55,23,220,France,12553
570842,2011-10-12 14:21,mercredi,309.24,21,248,Royaume-Uni,17676
570851,2011-10-12 14:46,mercredi,314.2,6,101,France,12583
570875,2011-10-12 17:00,mercredi,620.13,33,395,Finlande,12667
570879,2011-10-13 08:42,jeudi,331.72,12,124,France,12685
570881,2011-10-13 09:30,jeudi,247.25,13,69,Allemagne,12498
570964,2011-10-13 11:50,jeudi,1319.01,61,884,Portugal,12766
570983,2011-10-13 11:57,jeudi,314.15,31,268,Royaume-Uni,14963
571030,2011-10-13 12:26,jeudi,1491.59,51,1290,Belgique,12876
571033,2011-10-13 12:46,jeudi,1259.46,36,746,Royaume-Uni,14251
571053,2011-10-13 13:53,jeudi,640.5,31,236,Finlande,12631
571118,2011-10-14 08:29,vendredi,66.3,4,46,Royaume-Uni,16239
571129,2011-10-14 10:03,vendredi,406.84,19,353,Irlande,14156
571182,2011-10-14 10:55,vendredi,15.6,1,8,Royaume-Uni,13115
571187,2011-10-14 11:39,vendredi,450.86,23,229,Belgique,12380
571188,2011-10-14 11:42,vendredi,642.01,34,215,Portugal,12783
571191,2011-10-14 11:44,vendredi,15.0,1,1,Suede,17404
571215,2011-10-14 12:57,vendredi,653.5,20,179,Allemagne,13810
571223,2011-10-14 13:36,vendredi,599.5,1,1,Allemagne,13810
571225,2011-10-14 13:41,vendredi,179.86,7,98,Royaume-Uni,14397
571226,2011-10-14 13:49,vendredi,81.57,4,55,Royaume-Uni,13006
571227,2011-10-14 13:54,vendredi,1288.78,32,316,Allemagne,12477
571231,2011-10-14 14:22,vendredi,992.0,26,690,Royaume-Uni,15856
571234,2011-10-14 14:28,vendredi,47.04,2,112,Royaume-Uni,15856
571239,2011-10-14 14:54,vendredi,999.26,32,599,Autre,12744
571255,2011-10-14 17:13,vendredi,3528.34,15,1006,Espagne,12454
571296,2011-10-16 16:13,dimanche,151.7,29,101,Royaume-Uni,13760
571308,2011-10-17 10:10,lundi,723.38,36,535,Allemagne,12475
571312,2011-10-17 10:42,lundi,572.23,36,480,Allemagne,12474
571313,2011-10-17 10:42,lundi,728.24,5,668,Irlande,14156
571314,2011-10-17 10:43,lundi,894.64,9,456,Irlande,14156
571318,2011-10-17 10:50,lundi,5296.96,30,5952,Suede,17404
571324,2011-10-17 11:08,lundi,283.02,1,1,Portugal,12783
571326,2011-10-17 11:11,lundi,339.02,1,1,Portugal,12783
571328,2011-10-17 11:27,lundi,1697.98,99,1557,Allemagne,12473
571377,2011-10-17 11:56,lundi,292.0,15,66,Irlande,14911
571409,2011-10-17 12:25,lundi,964.22,55,599,Irlande,14911
571425,2011-10-17 12:41,lundi,690.34,39,224,Irlande,14911
571442,2011-10-17 13:39,lundi,1283.96,89,654,Royaume-Uni,17049
571445,2011-10-17 13:44,lundi,358.99,22,199,Belgique,12463
571446,2011-10-17 13:46,lundi,1761.24,16,572,Irlande,14911
571447,2011-10-17 13:47,lundi,118.44,1,36,Irlande,14911
571461,2011-10-17 14:12,lundi,161.94,53,87,Royaume-Uni,16932
571477,2011-10-17 14:54,lundi,543.41,25,365,Portugal,12794
571547,2011-10-18 07:43,mardi,348.91,4,51,Royaume-Uni,17679
571559,2011-10-18 09:32,mardi,808.15,28,283,Irlande,14911
571562,2011-10-18 10:04,mardi,704.02,23,342,Irlande,14156
571665,2011-10-18 12:59,mardi,1019.47,41,724,Espagne,12540
571671,2011-10-18 13:15,mardi,1181.52,119,933,Royaume-Uni,16940
571676,2011-10-18 13:29,mardi,268.77,91,128,Royaume-Uni,16910
571690,2011-10-18 14:32,mardi,329.97,21,279,Royaume-Uni,14191
571697,2011-10-18 14:49,mardi,448.92,29,272,Pays-Bas,12759
571698,2011-10-18 14:50,mardi,424.36,7,1172,Royaume-Uni,13805
571701,2011-10-18 15:05,mardi,948.16,55,632,Royaume-Uni,14639
571702,2011-10-18 15:06,mardi,47.1,2,10,Royaume-Uni,14639
571705,2011-10-18 15:22,mardi,1043.78,54,491,Autriche,12360
571724,2011-10-19 08:20,mercredi,532.74,36,293,Allemagne,12572
571729,2011-10-19 09:43,mercredi,617.04,5,577,Allemagne,12500
571737,2011-10-19 10:31,mercredi,764.74,35,370,Royaume-Uni,14367
571739,2011-10-19 10:33,mercredi,3.0,1,1,Allemagne,12500
571745,2011-10-19 10:48,mercredi,1588.75,58,711,Irlande,14911
571751,2011-10-19 11:18,mercredi,6068.06,2,2,Autre,12744
571905,2011-10-19 14:51,mercredi,739.28,28,380,Chypre,12370
571906,2011-10-19 14:55,mercredi,14.85,1,3,Royaume-Uni,14297
571913,2011-10-19 15:29,mercredi,1258.37,70,623,Royaume-Uni,18210
571920,2011-10-19 16:16,mercredi,157.7,13,146,Royaume-Uni,14799
571923,2011-10-19 16:24,mercredi,289.22,19,167,France,12685
571935,2011-10-20 08:41,jeudi,103.85,5,31,Royaume-Uni,13890
571937,2011-10-20 09:28,jeudi,2856.14,84,4462,Irlande,14911
572053,2011-10-20 12:28,jeudi,83.2,4,40,Royaume-Uni,14495
572060,2011-10-20 12:52,jeudi,85.68,5,49,Allemagne,12569
572061,2011-10-20 12:53,jeudi,740.41,45,554,Allemagne,12474
572065,2011-10-20 13:06,jeudi,290.81,54,192,Espagne,12556
572069,2011-10-20 13:24,jeudi,765.21,43,491,Irlande,14911
572070,2011-10-20 13:37,jeudi,111.96,2,36,Royaume-Uni,15587
572071,2011-10-20 13:37,jeudi,56.16,1,144,Royaume-Uni,13366
572085,2011-10-20 14:23,jeudi,41.6,1,20,Royaume-Uni,14427
572086,2011-10-20 14:30,jeudi,311.16,17,200,Royaume-Uni,13897
572087,2011-10-20 14:30,jeudi,1056.9,39,530,France,12683
572092,2011-10-20 14:41,jeudi,259.35,40,291,Royaume-Uni,17125
572106,2011-10-20 17:04,jeudi,200.83,14,137,Royaume-Uni,15058
572124,2011-10-21 08:47,vendredi,773.94,9,414,Irlande,14156
572127,2011-10-21 09:20,vendredi,906.09,44,487,Irlande,14911
572133,2011-10-21 10:11,vendredi,300.76,13,179,Belgique,12407
572134,2011-10-21 10:13,vendredi,1096.65,11,201,Allemagne,12500
572184,2011-10-21 10:51,vendredi,427.7,5,96,Danemark,12403
572188,2011-10-21 11:06,vendredi,463.8,6,140,Royaume-Uni,14967
572218,2011-10-21 13:13,vendredi,401.55,23,215,Royaume-Uni,16311
572280,2011-10-23 11:05,dimanche,216.75,62,212,Royaume-Uni,16007
572307,2011-10-23 15:23,dimanche,1205.81,61,529,Royaume-Uni,16905
572320,2011-10-24 08:48,lundi,178.22,5,74,Royaume-Uni,16325
572321,2011-10-24 08:59,lundi,388.58,24,354,Royaume-Uni,15592
572335,2011-10-24 10:27,lundi,399.5,20,172,Royaume-Uni,14493
572399,2011-10-24 11:56,lundi,321.5,16,268,Royaume-Uni,15628
572442,2011-10-24 12:09,lundi,401.3,24,158,Espagne,12546
572457,2011-10-24 12:44,lundi,722.4,24,289,Italie,12594
572459,2011-10-24 12:53,lundi,646.02,16,221,Irlande,14911
572472,2011-10-24 13:34,lundi,415.82,26,510,Royaume-Uni,14139
572483,2011-10-24 13:50,lundi,113.27,14,70,Royaume-Uni,16444
572490,2011-10-24 13:59,lundi,180.27,26,91,Royaume-Uni,14467
572499,2011-10-24 14:10,lundi,1687.46,97,1020,Royaume-Uni,15786
572504,2011-10-24 14:13,lundi,83.9,4,34,Royaume-Uni,15786
572511,2011-10-24 14:29,lundi,454.2,20,141,Royaume-Uni,14895
572528,2011-10-24 15:43,lundi,492.84,72,453,Royaume-Uni,13176
572544,2011-10-24 16:34,lundi,219.12,36,131,Royaume-Uni,16023
572559,2011-10-25 08:44,mardi,448.88,23,292,Allemagne,12476
572560,2011-10-25 08:45,mardi,648.28,11,136,Allemagne,12476
572567,2011-10-25 10:27,mardi,1635.66,85,1394,Suisse,12398
572568,2011-10-25 10:31,mardi,733.94,15,330,Royaume-Uni,14001
572678,2011-10-25 13:46,mardi,121.18,11,201,Royaume-Uni,13182
572683,2011-10-25 13:53,mardi,401.4,7,198,Royaume-Uni,15158
572741,2011-10-25 15:47,mardi,797.2,48,520,Royaume-Uni,14341
572742,2011-10-25 15:48,mardi,245.56,15,174,Royaume-Uni,14341
572753,2011-10-25 17:29,mardi,292.25,22,231,Royaume-Uni,15856
572763,2011-10-26 09:54,mercredi,229.64,15,164,Japon,12812
572770,2011-10-26 10:16,mercredi,360.0,1,9,Suisse,12371
572838,2011-10-26 12:03,mercredi,72.13,7,53,Royaume-Uni,14539
572846,2011-10-26 12:14,mercredi,340.79,26,207,Royaume-Uni,14550
572880,2011-10-26 13:35,mercredi,210.35,54,187,Royaume-Uni,16415
572887,2011-10-26 13:47,mercredi,786.95,33,213,Belgique,12362
572894,2011-10-26 14:39,mercredi,52.0,3,5,Allemagne,12569
572895,2011-10-26 14:39,mercredi,67.74,4,19,Allemagne,12569
572896,2011-10-26 14:41,mercredi,915.64,39,560,Suisse,12456
572908,2011-10-26 15:47,mercredi,278.58,15,106,Royaume-Uni,15835
572911,2011-10-26 16:03,mercredi,575.41,38,289,Royaume-Uni,16345
572925,2011-10-27 09:18,jeudi,228.22,14,136,France,12523
572986,2011-10-27 10:51,jeudi,490.19,23,300,France,12681
572992,2011-10-27 10:57,jeudi,121.92,2,50,France,12681
573028,2011-10-27 13:29,jeudi,193.44,12,78,Royaume-Uni,16847
573036,2011-10-27 13:44,jeudi,263.46,11,78,France,12437
573077,2011-10-27 14:13,jeudi,4161.06,1,1,France,12536
573080,2011-10-27 14:20,jeudi,4161.06,1,1,France,12536
573106,2011-10-27 15:05,jeudi,216.96,13,137,Allemagne,12626
573108,2011-10-27 15:09,jeudi,256.4,11,117,Norvege,12430
573130,2011-10-27 16:41,jeudi,1204.36,63,603,Royaume-Uni,13969
573143,2011-10-27 17:56,jeudi,951.48,26,810,Royaume-Uni,13098
573153,2011-10-28 07:39,vendredi,8895.76,61,5205,France,12678
573173,2011-10-28 10:10,vendredi,499.16,27,168,Belgique,12362
573270,2011-10-28 13:00,vendredi,296.07,18,150,Royaume-Uni,17418
573273,2011-10-28 13:04,vendredi,52.2,1,36,France,12678
573276,2011-10-28 13:14,vendredi,544.1,20,356,Royaume-Uni,13985
573289,2011-10-28 14:44,vendredi,968.45,42,461,Allemagne,12705
573294,2011-10-28 15:32,vendredi,134.28,3,108,Royaume-Uni,14397
573316,2011-10-28 18:07,vendredi,42.5,1,5,France,12657
573333,2011-10-30 11:34,dimanche,454.2,16,198,Suede,12483
573337,2011-10-30 11:42,dimanche,515.1,10,116,Royaume-Uni,17018
573355,2011-10-30 12:43,dimanche,291.28,9,56,Royaume-Uni,15865
573362,2011-10-30 13:06,dimanche,2176.45,116,1484,Espagne,12597
573388,2011-10-30 14:44,dimanche,965.78,30,520,Royaume-Uni,14895
573389,2011-10-30 14:45,dimanche,47.4,1,12,Royaume-Uni,14895
573391,2011-10-30 14:57,dimanche,501.66,21,185,Irlande,14911
573392,2011-10-30 15:04,dimanche,244.34,15,82,Royaume-Uni,15376
573402,2011-10-30 15:44,dimanche,214.74,15,209,France,12494
573403,2011-10-30 15:50,dimanche,55.2,2,24,Royaume-Uni,16506
573425,2011-10-31 10:05,lundi,160.55,9,81,Royaume-Uni,16836
573428,2011-10-31 10:19,lundi,271.26,20,326,France,12571
573442,2011-10-31 10:42,lundi,214.06,7,90,France,12488
573483,2011-10-31 11:32,lundi,305.36,5,184,Royaume-Uni,15793
573511,2011-10-31 12:25,lundi,1294.32,47,676,Autre,12347
573545,2011-10-31 13:12,lundi,171.45,10,76,Royaume-Uni,16969
573546,2011-10-31 13:13,lundi,547.14,27,398,Royaume-Uni,15974
573581,2011-10-31 14:22,lundi,596.91,37,392,Irlande,14911
573588,2011-10-31 15:01,lundi,214.9,10,53,Finlande,12588
573656,2011-10-31 16:02,lundi,462.85,24,148,Belgique,12417
573747,2011-11-01 09:14,mardi,151.3,12,177,Royaume-Uni,13697
573748,2011-11-01 09:24,mardi,1212.67,51,624,Irlande,14911
573776,2011-11-01 10:32,mardi,85.45,5,23,Royaume-Uni,13468
573867,2011-11-01 12:12,mardi,568.6,24,346,France,12674
573892,2011-11-01 13:57,mardi,834.38,44,270,Irlande,14911
573895,2011-11-01 14:01,mardi,43.5,2,101,Royaume-Uni,15423
573901,2011-11-01 14:49,mardi,294.58,22,296,Royaume-Uni,14191
573910,2011-11-01 15:34,mardi,422.1,8,258,Royaume-Uni,13969
573912,2011-11-01 15:48,mardi,37.5,1,30,Royaume-Uni,17888
573927,2011-11-02 09:59,mercredi,282.2,15,72,Royaume-Uni,13890
574012,2011-11-02 11:54,mercredi,400.32,2,1152,Royaume-Uni,12830
574022,2011-11-02 12:20,mercredi,85.92,1,48,Italie,12594
574068,2011-11-02 14:51,mercredi,633.44,22,291,France,12490
574071,2011-11-02 14:57,mercredi,171.23,11,64,Allemagne,12654
574090,2011-11-03 09:17,jeudi,326.87,20,236,Royaume-Uni,17442
574093,2011-11-03 09:43,jeudi,736.55,39,567,France,12437
574097,2011-11-03 09:56,jeudi,725.72,29,377,Allemagne,12471
574100,2011-11-03 10:13,jeudi,147.35,21,104,Royaume-Uni,14098
574104,2011-11-03 10:45,jeudi,656.95,25,376,France,12615
574252,2011-11-03 13:24,jeudi,260.48,10,94,France,12437
574255,2011-11-03 13:44,jeudi,92.25,5,40,Allemagne,12569
574275,2011-11-03 14:37,jeudi,311.73,15,127,Norvege,12352
574326,2011-11-04 08:29,vendredi,310.28,25,381,Royaume-Uni,14913
574329,2011-11-04 09:07,vendredi,477.94,16,210,Belgique,12362
574336,2011-11-04 09:52,vendredi,1195.09,56,559,Belgique,12397
574343,2011-11-04 10:11,vendredi,379.28,26,302,Pologne,12576
574351,2011-11-04 10:37,vendredi,111.57,33,160,Royaume-Uni,17348
574442,2011-11-04 11:40,vendredi,561.28,10,139,Finlande,12704
574502,2011-11-04 13:16,vendredi,111.98,27,79,Royaume-Uni,17274
574550,2011-11-04 15:18,vendredi,738.57,63,327,Espagne,12484
574591,2011-11-06 10:47,dimanche,309.53,17,115,Royaume-Uni,15745
574653,2011-11-06 11:30,dimanche,482.16,14,522,Allemagne,12619
574672,2011-11-06 12:25,dimanche,210.31,66,129,Royaume-Uni,13532
574679,2011-11-06 12:38,dimanche,464.32,14,259,Allemagne,12645
574682,2011-11-06 12:44,dimanche,310.39,67,196,Royaume-Uni,14963
574737,2011-11-06 15:53,dimanche,558.59,27,259,Royaume-Uni,14868
574745,2011-11-07 08:26,lundi,220.64,15,325,Irlande,14911
574838,2011-11-07 11:37,lundi,140.0,1,5,Espagne,12484
574841,2011-11-07 11:42,lundi,397.43,5,30,Irlande,14156
574842,2011-11-07 11:55,lundi,114.75,7,61,Royaume-Uni,13890
574844,2011-11-07 11:57,lundi,222.26,13,89,Portugal,12783
574874,2011-11-07 13:06,lundi,332.36,13,335,Irlande,14911
574920,2011-11-07 16:34,lundi,418.26,20,160,Royaume-Uni,13985
574938,2011-11-07 17:15,lundi,206.9,3,78,Irlande,14911
574958,2011-11-08 10:00,mardi,260.38,17,242,Royaume-Uni,14050
575049,2011-11-08 12:13,mardi,614.32,35,409,France,12721
575067,2011-11-08 12:45,mardi,774.45,24,461,France,12583
575078,2011-11-08 13:25,mardi,320.34,17,146,Royaume-Uni,17633
575144,2011-11-08 15:38,mardi,573.71,24,239,Espagne,12540
575151,2011-11-08 16:12,mardi,263.08,15,129,Belgique,12395
575154,2011-11-08 16:15,mardi,243.47,13,117,Belgique,12395
575169,2011-11-08 17:21,mardi,598.46,22,287,Royaume-Uni,14367
575193,2011-11-09 09:34,mercredi,718.99,38,346,France,12681
575194,2011-11-09 09:38,mercredi,359.46,15,222,Royaume-Uni,16767
575195,2011-11-09 09:40,mercredi,271.36,15,202,Royaume-Uni,16767
575196,2011-11-09 09:41,mercredi,83.2,1,40,Royaume-Uni,16767
575197,2011-11-09 09:42,mercredi,41.08,3,46,Royaume-Uni,16767
575326,2011-11-09 13:47,mercredi,349.83,16,153,France,12532
575334,2011-11-09 13:54,mercredi,475.62,23,256,Royaume-Uni,14493
575352,2011-11-09 14:56,mercredi,449.4,6,87,Allemagne,12504
575485,2011-11-09 17:03,mercredi,175.92,11,88,Royaume-Uni,18274
575486,2011-11-09 17:07,mercredi,826.04,21,580,Irlande,14911
575493,2011-11-10 08:39,jeudi,321.37,15,271,Royaume-Uni,18210
575504,2011-11-10 10:29,jeudi,770.92,34,305,Royaume-Uni,14895
575514,2011-11-10 10:40,jeudi,445.04,24,261,Espagne,12541
575603,2011-11-10 12:29,jeudi,197.85,24,109,Royaume-Uni,18125
575620,2011-11-10 13:01,jeudi,198.39,13,125,Royaume-Uni,17573
575632,2011-11-10 13:44,jeudi,1013.86,3,3,Allemagne,12473
575636,2011-11-10 13:46,jeudi,40.46,1,1,Allemagne,12473
575674,2011-11-10 15:06,jeudi,125.38,7,54,Royaume-Uni,13468
575684,2011-11-10 15:57,jeudi,300.38,6,266,Royaume-Uni,14397
575713,2011-11-10 17:49,jeudi,254.28,15,148,Allemagne,13817
575725,2011-11-10 18:46,jeudi,1955.68,32,1103,Royaume-Uni,13098
575728,2011-11-10 19:40,jeudi,1003.03,48,496,Irlande,14911
575729,2011-11-10 19:49,jeudi,397.06,26,196,Royaume-Uni,17932
575733,2011-11-11 08:33,vendredi,246.01,14,132,Allemagne,13810
575734,2011-11-11 08:39,vendredi,292.58,13,64,Suisse,12384
575735,2011-11-11 08:46,vendredi,370.8,17,153,Irlande,14156
575750,2011-11-11 10:29,vendredi,379.58,9,161,Allemagne,12600
575751,2011-11-11 10:32,vendredi,1674.65,47,840,Irlande,14911
575767,2011-11-11 11:11,vendredi,209.73,58,163,Royaume-Uni,17348
575787,2011-11-11 11:18,vendredi,486.96,30,324,Allemagne,12518
575845,2011-11-11 12:07,vendredi,336.8,14,337,France,12598
575871,2011-11-11 12:52,vendredi,461.32,20,259,Irlande,14911
575884,2011-11-11 13:46,vendredi,413.12,22,203,France,12685
575886,2011-11-11 13:57,vendredi,492.94,76,317,Allemagne,12517
575888,2011-11-11 14:04,vendredi,54.0,1,3,Allemagne,12517
575916,2011-11-11 16:49,vendredi,176.4,2,97,France,12691
575933,2011-11-13 10:41,dimanche,1285.44,8,1200,Irlande,14911
576019,2011-11-13 14:31,dimanche,586.85,37,375,Autriche,12865
576051,2011-11-13 14:45,dimanche,2068.49,69,945,Irlande,14911
576083,2011-11-14 08:22,lundi,1238.48,11,1060,Suede,17404
576141,2011-11-14 10:47,lundi,348.21,23,206,Irlande,14911
576222,2011-11-14 13:02,lundi,411.72,19,322,France,12490
576245,2011-11-14 13:40,lundi,518.12,23,225,France,12553
576246,2011-11-14 13:42,lundi,414.26,65,292,Royaume-Uni,17566
576269,2011-11-14 14:23,lundi,461.59,21,195,Portugal,12762
576300,2011-11-14 14:39,lundi,231.8,61,77,Royaume-Uni,15058
576318,2011-11-14 14:57,lundi,249.15,15,124,Royaume-Uni,15058
576327,2011-11-14 15:19,lundi,243.53,10,72,Allemagne,12476
576345,2011-11-14 15:37,lundi,742.93,33,342,Autriche,12374
576353,2011-11-14 16:17,lundi,458.91,20,299,Royaume-Uni,15050
576371,2011-11-15 08:07,mardi,405.07,18,534,Irlande,14911
576373,2011-11-15 08:43,mardi,332.23,9,40,France,12640
576378,2011-11-15 09:15,mardi,303.93,15,186,Royaume-Uni,15628
576390,2011-11-15 10:13,mardi,130.85,7,56,Allemagne,12569
576520,2011-11-15 12:33,mardi,172.65,30,92,Royaume-Uni,14467
576575,2011-11-15 13:55,mardi,333.69,19,124,Royaume-Uni,16295
576593,2011-11-15 14:48,mardi,598.73,128,281,Royaume-Uni,15720
576595,2011-11-15 14:56,mardi,376.58,8,199,Irlande,14911
576596,2011-11-15 14:57,mardi,107.8,5,52,Irlande,14911
576602,2011-11-15 15:20,mardi,832.58,13,226,Irlande,14156
576603,2011-11-15 15:22,mardi,524.28,29,195,Irlande,14911
576606,2011-11-15 15:33,mardi,274.4,5,112,Royaume-Uni,13410
576607,2011-11-15 15:42,mardi,762.56,43,540,Allemagne,12474
576638,2011-11-16 09:35,mercredi,219.35,13,117,Royaume-Uni,13890
576653,2011-11-16 10:45,mercredi,4391.16,26,2900,Irlande,14156
576669,2011-11-16 11:52,mercredi,77.76,2,25,France,12640
576789,2011-11-16 13:56,mercredi,60.12,5,109,Allemagne,12569
576790,2011-11-16 13:59,mercredi,67.75,2,6,Allemagne,12569
576863,2011-11-16 16:06,mercredi,251.97,13,123,Allemagne,12626
576869,2011-11-16 16:20,mercredi,617.04,5,577,Allemagne,12500
576874,2011-11-16 16:30,mercredi,171.19,10,65,Royaume-Uni,15432
576880,2011-11-16 17:03,mercredi,350.62,18,148,Irlande,14911
576894,2011-11-17 08:35,jeudi,291.86,16,110,France,12681
576897,2011-11-17 08:41,jeudi,743.43,12,186,Autre,17828
576899,2011-11-17 08:49,jeudi,759.48,32,248,Irlande,14911
576909,2011-11-17 09:49,jeudi,1072.12,32,519,Allemagne,12471
576910,2011-11-17 09:51,jeudi,2037.69,45,473,Allemagne,12477
576923,2011-11-17 10:52,jeudi,4808.48,31,2210,Japon,12753
577020,2011-11-17 12:32,jeudi,365.29,16,193,Royaume-Uni,17147
577029,2011-11-17 12:59,jeudi,655.82,50,729,Royaume-Uni,15563
577039,2011-11-17 13:30,jeudi,1050.66,43,446,Espagne,12539
577046,2011-11-17 13:46,jeudi,1342.71,59,524,Belgique,12449
577050,2011-11-17 13:59,jeudi,738.67,36,798,Royaume-Uni,14191
577060,2011-11-17 14:36,jeudi,131.8,4,92,Royaume-Uni,14397
577061,2011-11-17 14:40,jeudi,842.94,45,383,Irlande,14911
577065,2011-11-17 14:46,jeudi,146.35,8,53,Royaume-Uni,13890
577067,2011-11-17 14:49,jeudi,164.72,4,170,Finlande,12704
577068,2011-11-17 14:50,jeudi,9.0,1,30,Royaume-Uni,15563
577069,2011-11-17 14:51,jeudi,69.61,4,13,Finlande,12704
577071,2011-11-17 14:56,jeudi,1166.7,53,481,Royaume-Uni,13969
577121,2011-11-17 18:29,jeudi,800.96,32,514,France,12681
577125,2011-11-17 18:43,jeudi,133.4,4,62,Espagne,12445
577135,2011-11-18 08:56,vendredi,239.72,6,340,Allemagne,12427
577142,2011-11-18 09:19,vendredi,344.51,18,171,Royaume-Uni,13985
577148,2011-11-18 09:43,vendredi,1253.66,9,586,Royaume-Uni,13941
577152,2011-11-18 09:53,vendredi,499.4,24,300,France,14277
577157,2011-11-18 09:58,vendredi,925.64,44,669,Suisse,12451
577161,2011-11-18 10:18,vendredi,280.3,15,120,Royaume-Uni,18210
577178,2011-11-18 11:10,vendredi,177.31,11,96,Italie,12618
577180,2011-11-18 11:27,vendredi,1040.39,17,315,Belgique,12380
577235,2011-11-18 12:09,vendredi,314.85,14,148,Royaume-Uni,14367
577299,2011-11-18 12:52,vendredi,126.0,8,81,Allemagne,12498
577301,2011-11-18 12:53,vendredi,30.45,2,9,Allemagne,12498
577308,2011-11-18 13:14,vendredi,295.88,17,120,Royaume-Uni,15088
577312,2011-11-18 13:18,vendredi,738.18,37,422,Royaume-Uni,17049
577316,2011-11-18 13:30,vendredi,1185.85,44,448,Italie,12578
577322,2011-11-18 13:45,vendredi,72.0,1,200,Royaume-Uni,17888
577333,2011-11-18 14:40,vendredi,370.14,17,130,Royaume-Uni,14868
577344,2011-11-18 15:14,vendredi,198.6,10,93,France,12437
577355,2011-11-18 15:53,vendredi,785.56,44,296,Irlande,14911
577357,2011-11-18 15:54,vendredi,867.64,13,356,Royaume-Uni,13098
577429,2011-11-20 11:06,dimanche,255.4,17,316,Royaume-Uni,14881
577476,2011-11-20 11:31,dimanche,888.27,27,400,Espagne,12540
577479,2011-11-20 11:34,dimanche,917.54,41,440,Irlande,14911
577494,2011-11-20 12:17,dimanche,35.1,1,18,Royaume-Uni,16506
577497,2011-11-20 12:22,dimanche,287.81,57,193,Royaume-Uni,17555
577502,2011-11-20 12:34,dimanche,576.29,26,221,France,12598
577503,2011-11-20 12:34,dimanche,236.3,46,86,Royaume-Uni,18110
577508,2011-11-20 12:45,dimanche,185.34,34,109,Royaume-Uni,18127
577512,2011-11-20 12:55,dimanche,262.42,13,77,France,12523
577523,2011-11-20 13:33,dimanche,205.96,12,77,Espagne,12597
577524,2011-11-20 13:33,dimanche,546.64,51,320,Royaume-Uni,16905
577525,2011-11-20 13:37,dimanche,161.35,7,133,Royaume-Uni,16905
577528,2011-11-20 13:45,dimanche,177.31,9,63,Royaume-Uni,15745
577532,2011-11-20 14:01,dimanche,118.98,32,233,Royaume-Uni,16666
577534,2011-11-20 14:05,dimanche,23.79,5,51,Royaume-Uni,18127
577543,2011-11-20 14:40,dimanche,285.56,20,182,Royaume-Uni,17636
577551,2011-11-20 15:21,dimanche,265.83,15,125,Belgique,12395
577607,2011-11-21 09:21,lundi,95.4,1,12,Irlande,14911
577613,2011-11-21 10:02,lundi,805.2,50,614,Irlande,14911
577618,2011-11-21 10:27,lundi,430.48,14,68,Portugal,12795
577687,2011-11-21 11:16,lundi,397.72,16,271,France,12583
577698,2011-11-21 12:05,lundi,320.89,34,318,Royaume-Uni,14963
577732,2011-11-21 13:09,lundi,569.92,12,481,Royaume-Uni,15093
577733,2011-11-21 13:10,lundi,149.47,19,138,Royaume-Uni,15163
577755,2011-11-21 14:49,lundi,195.36,11,118,Royaume-Uni,17010
577776,2011-11-21 16:02,lundi,32.65,3,3,Allemagne,12504
577784,2011-11-21 16:24,lundi,119.66,8,147,Royaume-Uni,13862
577785,2011-11-21 16:25,lundi,701.97,53,532,Royaume-Uni,16369
577793,2011-11-21 16:40,lundi,135.43,9,69,Royaume-Uni,13468
577808,2011-11-22 08:28,mardi,75.0,3,44,Royaume-Uni,13403
577811,2011-11-22 08:54,mardi,214.71,14,179,Royaume-Uni,16311
577813,2011-11-22 09:06,mardi,580.38,26,458,Royaume-Uni,14297
577814,2011-11-22 09:16,mardi,120.06,9,122,Royaume-Uni,15106
577825,2011-11-22 09:42,mardi,144.72,10,59,Royaume-Uni,17453
577850,2011-11-22 11:04,mardi,1136.96,63,870,Irlande,14911
577856,2011-11-22 11:19,mardi,357.88,13,186,France,12490
578004,2011-11-22 12:38,mardi,108.4,11,88,Royaume-Uni,17155
578009,2011-11-22 12:48,mardi,114.14,19,58,Royaume-Uni,14467
578024,2011-11-22 13:27,mardi,639.2,36,341,Allemagne,12705
578033,2011-11-22 13:42,mardi,585.75,28,175,France,12656
578038,2011-11-22 14:10,mardi,346.14,9,186,Royaume-Uni,14251
578043,2011-11-22 14:39,mardi,416.17,23,221,Allemagne,12474
578054,2011-11-22 14:59,mardi,616.0,10,239,Irlande,14911
578078,2011-11-22 16:24,mardi,196.94,11,79,Italie,12586
578079,2011-11-22 16:26,mardi,466.18,23,198,Royaume-Uni,13985
578082,2011-11-22 16:33,mardi,221.36,14,137,Pays-Bas,12775
578084,2011-11-22 16:34,mardi,301.25,21,185,Belgique,12465
578089,2011-11-22 17:02,mardi,406.72,6,120,Suede,12483
578093,2011-11-22 17:21,mardi,302.24,17,376,Irlande,14911
578094,2011-11-22 17:23,mardi,184.4,23,64,Royaume-Uni,16261
578104,2011-11-23 08:43,mercredi,308.46,15,90,Royaume-Uni,13969
578105,2011-11-23 08:47,mercredi,177.33,8,60,Irlande,14911
578108,2011-11-23 09:20,mercredi,385.06,13,526,Italie,14912
578120,2011-11-23 10:21,mercredi,381.2,21,252,Royaume-Uni,14493
578277,2011-11-23 13:51,mercredi,329.12,25,212,France,12723
578287,2011-11-23 14:01,mercredi,19.26,3,7,France,12723
578295,2011-11-23 14:39,mercredi,204.3,7,74,Allemagne,12569
578298,2011-11-23 14:52,mercredi,398.7,17,461,Allemagne,12619
578331,2011-11-24 08:44,jeudi,207.14,10,143,Irlande,14911
578333,2011-11-24 08:50,jeudi,332.96,12,202,Allemagne,12471
578339,2011-11-24 09:07,jeudi,178.48,9,77,Espagne,12421
578348,2011-11-24 09:34,jeudi,162.5,11,134,France,12494
578349,2011-11-24 09:50,jeudi,465.35,25,375,Royaume-Uni,14539
578362,2011-11-24 10:39,jeudi,1082.14,22,551,Royaume-Uni,12913
578425,2011-11-24 12:01,jeudi,72.0,1,4,Allemagne,12705
578459,2011-11-24 12:30,jeudi,286.4,8,224,Australie,12388
578469,2011-11-24 12:36,jeudi,590.32,13,260,Allemagne,12471
578472,2011-11-24 12:40,jeudi,1750.46,59,591,Allemagne,12476
578488,2011-11-24 12:53,jeudi,518.42,58,298,Portugal,12784
578509,2011-11-24 13:17,jeudi,183.5,11,131,Allemagne,12705
578530,2011-11-24 14:37,jeudi,301.14,10,138,Royaume-Uni,14251
578541,2011-11-24 15:01,jeudi,2079.37,126,825,France,14277
578662,2011-11-24 16:51,jeudi,159.23,23,41,Royaume-Uni,17516
578689,2011-11-25 09:31,vendredi,353.61,4,177,Royaume-Uni,15793
578696,2011-11-25 10:02,vendredi,721.34,32,336,Royaume-Uni,13985
578698,2011-11-25 10:20,vendredi,400.09,35,441,France,12620
578705,2011-11-25 11:12,vendredi,125.22,17,45,Allemagne,12531
578719,2011-11-25 11:25,vendredi,177.61,38,175,Royaume-Uni,17348
578736,2011-11-25 11:33,vendredi,706.5,15,318,France,12681
578792,2011-11-25 12:20,vendredi,293.79,6,92,Irlande,14911
578794,2011-11-25 12:24,vendredi,208.04,17,110,Royaume-Uni,17232
578811,2011-11-25 13:28,vendredi,2016.78,49,594,Norvege,12438
578926,2011-11-27 12:24,dimanche,528.71,85,228,Royaume-Uni,18156
578941,2011-11-27 13:26,dimanche,251.24,64,398,Royaume-Uni,16024
578994,2011-11-27 15:44,dimanche,829.91,22,225,Irlande,14911
579069,2011-11-28 10:31,lundi,1073.23,59,605,Irlande,14911
579094,2011-11-28 10:56,lundi,882.68,38,300,Allemagne,12668
579102,2011-11-28 11:33,lundi,805.6,43,340,Irlande,14911
579128,2011-11-28 12:30,lundi,161.4,5,102,Royaume-Uni,14397
579134,2011-11-28 12:38,lundi,499.56,22,330,Royaume-Uni,13115
579152,2011-11-28 13:26,lundi,527.2,31,385,Allemagne,12479
579153,2011-11-28 13:26,lundi,245.1,13,127,France,12660
579173,2011-11-28 14:37,lundi,127.86,15,161,Royaume-Uni,17359
579190,2011-11-28 15:35,lundi,491.12,9,390,France,12657
579193,2011-11-28 15:47,lundi,491.12,9,390,France,12657
579259,2011-11-29 08:40,mardi,262.5,15,151,Suisse,12451
579269,2011-11-29 09:48,mardi,213.96,7,168,Royaume-Uni,14601
579276,2011-11-29 10:10,mardi,93.0,5,49,Allemagne,12654
579345,2011-11-29 11:46,mardi,643.0,23,342,France,12727
579391,2011-11-29 12:07,mardi,490.68,13,380,Royaume-Uni,14251
579393,2011-11-29 12:07,mardi,566.98,29,309,Allemagne,12627
579401,2011-11-29 12:12,mardi,424.83,22,187,Royaume-Uni,14550
579416,2011-11-29 13:00,mardi,604.86,12,233,Allemagne,12471
579419,2011-11-29 13:01,mardi,94.02,6,48,Allemagne,12471
579503,2011-11-29 16:23,mardi,170.74,31,117,Espagne,17097
579515,2011-11-29 17:23,mardi,370.13,19,238,Royaume-Uni,14191
579524,2011-11-30 08:17,mercredi,302.56,17,134,Royaume-Uni,16295
579527,2011-11-30 08:43,mercredi,441.04,18,270,Royaume-Uni,18210
579528,2011-11-30 08:44,mercredi,119.0,4,51,Pays-Bas,12787
579529,2011-11-30 08:50,mercredi,531.21,27,270,France,12488
579539,2011-11-30 10:06,mercredi,350.97,18,100,Irlande,14911
579545,2011-11-30 10:18,mercredi,931.46,18,515,Royaume-Uni,13098
579553,2011-11-30 10:54,mercredi,760.71,31,354,Irlande,14156
579629,2011-11-30 12:16,mercredi,248.17,28,227,Royaume-Uni,14963
579634,2011-11-30 12:18,mercredi,163.85,11,147,France,12598
579741,2011-11-30 14:33,mercredi,163.59,68,95,Royaume-Uni,16910
579747,2011-11-30 14:40,mercredi,371.6,12,151,Allemagne,12528
579768,2011-11-30 15:08,mercredi,482.96,9,133,Irlande,14911
579790,2011-11-30 15:38,mercredi,56.0,1,2,Portugal,12784
579870,2011-11-30 16:47,mercredi,292.41,14,99,France,12437
579881,2011-11-30 17:22,mercredi,905.52,27,512,Danemark,12429
579901,2011-12-01 08:35,jeudi,208.19,10,88,Allemagne,12569
579910,2011-12-01 08:52,jeudi,367.75,15,132,Irlande,14911
579927,2011-12-01 09:20,jeudi,487.68,24,159,Allemagne,12572
580028,2011-12-01 12:11,jeudi,154.45,11,93,Royaume-Uni,13890
580058,2011-12-01 13:19,jeudi,633.53,23,333,Royaume-Uni,14367
580092,2011-12-01 14:38,jeudi,1121.79,61,586,Royaume-Uni,13969
580120,2011-12-01 16:38,jeudi,277.02,10,169,France,12553
580127,2011-12-01 17:51,jeudi,309.2,19,257,Irlande,14911
580137,2011-12-01 19:54,jeudi,486.95,87,226,Royaume-Uni,17566
580140,2011-12-02 09:19,vendredi,849.24,42,421,Royaume-Uni,14895
580141,2011-12-02 09:22,vendredi,25.2,1,12,Royaume-Uni,14895
580142,2011-12-02 09:23,vendredi,51.18,3,22,Royaume-Uni,14895
580153,2011-12-02 10:23,vendredi,1436.93,48,1032,Portugal,12762
580154,2011-12-02 10:24,vendredi,67.0,4,9,Allemagne,12569
580208,2011-12-02 12:07,vendredi,156.4,9,48,Royaume-Uni,13468
580265,2011-12-02 12:47,vendredi,144.0,4,51,Finlande,12587
580281,2011-12-02 13:15,vendredi,198.76,5,81,Finlande,12704
580285,2011-12-02 13:22,vendredi,85.1,3,14,France,12695
580289,2011-12-02 13:32,vendredi,844.78,32,457,Royaume-Uni,15856
580292,2011-12-02 13:37,vendredi,264.99,5,109,Royaume-Uni,15856
580306,2011-12-02 14:29,vendredi,435.0,22,196,Royaume-Uni,14250
580308,2011-12-02 14:30,vendredi,240.22,15,138,Royaume-Uni,14250
580314,2011-12-02 15:11,vendredi,20.11,6,55,Royaume-Uni,13969
580357,2011-12-02 16:07,vendredi,945.13,26,544,Royaume-Uni,15856
580360,2011-12-02 16:14,vendredi,515.7,27,278,Royaume-Uni,14493
580361,2011-12-02 16:25,vendredi,15.0,1,12,Royaume-Uni,14865
580394,2011-12-04 10:53,dimanche,207.76,6,152,Royaume-Uni,14397
580509,2011-12-04 13:45,dimanche,361.35,21,212,France,12719
580511,2011-12-04 13:54,dimanche,697.7,28,290,Allemagne,12560
580512,2011-12-04 13:55,dimanche,389.62,19,180,Allemagne,12673
580514,2011-12-04 14:01,dimanche,334.7,26,159,Royaume-Uni,16905
580527,2011-12-04 15:19,dimanche,374.37,115,269,Royaume-Uni,13736
580528,2011-12-04 15:28,dimanche,773.54,30,534,Irlande,14911
580531,2011-12-04 15:47,dimanche,92.55,4,34,Allemagne,12569
580532,2011-12-04 15:54,dimanche,587.92,6,248,Royaume-Uni,13098
580533,2011-12-04 15:55,dimanche,96.3,1,18,Royaume-Uni,13098
580536,2011-12-04 16:07,dimanche,462.3,26,255,France,12490
580548,2011-12-05 09:41,lundi,69.0,4,7,Allemagne,12569
580555,2011-12-05 10:18,lundi,512.0,13,185,Irlande,14911
580557,2011-12-05 10:19,lundi,75.4,4,34,Irlande,14911
580559,2011-12-05 10:24,lundi,202.95,9,96,Royaume-Uni,15628
580630,2011-12-05 12:11,lundi,535.1,13,523,Royaume-Uni,12913
580640,2011-12-05 12:51,lundi,186.8,92,147,Royaume-Uni,16910
580662,2011-12-05 13:58,lundi,479.58,7,334,Royaume-Uni,15856
580666,2011-12-05 14:06,lundi,81.6,1,32,Royaume-Uni,15856
580685,2011-12-05 15:16,lundi,347.6,16,216,Royaume-Uni,17676
580704,2011-12-05 16:26,lundi,238.0,1,40,Suede,17404
580705,2011-12-05 16:28,lundi,712.48,34,472,France,12683
580706,2011-12-05 16:31,lundi,85.0,1,5,France,12683
580722,2011-12-05 17:06,lundi,147.56,5,74,Royaume-Uni,13985
580723,2011-12-05 17:09,lundi,494.62,33,407,Royaume-Uni,15856
580734,2011-12-06 08:46,mardi,718.43,22,267,Portugal,12766
580756,2011-12-06 10:19,mardi,77.28,5,25,France,12723
580822,2011-12-06 11:33,mardi,114.61,24,299,Royaume-Uni,17884
580955,2011-12-06 14:22,mardi,172.06,12,182,Espagne,12442
580962,2011-12-06 14:40,mardi,59.66,4,28,Royaume-Uni,17119
580963,2011-12-06 14:49,mardi,390.09,13,145,Royaume-Uni,14868
580965,2011-12-06 14:52,mardi,369.73,20,175,Belgique,12417
580979,2011-12-06 15:40,mardi,529.04,30,221,Belgique,12362
580986,2011-12-06 16:34,mardi,314.44,20,254,France,12650
581001,2011-12-07 08:07,mercredi,694.77,19,312,France,12583
581003,2011-12-07 08:38,mercredi,1273.15,63,817,Irlande,14911
581006,2011-12-07 08:45,mercredi,1186.78,52,609,Irlande,14911
581011,2011-12-07 09:22,mercredi,221.44,6,176,Royaume-Uni,14397
581034,2011-12-07 10:48,mercredi,396.0,20,234,Royaume-Uni,17049
581098,2011-12-07 11:42,mercredi,1396.96,51,572,Irlande,14911
581116,2011-12-07 12:21,mercredi,213.48,19,93,Royaume-Uni,17232
581171,2011-12-07 15:02,mercredi,422.85,20,249,France,12615
581179,2011-12-07 15:43,mercredi,2238.51,38,890,Allemagne,12471
581180,2011-12-07 15:52,mercredi,224.82,11,192,Autre,12347
581182,2011-12-07 15:56,mercredi,400.58,17,142,Portugal,12783
581183,2011-12-07 16:24,mercredi,151.38,10,138,Allemagne,12569
581184,2011-12-07 16:24,mercredi,106.9,5,24,Allemagne,12569
581193,2011-12-07 17:05,mercredi,144.15,53,92,Espagne,17097
581214,2011-12-08 08:32,jeudi,482.28,10,224,Royaume-Uni,14251
581218,2011-12-08 09:23,jeudi,426.12,32,476,Royaume-Uni,14191
581232,2011-12-08 10:26,jeudi,683.2,7,148,Autriche,12358
581236,2011-12-08 10:39,jeudi,124.54,9,186,Royaume-Uni,13468
581251,2011-12-08 11:02,jeudi,177.9,11,52,Royaume-Uni,18210
581279,2011-12-08 11:35,jeudi,165.9,3,21,France,12437
581377,2011-12-08 12:44,jeudi,344.17,14,151,Royaume-Uni,14138
581410,2011-12-08 14:14,jeudi,1681.54,25,1069,Royaume-Uni,13098
581424,2011-12-08 15:29,jeudi,154.05,9,63,Royaume-Uni,13890
581427,2011-12-08 15:36,jeudi,207.7,12,70,Royaume-Uni,13890
581433,2011-12-08 15:54,jeudi,1084.14,72,806,Irlande,14911
581493,2011-12-09 10:10,vendredi,208.64,17,203,Belgique,12423
581494,2011-12-09 10:13,vendredi,339.14,18,188,Allemagne,12518
581578,2011-12-09 12:16,vendredi,848.55,38,508,Allemagne,12713
581587,2011-12-09 12:50,vendredi,267.45,16,106,France,12680
